{"stats":{"minecraft:used":{"minecraft:oak_trapdoor":2,"minecraft:stone_pickaxe":3,"minecraft:oak_planks":87,"minecraft:wooden_pickaxe":24,"minecraft:chest":5,"minecraft:birch_boat":2,"minecraft:wooden_shovel":25,"minecraft:cobblestone_slab":15,"minecraft:torch":6,"minecraft:dirt":23,"minecraft:oak_slab":67,"minecraft:crafting_table":1,"minecraft:mushroom_stew":1,"minecraft:wooden_axe":44,"minecraft:birch_slab":6,"minecraft:birch_trapdoor":2,"minecraft:oak_sapling":2},"minecraft:custom":{"minecraft:mob_kills":11,"minecraft:interact_with_crafting_table":15,"minecraft:leave_game":7,"minecraft:time_since_death":35705,"minecraft:time_since_rest":35736,"minecraft:sprint_one_cm":19470,"minecraft:damage_taken":4890,"minecraft:walk_one_cm":41172,"minecraft:damage_dealt":903,"minecraft:fly_one_cm":17431,"minecraft:player_kills":2,"minecraft:open_chest":46,"minecraft:crouch_one_cm":30535,"minecraft:play_time":36853,"minecraft:deaths":7,"minecraft:sneak_time":9141,"minecraft:boat_one_cm":11696,"minecraft:jump":130,"minecraft:total_world_time":36853,"minecraft:fall_one_cm":36907},"minecraft:picked_up":{"minecraft:birch_log":17,"minecraft:feather":1,"minecraft:chicken":3,"minecraft:clay_ball":108,"minecraft:birch_slab":5,"minecraft:andesite":1,"minecraft:leather":1,"minecraft:oak_log":37,"minecraft:dirt":117,"minecraft:beef":3,"minecraft:melon_slice":14,"minecraft:chest":11,"minecraft:oak_planks":9,"minecraft:oak_slab":4,"minecraft:raw_iron":2,"minecraft:pumpkin":4,"minecraft:porkchop":6,"minecraft:granite":1,"minecraft:mutton":1,"minecraft:coal":2,"minecraft:white_wool":1,"minecraft:cobblestone":28},"minecraft:killed":{"minecraft:pig":3,"minecraft:sheep":1,"minecraft:chicken":4,"minecraft:cow":2},"minecraft:crafted":{"minecraft:oak_planks":136,"minecraft:oak_slab":66,"minecraft:wooden_shovel":1,"minecraft:cobblestone_slab":24,"minecraft:crafting_table":1,"minecraft:wooden_pickaxe":1,"minecraft:birch_boat":2,"minecraft:bowl":4,"minecraft:birch_slab":6,"minecraft:birch_planks":28,"minecraft:stone_axe":1,"minecraft:oak_trapdoor":2,"minecraft:stick":12,"minecraft:wooden_axe":1,"minecraft:stone_pickaxe":1,"minecraft:birch_trapdoor":2,"minecraft:torch":8},"minecraft:mined":{"minecraft:podzol":15,"minecraft:oak_slab":5,"minecraft:clay":27,"minecraft:grass_block":92,"minecraft:melon":4,"minecraft:chest":11,"minecraft:birch_slab":6,"minecraft:oak_planks":12,"minecraft:birch_log":17,"minecraft:iron_ore":2,"minecraft:fire":10,"minecraft:andesite":1,"minecraft:pumpkin":4,"minecraft:oak_log":37,"minecraft:coal_ore":2,"minecraft:dirt":16,"minecraft:stone":16}},"DataVersion":3120}