{"stats":{"minecraft:crafted":{"minecraft:oak_planks":152,"iceandfire:armor_silver_boots":1,"minecraft:dark_oak_boat":1,"minecraft:bookshelf":13,"minecraft:iron_boots":1,"minecraft:chest":1,"sophisticatedbackpacks:backpack":1,"minecraft:crafting_table":5,"minecraft:wooden_pickaxe":1,"minecraft:iron_helmet":1,"minecraft:gold_block":24,"minecraft:dark_oak_slab":6,"iceandfire:armor_blue_leggings":1,"minecraft:shield":1,"sophisticatedbackpacks:diamond_backpack":1,"minecraft:stick":16,"minecraft:iron_ingot":16,"minecraft:iron_block":31,"minecraft:gold_ingot":12,"minecraft:cherry_planks":4,"iceandfire:armor_blue_chestplate":1,"minecraft:furnace":2,"minecraft:iron_axe":2,"minecraft:stone_pickaxe":1,"minecraft:dark_oak_planks":12,"minecraft:wheat":252,"sophisticatedbackpacks:iron_backpack":1,"minecraft:cooked_cod":4,"minecraft:iron_sword":1,"sophisticatedbackpacks:gold_backpack":1,"minecraft:enchanted_book":3,"minecraft:bread":64,"minecraft:air":0,"minecraft:iron_leggings":1,"minecraft:acacia_planks":40,"minecraft:torch":44,"iceandfire:armor_silver_helmet":1},"minecraft:broken":{"minecraft:iron_boots":1,"minecraft:iron_sword":1},"minecraft:dropped":{"minecraft:iron_sword":1,"minecraft:dark_oak_stairs":3,"minecraft:oak_log":31,"minecraft:glass_bottle":2,"minecraft:decorated_pot":1,"minecraft:dark_oak_slab":6,"minecraft:leather":1,"minecraft:mossy_stone_brick_stairs":2,"minecraft:leather_helmet":1,"minecraft:red_mushroom":5,"minecraft:emerald":1,"minecraft:cobblestone_stairs":2,"minecraft:dirt":35,"minecraft:packed_mud":2,"minecraft:stone_button":3,"minecraft:dark_oak_fence":1,"minecraft:cornflower":1,"gravestone:obituary":4,"minecraft:gold_nugget":4,"minecraft:bone":11,"minecraft:oak_door":1,"minecraft:gravel":6,"minecraft:rotten_flesh":25,"minecraft:oak_planks":2,"minecraft:white_bed":1,"minecraft:leather_chestplate":2,"minecraft:spruce_slab":2,"minecraft:iron_bars":2,"minecraft:stone_brick_stairs":1,"minecraft:bread":2,"minecraft:wheat_seeds":13,"minecraft:mossy_cobblestone":1,"minecraft:poisonous_potato":3,"minecraft:oak_fence":1,"minecraft:feather":5,"minecraft:andesite_wall":2,"minecraft:copper_ingot":5,"minecraft:spruce_stairs":7,"minecraft:stick":2,"minecraft:oak_stairs":5,"minecraft:mossy_cobblestone_stairs":1,"minecraft:tripwire_hook":1,"minecraft:acacia_planks":1,"minecraft:bowl":2,"minecraft:iron_boots":1,"minecraft:stripped_oak_log":1,"minecraft:oak_sign":2,"minecraft:shield":2,"minecraft:diamond_chestplate":1,"minecraft:iron_chestplate":2,"minecraft:andesite":2,"minecraft:mossy_stone_bricks":11,"minecraft:oak_sapling":1,"minecraft:stone_bricks":8,"minecraft:wooden_pickaxe":2},"minecraft:mined":{"minecraft:dark_oak_planks":8,"minecraft:stone_pressure_plate":1,"minecraft:spruce_planks":2,"minecraft:white_bed":4,"minecraft:cherry_log":1,"minecraft:granite":1,"minecraft:acacia_log":10,"minecraft:grass_block":17,"minecraft:composter":2,"minecraft:hopper":7,"minecraft:nether_wart":1,"minecraft:chiseled_stone_bricks":1,"minecraft:spawner":53,"minecraft:mossy_cobblestone_stairs":11,"minecraft:iron_ore":24,"minecraft:cobbled_deepslate":4,"minecraft:fire":30,"minecraft:fletching_table":1,"minecraft:dark_oak_stairs":4,"minecraft:enchanting_table":2,"minecraft:skeleton_wall_skull":1,"iceandfire:gold_pile":47,"minecraft:water_cauldron":1,"minecraft:oak_stairs":5,"minecraft:iron_bars":16,"minecraft:spruce_slab":3,"minecraft:tripwire":3,"minecraft:brown_mushroom":4,"minecraft:smoker":1,"minecraft:clay":1,"minecraft:blast_furnace":4,"minecraft:mushroom_stem":4,"minecraft:wither_skeleton_wall_skull":2,"minecraft:cobblestone":63,"minecraft:sugar_cane":1,"minecraft:grindstone":3,"minecraft:damaged_anvil":1,"minecraft:oak_planks":1,"minecraft:bricks":2,"minecraft:iron_door":1,"minecraft:pink_petals":2,"minecraft:dark_oak_slab":11,"minecraft:wheat":22,"minecraft:stone_brick_stairs":6,"minecraft:grass":72,"minecraft:oak_log":31,"minecraft:loom":1,"minecraft:dirt":43,"minecraft:tripwire_hook":2,"minecraft:red_mushroom_block":18,"minecraft:netherrack":1,"minecraft:oak_leaves":4,"minecraft:tuff":2,"minecraft:mossy_cobblestone":13,"minecraft:candle":2,"minecraft:oak_door":1,"minecraft:gray_stained_glass_pane":4,"minecraft:dark_oak_fence":1,"gravestone:gravestone":2,"minecraft:spruce_fence":9,"minecraft:jungle_planks":18,"iceandfire:dragon_ice":1,"minecraft:hay_block":60,"minecraft:furnace":2,"minecraft:packed_mud":1,"minecraft:andesite":2,"minecraft:mossy_stone_brick_stairs":5,"minecraft:bookshelf":40,"minecraft:vine":18,"minecraft:stone":124,"minecraft:smithing_table":2,"minecraft:acacia_leaves":4,"minecraft:stripped_dark_oak_log":1,"minecraft:stone_brick_slab":4,"minecraft:oak_fence":1,"minecraft:crafting_table":1,"minecraft:lectern":2,"minecraft:andesite_wall":1,"minecraft:tall_grass":9,"minecraft:spruce_stairs":5,"minecraft:brick_slab":1,"minecraft:jungle_fence":1,"minecraft:coal_ore":13,"minecraft:cherry_leaves":3,"minecraft:flower_pot":2,"minecraft:gravel":24,"minecraft:dripstone_block":1,"minecraft:lodestone":1,"minecraft:cobweb":1,"minecraft:cracked_stone_bricks":13,"minecraft:stone_bricks":41,"minecraft:mossy_stone_bricks":16,"minecraft:chipped_anvil":1,"minecraft:deepslate_emerald_ore":1,"minecraft:fern":1},"minecraft:picked_up":{"minecraft:iron_chestplate":1,"minecraft:wheat":15,"minecraft:flower_pot":4,"minecraft:oak_stairs":11,"minecraft:enchanted_book":1,"minecraft:potion":3,"minecraft:brain_coral_block":2,"minecraft:stone_brick_stairs":4,"minecraft:string":19,"minecraft:oak_sign":2,"minecraft:gold_nugget":558,"minecraft:cobbled_deepslate":2,"minecraft:spruce_planks":5,"minecraft:iron_pickaxe":1,"minecraft:furnace":2,"iceandfire:dragonscales_red":2,"minecraft:stick":6,"minecraft:oak_fence":1,"minecraft:torch":17,"minecraft:acacia_log":10,"minecraft:spruce_stairs":8,"minecraft:porkchop":4,"minecraft:cherry_log":1,"minecraft:andesite_wall":3,"minecraft:rotten_flesh":49,"iceandfire:fire_dragon_heart":3,"minecraft:obsidian":19,"minecraft:iron_bars":11,"minecraft:cobblestone":199,"minecraft:enchanting_table":2,"minecraft:pink_petals":3,"minecraft:leather_chestplate":1,"minecraft:feather":5,"minecraft:cooked_beef":6,"minecraft:iron_door":1,"minecraft:andesite":2,"minecraft:smoker":1,"minecraft:flint":3,"minecraft:tuff":2,"minecraft:wither_skeleton_skull":2,"minecraft:dirt":65,"minecraft:leather_boots":1,"minecraft:bone":52,"minecraft:chipped_anvil":1,"minecraft:acacia_planks":3,"minecraft:bow":3,"minecraft:wheat_seeds":76,"minecraft:grindstone":1,"minecraft:mossy_stone_bricks":14,"minecraft:oak_planks":5,"minecraft:mossy_stone_brick_stairs":2,"iceandfire:dragon_skull_fire":1,"minecraft:jungle_planks":16,"minecraft:dark_oak_log":3,"minecraft:mossy_cobblestone":11,"waystones:waystone":3,"minecraft:lever":3,"iceandfire:dragon_ice":4,"minecraft:granite":1,"minecraft:bread":1,"minecraft:emerald":16,"minecraft:oak_sapling":1,"iceandfire:silver_nugget":2,"minecraft:dark_oak_fence":1,"minecraft:bricks":2,"iceandfire:dragon_skull_lightning":1,"minecraft:charcoal":2,"minecraft:crafting_table":1,"minecraft:nether_wart":1,"iceandfire:witherbone":2,"minecraft:ladder":1,"minecraft:clay_ball":4,"minecraft:leather_leggings":1,"minecraft:turtle_helmet":1,"minecraft:brown_mushroom":4,"minecraft:wooden_pickaxe":1,"gravestone:obituary":1,"minecraft:cornflower":1,"minecraft:iron_axe":1,"minecraft:cracked_stone_bricks":10,"minecraft:candle":8,"improvableskills:scroll_normal":1,"minecraft:echo_shard":3,"minecraft:beef":19,"minecraft:iron_nugget":9,"minecraft:spruce_slab":8,"minecraft:lectern":2,"minecraft:sugar_cane":3,"iceandfire:ice_dragon_heart":3,"minecraft:egg":1,"iceandfire:dragonscales_gray":38,"minecraft:raw_iron":25,"iceandfire:dragonbone":70,"minecraft:oak_door":2,"minecraft:spruce_fence":10,"minecraft:stone_button":3,"minecraft:trident":1,"minecraft:redstone":1,"minecraft:dark_oak_planks":8,"iceandfire:dragon_skull_ice":4,"minecraft:arrow":68,"minecraft:decorated_pot":1,"iceandfire:dragonscales_silver":18,"minecraft:hay_block":59,"minecraft:stripped_dark_oak_wood":2,"sophisticatedbackpacks:copper_backpack":1,"minecraft:mutton":12,"minecraft:skeleton_skull":1,"minecraft:white_wool":7,"minecraft:stripped_oak_log":1,"minecraft:tripwire_hook":4,"minecraft:salmon":1,"minecraft:leather":13,"minecraft:jungle_fence":1,"minecraft:red_mushroom":10,"minecraft:packed_mud":2,"minecraft:oak_log":69,"minecraft:golden_boots":1,"minecraft:gunpowder":4,"minecraft:cobblestone_stairs":2,"scalinghealth:heart_crystal":1,"iceandfire:dragonscales_blue":30,"minecraft:stone_bricks":47,"iceandfire:fire_dragon_flesh":17,"minecraft:iron_sword":1,"minecraft:dark_oak_stairs":5,"minecraft:book":120,"minecraft:scaffolding":1,"minecraft:dark_oak_slab":11,"minecraft:chiseled_stone_bricks":5,"minecraft:stone_brick_slab":5,"iceandfire:ash":1,"minecraft:gravel":22,"minecraft:blast_furnace":3,"minecraft:white_bed":4,"minecraft:leather_helmet":1,"minecraft:brick_slab":1,"minecraft:stone_axe":1,"minecraft:mossy_cobblestone_stairs":5,"iceandfire:ice_dragon_flesh":12,"minecraft:lodestone":1,"minecraft:damaged_anvil":1,"minecraft:stripped_dark_oak_log":1,"minecraft:coal":23,"minecraft:hopper":7},"minecraft:killed":{"minecraft:cave_spider":3,"minecraft:witch":4,"minecraft:spider":19,"minecraft:skeleton":32,"minecraft:bee":1,"minecraft:pig":2,"minecraft:zombie_villager":6,"minecraft:salmon":1,"minecraft:creeper":2,"minecraft:sheep":7,"minecraft:pillager":21,"minecraft:zombie":49,"minecraft:stray":7,"minecraft:cow":9,"minecraft:vindicator":5,"iceandfire:fire_dragon":4,"minecraft:drowned":8,"iceandfire:cyclops":1,"iceandfire:ice_dragon":2,"minecraft:wither_skeleton":2},"minecraft:used":{"iceandfire:dragon_skull_ice":1,"minecraft:diamond_hoe":28,"minecraft:shield":63,"minecraft:iron_sword":796,"minecraft:rotten_flesh":2,"minecraft:jungle_planks":1,"minecraft:carrot":6,"minecraft:dark_oak_slab":6,"minecraft:stone_bricks":18,"minecraft:bow":196,"minecraft:dark_oak_boat":1,"minecraft:furnace":2,"minecraft:cooked_cod":6,"minecraft:egg":1,"minecraft:dark_oak_stairs":1,"minecraft:mossy_stone_bricks":3,"minecraft:damaged_anvil":1,"minecraft:wither_skeleton_skull":1,"minecraft:stone_pickaxe":120,"minecraft:jungle_fence":1,"minecraft:oak_planks":19,"minecraft:leather_chestplate":1,"minecraft:wooden_pickaxe":3,"minecraft:golden_apple":7,"minecraft:crossbow":4,"easy_villagers:villager":6,"minecraft:bread":85,"minecraft:lectern":1,"minecraft:gravel":8,"minecraft:grindstone":1,"minecraft:poisonous_potato":1,"minecraft:trident":94,"minecraft:enchanting_table":1,"minecraft:dried_kelp":17,"minecraft:spruce_planks":1,"minecraft:cooked_salmon":4,"minecraft:torch":104,"minecraft:dirt":28,"scalinghealth:heart_crystal":1,"minecraft:granite":1,"minecraft:mossy_cobblestone_stairs":2,"minecraft:stone_brick_slab":5,"minecraft:dark_oak_planks":10,"minecraft:bookshelf":15,"minecraft:iron_axe":212,"minecraft:iron_boots":1,"minecraft:cooked_beef":17,"minecraft:acacia_planks":4,"minecraft:iron_leggings":1,"minecraft:brain_coral_block":2,"scalinghealth:chance_heart":2,"minecraft:mossy_cobblestone":1,"minecraft:crafting_table":6,"minecraft:white_bed":3,"minecraft:cod":11,"minecraft:apple":2,"minecraft:suspicious_stew":2,"minecraft:iron_pickaxe":497,"minecraft:chiseled_stone_bricks":3,"minecraft:fishing_rod":1,"minecraft:cobblestone":81,"minecraft:potion":2},"minecraft:custom":{"lootr:looted_stat":216,"minecraft:interact_with_crafting_table":32,"minecraft:open_barrel":8,"minecraft:eat_cake_slice":11,"minecraft:leave_game":3,"minecraft:time_since_death":265036,"minecraft:sprint_one_cm":1285942,"minecraft:damage_blocked_by_shield":1594,"minecraft:drop":88,"minecraft:talked_to_villager":11,"minecraft:play_time":325238,"minecraft:deaths":3,"minecraft:jump":5075,"minecraft:interact_with_brewingstand":1,"minecraft:walk_on_water_one_cm":38184,"minecraft:enchant_item":3,"minecraft:interact_with_furnace":18,"minecraft:traded_with_villager":4,"minecraft:sleep_in_bed":11,"minecraft:waystone_activated":1,"minecraft:open_enderchest":1,"minecraft:damage_dealt":38492,"minecraft:crouch_one_cm":43755,"minecraft:inspect_dispenser":1,"minecraft:interact_with_smithing_table":1,"minecraft:mob_kills":188,"minecraft:interact_with_anvil":9,"minecraft:damage_dealt_resisted":891,"minecraft:climb_one_cm":32099,"minecraft:walk_one_cm":468445,"minecraft:damage_dealt_absorbed":160,"minecraft:target_hit":2,"minecraft:sneak_time":27041,"minecraft:walk_under_water_one_cm":54647,"minecraft:boat_one_cm":67036,"minecraft:interact_with_blast_furnace":1,"minecraft:total_world_time":325238,"minecraft:tune_noteblock":10,"minecraft:interact_with_grindstone":2,"minecraft:time_since_rest":5366,"minecraft:damage_taken":10064,"minecraft:damage_absorbed":262,"minecraft:swim_one_cm":110860,"minecraft:fly_one_cm":1374701,"minecraft:open_chest":9,"minecraft:fall_one_cm":188806}},"DataVersion":3465}