{"stats":{"minecraft:used":{"ironchest:wood_to_iron_chest_upgrade":1,"minecraft:moss_block":4,"minecraft:trident":25,"minecraft:spruce_slab":1,"minecraft:decorated_pot":1,"minecraft:chest":1,"minecraft:spruce_planks":2,"minecraft:shield":17,"minecraft:iron_sword":217,"lootr:trophy":1,"minecraft:rotten_flesh":13,"fabledweaponry:scimitar_diamond":275,"iceandfire:tide_deepblue_helmet":1,"minecraft:iron_chestplate":1,"minecraft:torch":32,"minecraft:dirt":5,"minecraft:spyglass":1,"scalinghealth:heart_crystal":1,"iceandfire:pixie_dust":2,"minecraft:carrot":13,"minecraft:honey_bottle":6,"minecraft:dark_oak_planks":2,"minecraft:bricks":1,"minecraft:oak_stairs":1,"minecraft:stone_bricks":3,"minecraft:bamboo":6,"minecraft:bow":33,"minecraft:hay_block":10,"minecraft:gray_bed":2,"minecraft:skeleton_skull":1,"minecraft:acacia_wood":1,"minecraft:cooked_beef":17,"minecraft:acacia_planks":5,"minecraft:dark_prismarine_stairs":2,"minecraft:golden_axe":32,"minecraft:iron_leggings":1,"minecraft:water_bucket":26,"iceandfire:tide_blue_leggings":1,"minecraft:polished_andesite":2,"minecraft:andesite_slab":8,"minecraft:ender_pearl":3,"minecraft:cracked_stone_bricks":1,"minecraft:terracotta":5,"minecraft:crafting_table":5,"minecraft:purple_terracotta":2,"waystones:waystone":1,"minecraft:dark_prismarine":2,"easy_villagers:villager":1,"minecraft:apple":1,"minecraft:bread":42,"minecraft:suspicious_stew":3,"minecraft:iron_pickaxe":206,"ironchest:iron_to_gold_chest_upgrade":1,"minecraft:granite_slab":4,"minecraft:cobblestone":31,"minecraft:bucket":25,"minecraft:brush":7,"minecraft:oak_boat":1,"minecraft:tropical_fish_bucket":1,"minecraft:experience_bottle":58},"minecraft:custom":{"lootr:looted_stat":123,"minecraft:mob_kills":117,"minecraft:interact_with_crafting_table":21,"minecraft:leave_game":1,"minecraft:time_since_death":53801,"minecraft:climb_one_cm":49199,"minecraft:sprint_one_cm":800647,"minecraft:walk_one_cm":374733,"minecraft:damage_blocked_by_shield":669,"minecraft:drop":67,"minecraft:talked_to_villager":5,"minecraft:deaths":2,"minecraft:play_time":250183,"minecraft:sneak_time":11167,"minecraft:walk_under_water_one_cm":31613,"minecraft:boat_one_cm":185615,"minecraft:jump":3327,"minecraft:walk_on_water_one_cm":38360,"minecraft:total_world_time":250183,"minecraft:sleep_in_bed":8,"minecraft:time_since_rest":53832,"minecraft:waystone_activated":6,"minecraft:damage_taken":7638,"minecraft:damage_dealt":37333,"minecraft:swim_one_cm":72994,"minecraft:fly_one_cm":819104,"minecraft:player_kills":1,"minecraft:open_chest":20,"minecraft:crouch_one_cm":32985,"minecraft:interact_with_smoker":1,"minecraft:fall_one_cm":133674},"minecraft:broken":{"minecraft:golden_axe":1},"minecraft:crafted":{"minecraft:oak_planks":16,"iceandfire:tide_purple_boots":1,"minecraft:bookshelf":14,"iceandfire:tide_purple_chestplate":1,"improvableskills:skills_book":1,"minecraft:chest":2,"minecraft:dark_oak_planks":68,"iceandfire:tide_deepblue_helmet":1,"sophisticatedbackpacks:iron_backpack":1,"ironchest:wood_to_iron_chest_upgrade":1,"sophisticatedbackpacks:backpack":1,"minecraft:crafting_table":4,"sophisticatedbackpacks:gold_backpack":1,"iceandfire:tide_blue_leggings":1,"minecraft:birch_planks":4,"minecraft:bread":9,"minecraft:jungle_planks":40,"minecraft:oak_boat":1,"ironchest:iron_to_gold_chest_upgrade":1,"minecraft:paper":3,"minecraft:shield":1,"minecraft:stick":12,"fabledweaponry:scimitar_diamond":1,"minecraft:acacia_planks":12,"minecraft:torch":44},"minecraft:picked_up":{"minecraft:crafting_table":1,"minecraft:iron_chestplate":1,"minecraft:leather_leggings":1,"minecraft:oak_stairs":2,"minecraft:enchanted_book":1,"gravestone:obituary":2,"iceandfire:sea_serpent_scales_blue":9,"minecraft:string":1,"minecraft:iron_leggings":1,"minecraft:blackstone":1,"minecraft:cracked_stone_bricks":4,"minecraft:cobbled_deepslate":1,"improvableskills:scroll_normal":4,"minecraft:dark_prismarine_stairs":6,"minecraft:spruce_planks":4,"minecraft:beef":17,"minecraft:oak_boat":1,"minecraft:rose_bush":2,"minecraft:jungle_sapling":5,"minecraft:iron_nugget":24,"minecraft:spruce_slab":1,"minecraft:iron_pickaxe":2,"minecraft:sugar_cane":16,"minecraft:phantom_membrane":4,"minecraft:iron_boots":2,"iceandfire:pixie_dust":2,"minecraft:stick":4,"minecraft:raw_iron":19,"iceandfire:dragonbone":1,"minecraft:torch":3,"minecraft:spruce_stairs":1,"minecraft:trident":1,"minecraft:purple_terracotta":2,"minecraft:honey_bottle":5,"iceandfire:sea_serpent_scales_purple":12,"minecraft:arrow":34,"minecraft:rotten_flesh":3,"minecraft:decorated_pot":1,"minecraft:hay_block":17,"minecraft:bookshelf":8,"minecraft:saddle":1,"minecraft:skeleton_skull":1,"minecraft:obsidian":36,"minecraft:iron_bars":1,"minecraft:cod":2,"minecraft:cobblestone":50,"minecraft:birch_log":1,"minecraft:enchanting_table":1,"minecraft:leather_chestplate":1,"iceandfire:sea_serpent_fang":12,"minecraft:jungle_log":10,"minecraft:leather":9,"minecraft:acacia_wood":4,"minecraft:potato":2,"minecraft:tuff":1,"scalinghealth:bandages":3,"minecraft:oak_log":4,"minecraft:gunpowder":9,"scalinghealth:heart_crystal":1,"minecraft:lapis_lazuli":4,"minecraft:dirt":9,"lootr:trophy":1,"minecraft:bone":37,"minecraft:stone_bricks":14,"minecraft:bow":2,"minecraft:wheat_seeds":4,"minecraft:iron_ingot":3,"scalinghealth:power_crystal_shard":4,"minecraft:glass_bottle":1,"minecraft:bamboo":10,"minecraft:moss_block":18,"minecraft:gray_bed":2,"iceandfire:sea_serpent_scales_deepblue":5,"minecraft:oak_planks":4,"minecraft:book":134,"minecraft:chiseled_stone_bricks":1,"minecraft:granite_slab":4,"sophisticatedbackpacks:iron_backpack":1,"minecraft:spider_eye":3,"minecraft:dark_oak_log":17,"iceandfire:pixie_wings":1,"minecraft:leather_helmet":1,"minecraft:dark_prismarine":2,"minecraft:polished_andesite":2,"minecraft:sugar":3,"minecraft:soul_lantern":1,"waystones:waystone":1,"minecraft:iron_helmet":1,"minecraft:granite":9,"minecraft:andesite_slab":8,"scalinghealth:cursed_heart":1,"minecraft:emerald":3,"minecraft:bread":1,"minecraft:terracotta":13,"minecraft:bricks":4,"minecraft:melon_seeds":16,"minecraft:coal":6,"minecraft:ender_pearl":2},"minecraft:killed":{"minecraft:witch":10,"minecraft:spider":2,"minecraft:vindicator":2,"minecraft:phantom":9,"minecraft:skeleton":53,"minecraft:guardian":1,"minecraft:drowned":1,"minecraft:iron_golem":1,"minecraft:creeper":6,"minecraft:pillager":5,"minecraft:zombie":9,"iceandfire:pixie":4,"minecraft:cow":8,"iceandfire:sea_serpent":3},"minecraft:dropped":{"minecraft:enchanted_book":1,"minecraft:golden_boots":1,"minecraft:iron_sword":1,"minecraft:moss_block":12,"minecraft:wheat_seeds":2,"scalinghealth:cursed_heart":1,"minecraft:poisonous_potato":2,"minecraft:iron_helmet":1,"minecraft:granite":1,"minecraft:cracked_stone_bricks":1,"minecraft:spruce_stairs":1,"minecraft:leather_helmet":2,"minecraft:cod":22,"minecraft:pufferfish":2,"minecraft:dirt":2,"minecraft:jungle_sapling":5,"minecraft:iron_leggings":3,"gravestone:obituary":3,"iceandfire:pixie_wings":1,"minecraft:iron_pickaxe":1,"minecraft:tripwire_hook":2,"minecraft:fishing_rod":1,"minecraft:lily_pad":1,"minecraft:bricks":3,"minecraft:iron_nugget":24,"minecraft:bowl":3,"minecraft:wheat":1,"minecraft:rotten_flesh":18,"minecraft:iron_boots":4,"improvableskills:skills_book":1,"minecraft:name_tag":1,"minecraft:honey_bottle":1,"minecraft:salmon":2,"minecraft:leather_chestplate":2,"minecraft:shield":1,"minecraft:spruce_planks":1,"minecraft:iron_chestplate":4,"minecraft:melon_seeds":16,"minecraft:leather_boots":1,"minecraft:leather_leggings":2,"minecraft:stone_bricks":1,"minecraft:bamboo":1,"minecraft:bow":1,"scalinghealth:bandages":1,"minecraft:terracotta":3},"minecraft:mined":{"minecraft:dark_prismarine_stairs":11,"minecraft:dark_prismarine":5,"minecraft:tuff":1,"minecraft:stone_pressure_plate":1,"minecraft:spruce_planks":3,"minecraft:dark_oak_log":17,"minecraft:purple_terracotta":2,"gravestone:gravestone":2,"minecraft:granite":16,"minecraft:grass_block":2,"minecraft:decorated_pot":1,"minecraft:jungle_log":7,"minecraft:polished_andesite_slab":2,"minecraft:moss_block":4,"minecraft:spawner":23,"minecraft:chiseled_stone_bricks":1,"minecraft:light_blue_stained_glass":1,"minecraft:hay_block":17,"minecraft:iron_ore":14,"minecraft:granite_slab":3,"minecraft:enchanting_table":1,"minecraft:mossy_stone_brick_stairs":2,"minecraft:bookshelf":17,"minecraft:deepslate_iron_ore":5,"minecraft:iron_bars":1,"minecraft:oak_stairs":2,"minecraft:packed_ice":48,"minecraft:bamboo":3,"minecraft:stone":60,"minecraft:spruce_slab":1,"minecraft:blackstone":1,"minecraft:stone_brick_slab":1,"minecraft:crafting_table":1,"minecraft:torch":1,"minecraft:andesite_slab":5,"minecraft:rose_bush":2,"minecraft:tall_grass":1,"minecraft:bricks":4,"minecraft:sugar_cane":6,"minecraft:skeleton_skull":1,"minecraft:spruce_stairs":1,"minecraft:seagrass":1,"lootr:trophy":1,"minecraft:birch_log":1,"minecraft:ice":10,"minecraft:gray_bed":2,"minecraft:birch_leaves":8,"minecraft:stone_brick_stairs":2,"minecraft:grass":13,"minecraft:coal_ore":6,"minecraft:oak_log":4,"minecraft:pink_stained_glass_pane":2,"minecraft:dirt":6,"minecraft:polished_andesite":2,"minecraft:cracked_stone_bricks":6,"minecraft:terracotta":7,"minecraft:stone_bricks":11,"minecraft:mossy_stone_bricks":1,"minecraft:oak_leaves":2,"minecraft:deepslate":1,"minecraft:fern":5}},"DataVersion":3465}