{"stats":{"minecraft:mined":{"minecraft:seagrass":1,"minecraft:ice":8,"minecraft:oak_log":4,"minecraft:packed_ice":9,"minecraft:bamboo":3,"minecraft:moss_block":4},"minecraft:picked_up":{"iceandfire:dragonbone":1,"iceandfire:sea_serpent_fang":12,"minecraft:oak_log":4,"iceandfire:sea_serpent_scales_blue":9,"iceandfire:sea_serpent_scales_purple":12,"minecraft:bamboo":9,"minecraft:moss_block":6,"iceandfire:sea_serpent_scales_deepblue":5},"minecraft:used":{"minecraft:moss_block":4,"iceandfire:tide_blue_leggings":1,"minecraft:bread":7,"minecraft:iron_sword":64,"iceandfire:tide_deepblue_helmet":1,"minecraft:rotten_flesh":13,"minecraft:bamboo":6,"minecraft:iron_chestplate":1,"minecraft:crafting_table":1,"minecraft:iron_leggings":1},"minecraft:dropped":{"minecraft:leather_chestplate":1,"minecraft:rotten_flesh":13,"minecraft:iron_leggings":1},"minecraft:custom":{"minecraft:time_since_rest":29534,"lootr:looted_stat":4,"minecraft:sprint_one_cm":78480,"minecraft:damage_taken":1128,"minecraft:walk_one_cm":76676,"minecraft:mob_kills":3,"minecraft:drop":3,"minecraft:damage_dealt":2656,"minecraft:swim_one_cm":39601,"minecraft:interact_with_crafting_table":6,"minecraft:fly_one_cm":158400,"minecraft:crouch_one_cm":15880,"minecraft:play_time":29534,"minecraft:sneak_time":4068,"minecraft:walk_under_water_one_cm":5357,"minecraft:jump":426,"minecraft:walk_on_water_one_cm":6097,"minecraft:time_since_death":29534,"minecraft:total_world_time":29534,"minecraft:fall_one_cm":1507},"minecraft:crafted":{"minecraft:oak_boat":1,"minecraft:oak_planks":16,"minecraft:shield":1,"minecraft:crafting_table":1,"iceandfire:tide_purple_boots":1,"iceandfire:tide_blue_leggings":1,"iceandfire:tide_deepblue_helmet":1,"iceandfire:tide_purple_chestplate":1},"minecraft:killed":{"iceandfire:sea_serpent":3}},"DataVersion":3465}