{"stat.pickup.blockarmor.furnace_helmet":2,"stat.leaveGame":6,"stat.mineBlock.minecraft.sandstone":6,"stat.craftItem.blockarmor.furnace_chestplate":1,"stat.useItem.minecraft.mutton":6,"stat.mineBlock.minecraft.web":1,"stat.pickup.minecraft.porkchop":70,"stat.pickup.minecraft.glass":1,"stat.mineBlock.gravestone.gravestone":1,"stat.craftItem.spectrite.spectrite_pickaxe_special":1,"stat.pickup.minecraft.rotten_flesh":18,"stat.pickup.minecraft.sand":1,"stat.drop.spectrite.spectrite_leggings":1,"stat.useItem.spectrite.spectrite_sword":1,"stat.killEntity.Enderman":2,"stat.pickup.spectrite.spectrite_bow":13,"stat.mineBlock.minecraft.sand":2,"stat.drop.spectrite.spectrite_sword":1,"stat.pickup.securitycraft.reinforced_cobblestone":10,"stat.craftItem.spectrite.spectrite_bow":3,"stat.pickup.minecraft.mob_spawner":16,"stat.craftItem.spartanshields.shield_basic_wood":1,"stat.craftItem.spectrite.spectrite_sword":15,"stat.useItem.securitycraft.reinforced_cobblestone":3,"stat.useItem.minecraft.iron_pickaxe":90,"stat.useItem.minecraft.spawn_egg":2,"stat.pickup.spectrite.spectrite_wither_torso":2,"stat.craftItem.minecraft.bed":2,"stat.craftItem.blockarmor.furnace_leggings":1,"stat.furnaceInteraction":33,"stat.mineBlock.minecraft.rail":4,"stat.killEntity.ZombieVillager":2,"stat.pickup.srparasites.lurecomponent1":2,"stat.pickup.blockarmor.furnace_leggings":1,"stat.pickup.srparasites.lurecomponent4":1,"stat.pickup.spectrite.spectrite_dust":387,"stat.pickup.improvableskills.skills_book":1,"stat.pickup.minecraft.beef":13,"stat.useItem.minecraft.cooked_mutton":14,"stat.pickup.minecraft.furnace":1,"stat.pickup.spectrite.spectrite_bone":2070,"stat.useItem.minecraft.fence":4,"stat.pickup.spectrite.spectrite_blaze_rod":5,"stat.mineBlock.minecraft.fence":10,"stat.pickup.minecraft.emerald":1,"stat.deaths":1,"stat.useItem.spectrite.spectrite_bone_block":37,"stat.playOneMinute":366090,"stat.craftItem.minecraft.iron_pickaxe":1,"stat.mineBlock.minecraft.tallgrass":5,"stat.craftItem.minecraft.cooked_mutton":13,"stat.pickup.minecraft.cooked_mutton":5,"stat.chestOpened":138,"stat.mineBlock.spectrite.spectrite_bone_block":37,"stat.mineBlock.uncraftingtable.uncrafting_table":1,"stat.useItem.minecraft.stone":162,"stat.pickup.minecraft.iron_sword":1,"stat.pickup.minecraft.arrow":4,"stat.pickup.spectrite.spectrite_sword_2":1,"stat.drop.spectrite.spectrite_chestplate":1,"stat.fallOneCm":35061,"stat.drop.minecraft.stone":43,"stat.craftItem.supertools.hammerstone":2,"stat.crouchOneCm":64186,"stat.pickup.minecraft.rail":2,"stat.drop.blockarmor.furnace_chestplate":1,"stat.craftItem.minecraft.chest":2,"stat.killEntity.futuremc:tropical_fish":1,"stat.useItem.spectrite.spectrite_sword_2":66,"stat.craftingTableInteraction":51,"stat.killEntity.SpectriteCreeper":164,"stat.useItem.futuremc.sweet_berries":3,"stat.pickup.minecraft.feather":16,"stat.pickup.spectrite.spectrite_wither_tail":2,"stat.drop.minecraft.bone":6,"stat.useItem.minecraft.furnace":1,"stat.pickup.minecraft.dye":29,"stat.pickup.minecraft.planks":16,"stat.pickup.minecraft.wheat_seeds":1,"stat.mineBlock.minecraft.gravel":18,"stat.useItem.minecraft.stone_pickaxe":7,"stat.mineBlock.minecraft.glass":1,"stat.pickup.minecraft.redstone_ore":1,"stat.mineBlock.minecraft.dirt":20,"stat.pickup.spectrite.spectrite_leggings":18,"stat.useItem.minecraft.torch":54,"stat.pickup.blockarmor.furnace_boots":2,"stat.pickup.minecraft.crafting_table":2,"stat.useItem.minecraft.cobblestone":344,"stat.craftItem.minecraft.crafting_table":5,"stat.pickup.blockarmor.furnace_chestplate":5,"stat.pickup.minecraft.log":40,"stat.pickup.securitycraft.reinforced_stone":13,"stat.pickup.minecraft.iron_pickaxe":1,"stat.drop.minecraft.iron_ore":1,"stat.pickup.minecraft.chicken":17,"stat.pickup.spectrite.spectrite_bone_block":31,"stat.pickup.minecraft.sapling":5,"stat.killEntity.SpectriteSkeleton":40,"stat.craftItem.blockarmor.furnace_boots":1,"stat.pickup.spectrite.spectrite_wither_skeleton_skull":56,"stat.craftItem.minecraft.planks":80,"stat.useItem.minecraft.iron_sword":78,"stat.pickup.spectrite.spectrite_helmet":20,"stat.pickup.minecraft.book":1,"stat.mineBlock.minecraft.log":16,"stat.pickup.supertools.hammerstone":1,"stat.craftItem.minecraft.paper":21,"stat.sneakTime":28652,"stat.pickup.minecraft.wool":20,"stat.craftItem.spawnermod.spawner_key":1,"stat.pickup.spectrite.spectrite_sword":109,"stat.pickup.improvableskills.parchment_fragment":1,"stat.pickup.minecraft.bone":8,"stat.killEntity.SpectriteBlaze":10,"stat.mineBlock.minecraft.cobblestone":91,"stat.pickup.minecraft.stone_pickaxe":1,"stat.pickup.minecraft.flint":3,"stat.useItem.spectrite.spectrite_sword_special":849,"stat.craftItem.spectrite.spectrite_sword_2":1,"stat.mineBlock.srparasites.gore":1,"stat.pickup.spectrite.spectrite_sword_special":6,"stat.swimOneCm":39275,"stat.pickup.spectrite.spectrite_boots":25,"stat.pickup.minecraft.enchanted_book":2,"stat.pickup.spartanshields.shield_basic_iron":1,"stat.drop.minecraft.cobblestone":11,"stat.pickup.minecraft.cooked_porkchop":1,"stat.useItem.minecraft.dirt":2,"stat.useItem.minecraft.stone_slab2":77,"stat.useItem.minecraft.mob_spawner":11,"stat.pickup.minecraft.bow":1,"stat.craftItem.minecraft.furnace":28,"stat.craftItem.spectrite.spectrite_leggings":6,"stat.craftItem.spartanshields.shield_basic_iron":1,"stat.craftItem.minecraft.spruce_boat":1,"stat.useItem.minecraft.iron_ore":6,"stat.pickup.minecraft.coal_ore":1,"stat.craftItem.minecraft.stone_pickaxe":18,"stat.craftItem.minecraft.cooked_beef":13,"stat.drop.spectrite.spectrite_helmet":1,"stat.pickup.minecraft.cobblestone":1242,"stat.drop.spectrite.spectrite_bone_block":8,"stat.pickup.futuremc.sweet_berries":3,"stat.flyOneCm":618636,"stat.pickup.minecraft.sandstone":6,"stat.useItem.minecraft.cooked_beef":10,"stat.pickup.minecraft.redstone":90,"stat.mineBlock.minecraft.iron_ore":53,"stat.craftItem.minecraft.book":7,"stat.timeSinceDeath":293262,"stat.pickup.minecraft.mutton":21,"stat.craftItem.minecraft.iron_block":3,"stat.craftItem.spectrite.spectrite_wither_invulnerable_skull":1,"stat.craftItem.spectrite.spectrite_chestplate":8,"stat.pickup.spectrite.spectrite_arrow":71,"stat.killEntity.Wolf":5,"stat.useItem.minecraft.cooked_porkchop":36,"stat.mineBlock.minecraft.coal_ore":112,"stat.killEntity.Creeper":5,"stat.pickup.minecraft.string":5,"stat.pickup.spectrite.spectrite_glass":65,"stat.pickup.spectrite.spectrite_axe":1,"stat.useItem.minecraft.milk_bucket":2,"stat.entityKilledBy.Skeleton":1,"stat.craftItem.minecraft.stone_slab2":0,"stat.sprintOneCm":472840,"stat.craftItem.minecraft.stick":68,"stat.craftItem.uncraftingtable.uncrafting_table":1,"stat.mineBlock.minecraft.diamond_ore":12,"stat.mineBlock.minecraft.crafting_table":2,"stat.craftItem.spectrite.spectrite_bone_block":165,"stat.useItem.spectrite.spectrite_sand":16,"stat.useItem.spectrite.spectrite_pickaxe":506,"stat.pickup.minecraft.spawn_egg":48,"stat.mineBlock.minecraft.planks":3,"stat.drop":19,"stat.killEntity.Sheep":15,"stat.pickup.spectrite.spectrite_gem":3,"stat.pickup.spectrite.spectrite_shovel":2,"stat.killEntity.Zombie":7,"stat.mineBlock.minecraft.gold_ore":3,"stat.craftItem.spectrite.spectrite_sand":54,"stat.diveOneCm":60992,"stat.pickup.uncraftingtable.uncrafting_table":1,"stat.craftItem.spectrite.spectrite_sword_special":4,"stat.pickup.minecraft.gravel":37,"stat.pickup.spectrite.spectrite_wither_skull":3,"stat.drop.minecraft.cooked_beef":3,"stat.craftItem.minecraft.cooked_porkchop":51,"stat.pickup.minecraft.stone_axe":2,"stat.craftItem.spectrite.spectrite_boots":7,"stat.craftItem.spectrite.spectrite_helmet":12,"stat.useItem.minecraft.porkchop":3,"stat.drop.blockarmor.furnace_helmet":1,"stat.mineBlock.spectrite.spectrite_bricks":5,"stat.drop.spectrite.spectrite_wither_skeleton_skull":1,"stat.drop.minecraft.cooked_porkchop":1,"stat.pickup.spectrite.spectrite_star":2,"stat.jump":2549,"stat.pickup.minecraft.fence":14,"stat.pickup.minecraft.coal":208,"stat.drop.spectrite.spectrite_sword_2":1,"stat.pickup.minecraft.iron_ingot":57,"stat.useItem.minecraft.stone_axe":15,"stat.pickup.minecraft.gunpowder":5,"stat.craftItem.minecraft.torch":56,"stat.useItem.spectrite.spectrite_bow":63,"stat.pickup.minecraft.dirt":24,"stat.pickup.minecraft.diamond_ore":7,"stat.drop.minecraft.bed":1,"stat.pickup.minecraft.iron_ore":15,"stat.boatOneCm":166271,"stat.pickup.minecraft.gold_ore":2,"stat.mineBlock.minecraft.lapis_ore":3,"stat.pickup.spectrite.diamond_rod":2,"stat.damageTaken":4357,"stat.pickup.minecraft.leather":10,"stat.mineBlock.minecraft.torch":7,"stat.useItem.spectrite.spectrite_pickaxe_special":282,"stat.pickup.srparasites.ada_yelloweye_drop":1,"stat.pickup.srparasites.assimilated_flesh":9,"stat.useItem.securitycraft.reinforced_stone":6,"stat.pickup.minecraft.reeds":48,"stat.pickup.minecraft.bed":10,"stat.damageDealt":212569,"stat.sleepInBed":9,"stat.craftItem.minecraft.anvil":1,"stat.killEntity.Cow":4,"stat.killEntity.Pig":18,"stat.craftItem.minecraft.iron_sword":1,"stat.walkOneCm":509084,"stat.useItem.minecraft.chest":4,"stat.pickup.minecraft.stick":14,"stat.killEntity.SpectriteWitherSkeleton":1156,"stat.useItem.minecraft.spruce_boat":1,"stat.pickup.spectrite.spectrite_chestplate":29,"stat.mineBlock.spectrite.spectrite_brick_stairs":2,"stat.pickup.minecraft.stone":1297,"stat.pickup.minecraft.ender_pearl":1,"stat.useItem.supertools.hammerstone":243,"stat.killEntity.Skeleton":9,"stat.pickup.spectrite.spectrite_bricks":5,"stat.killEntity.Chicken":7,"stat.mineBlock.srparasites.infestremain":7,"stat.killEntity.Spider":1,"stat.craftItem.blockarmor.furnace_helmet":1,"stat.mobKills":1509,"stat.pickup.minecraft.diamond":10,"stat.mineBlock.minecraft.leaves":3,"stat.pickup.minecraft.torch":80,"stat.mineBlock.minecraft.redstone_ore":13,"stat.pickup.spectrite.spectrite_axe_special":1,"stat.mineBlock.minecraft.stone":2507}