{"stats":{"minecraft:used":{"ironchest:wood_to_iron_chest_upgrade":1,"minecraft:moss_block":4,"minecraft:trident":15,"minecraft:decorated_pot":1,"minecraft:chest":1,"minecraft:spruce_planks":1,"minecraft:shield":14,"minecraft:iron_sword":217,"minecraft:rotten_flesh":13,"iceandfire:tide_deepblue_helmet":1,"minecraft:iron_chestplate":1,"minecraft:torch":9,"minecraft:spyglass":1,"iceandfire:pixie_dust":2,"minecraft:carrot":13,"minecraft:stone_bricks":3,"minecraft:bamboo":6,"minecraft:bow":28,"minecraft:gray_bed":2,"minecraft:dark_prismarine_stairs":2,"minecraft:golden_axe":32,"minecraft:iron_leggings":1,"minecraft:water_bucket":8,"iceandfire:tide_blue_leggings":1,"minecraft:cracked_stone_bricks":1,"minecraft:terracotta":1,"minecraft:crafting_table":5,"waystones:waystone":1,"minecraft:dark_prismarine":1,"easy_villagers:villager":1,"minecraft:apple":1,"minecraft:bread":33,"minecraft:suspicious_stew":3,"minecraft:iron_pickaxe":127,"ironchest:iron_to_gold_chest_upgrade":1,"minecraft:cobblestone":1,"minecraft:bucket":8,"minecraft:brush":7,"minecraft:oak_boat":1,"minecraft:tropical_fish_bucket":1},"minecraft:custom":{"lootr:looted_stat":82,"minecraft:mob_kills":47,"minecraft:interact_with_crafting_table":14,"minecraft:leave_game":1,"minecraft:time_since_death":160183,"minecraft:climb_one_cm":24520,"minecraft:sprint_one_cm":592150,"minecraft:walk_one_cm":258657,"minecraft:damage_blocked_by_shield":569,"minecraft:drop":54,"minecraft:talked_to_villager":5,"minecraft:play_time":160183,"minecraft:sneak_time":8345,"minecraft:walk_under_water_one_cm":18735,"minecraft:boat_one_cm":185615,"minecraft:jump":2598,"minecraft:walk_on_water_one_cm":32577,"minecraft:total_world_time":160183,"minecraft:sleep_in_bed":7,"minecraft:time_since_rest":10571,"minecraft:waystone_activated":6,"minecraft:damage_taken":3193,"minecraft:damage_dealt":12456,"minecraft:swim_one_cm":71322,"minecraft:fly_one_cm":663901,"minecraft:player_kills":1,"minecraft:open_chest":12,"minecraft:crouch_one_cm":24476,"minecraft:interact_with_smoker":1,"minecraft:fall_one_cm":78993},"minecraft:broken":{"minecraft:golden_axe":1},"minecraft:crafted":{"minecraft:oak_planks":16,"iceandfire:tide_purple_boots":1,"minecraft:bookshelf":14,"iceandfire:tide_purple_chestplate":1,"minecraft:chest":2,"minecraft:dark_oak_planks":68,"iceandfire:tide_deepblue_helmet":1,"sophisticatedbackpacks:iron_backpack":1,"ironchest:wood_to_iron_chest_upgrade":1,"sophisticatedbackpacks:backpack":1,"minecraft:crafting_table":4,"iceandfire:tide_blue_leggings":1,"minecraft:birch_planks":4,"minecraft:bread":9,"minecraft:jungle_planks":40,"minecraft:oak_boat":1,"ironchest:iron_to_gold_chest_upgrade":1,"minecraft:shield":1},"minecraft:picked_up":{"minecraft:crafting_table":1,"minecraft:iron_chestplate":1,"minecraft:leather_leggings":1,"minecraft:oak_stairs":1,"iceandfire:sea_serpent_scales_blue":9,"minecraft:string":1,"minecraft:iron_leggings":1,"minecraft:blackstone":1,"minecraft:cracked_stone_bricks":4,"minecraft:cobbled_deepslate":1,"minecraft:dark_prismarine_stairs":6,"minecraft:spruce_planks":1,"minecraft:beef":17,"minecraft:oak_boat":1,"minecraft:jungle_sapling":5,"minecraft:iron_nugget":24,"minecraft:iron_pickaxe":2,"minecraft:sugar_cane":16,"minecraft:iron_boots":2,"iceandfire:pixie_dust":2,"minecraft:raw_iron":19,"iceandfire:dragonbone":1,"minecraft:torch":2,"minecraft:trident":1,"iceandfire:sea_serpent_scales_purple":12,"minecraft:arrow":11,"minecraft:rotten_flesh":1,"minecraft:decorated_pot":1,"minecraft:hay_block":12,"minecraft:saddle":1,"minecraft:obsidian":36,"minecraft:iron_bars":1,"minecraft:cod":2,"minecraft:cobblestone":20,"minecraft:birch_log":1,"minecraft:enchanting_table":1,"minecraft:leather_chestplate":1,"iceandfire:sea_serpent_fang":12,"minecraft:jungle_log":10,"minecraft:leather":9,"minecraft:potato":2,"minecraft:tuff":1,"scalinghealth:bandages":1,"minecraft:oak_log":4,"minecraft:lapis_lazuli":4,"minecraft:dirt":2,"minecraft:bone":9,"minecraft:stone_bricks":14,"minecraft:bow":1,"minecraft:wheat_seeds":4,"minecraft:iron_ingot":3,"scalinghealth:power_crystal_shard":4,"minecraft:bamboo":10,"minecraft:moss_block":18,"minecraft:gray_bed":2,"iceandfire:sea_serpent_scales_deepblue":5,"minecraft:oak_planks":4,"minecraft:book":134,"minecraft:chiseled_stone_bricks":1,"sophisticatedbackpacks:iron_backpack":1,"minecraft:dark_oak_log":17,"iceandfire:pixie_wings":1,"minecraft:leather_helmet":1,"minecraft:dark_prismarine":1,"minecraft:soul_lantern":1,"waystones:waystone":1,"minecraft:iron_helmet":1,"minecraft:granite":8,"scalinghealth:cursed_heart":1,"minecraft:emerald":1,"minecraft:bread":1,"minecraft:terracotta":2,"minecraft:melon_seeds":16,"minecraft:coal":6},"minecraft:killed":{"minecraft:spider":2,"minecraft:vindicator":2,"minecraft:skeleton":9,"minecraft:guardian":1,"minecraft:drowned":1,"minecraft:iron_golem":1,"minecraft:creeper":1,"minecraft:pillager":5,"minecraft:zombie":8,"iceandfire:pixie":4,"minecraft:cow":8,"iceandfire:sea_serpent":3},"minecraft:dropped":{"minecraft:enchanted_book":1,"minecraft:golden_boots":1,"minecraft:iron_sword":1,"minecraft:moss_block":12,"minecraft:wheat_seeds":2,"scalinghealth:cursed_heart":1,"minecraft:poisonous_potato":2,"minecraft:iron_helmet":1,"minecraft:cracked_stone_bricks":1,"minecraft:leather_helmet":2,"minecraft:cod":22,"minecraft:pufferfish":2,"minecraft:dirt":2,"minecraft:jungle_sapling":5,"minecraft:iron_leggings":3,"iceandfire:pixie_wings":1,"minecraft:iron_pickaxe":1,"minecraft:tripwire_hook":2,"minecraft:fishing_rod":1,"minecraft:lily_pad":1,"minecraft:iron_nugget":24,"minecraft:bowl":3,"minecraft:wheat":1,"minecraft:rotten_flesh":18,"minecraft:iron_boots":3,"minecraft:name_tag":1,"minecraft:salmon":2,"minecraft:leather_chestplate":2,"minecraft:shield":1,"minecraft:iron_chestplate":3,"minecraft:melon_seeds":16,"minecraft:leather_boots":1,"minecraft:leather_leggings":2,"minecraft:stone_bricks":1,"minecraft:bamboo":1,"scalinghealth:bandages":1,"minecraft:terracotta":1},"minecraft:mined":{"minecraft:dark_prismarine_stairs":11,"minecraft:dark_prismarine":4,"minecraft:tuff":1,"minecraft:stone_pressure_plate":1,"minecraft:spruce_planks":1,"minecraft:dark_oak_log":17,"minecraft:granite":15,"minecraft:grass_block":2,"minecraft:decorated_pot":1,"minecraft:jungle_log":7,"minecraft:polished_andesite_slab":2,"minecraft:moss_block":4,"minecraft:spawner":6,"minecraft:chiseled_stone_bricks":1,"minecraft:light_blue_stained_glass":1,"minecraft:hay_block":12,"minecraft:iron_ore":14,"minecraft:enchanting_table":1,"minecraft:mossy_stone_brick_stairs":2,"minecraft:bookshelf":17,"minecraft:deepslate_iron_ore":5,"minecraft:iron_bars":1,"minecraft:oak_stairs":1,"minecraft:packed_ice":48,"minecraft:bamboo":3,"minecraft:stone":30,"minecraft:blackstone":1,"minecraft:stone_brick_slab":1,"minecraft:crafting_table":1,"minecraft:tall_grass":1,"minecraft:sugar_cane":6,"minecraft:seagrass":1,"minecraft:birch_log":1,"minecraft:ice":10,"minecraft:gray_bed":2,"minecraft:stone_brick_stairs":2,"minecraft:grass":12,"minecraft:coal_ore":6,"minecraft:oak_log":4,"minecraft:pink_stained_glass_pane":2,"minecraft:dirt":6,"minecraft:cracked_stone_bricks":6,"minecraft:terracotta":1,"minecraft:stone_bricks":11,"minecraft:mossy_stone_bricks":1,"minecraft:oak_leaves":2,"minecraft:deepslate":1,"minecraft:fern":5}},"DataVersion":3465}