{"stats":{"minecraft:killed":{"minecraft:cave_spider":10,"minecraft:skeleton":3326,"minecraft:chicken":9,"minecraft:salmon":2,"minecraft:iron_golem":1,"minecraft:pillager":107,"minecraft:zombie":123,"iceandfire:sea_serpent":2,"minecraft:cow":12,"minecraft:evoker":5,"minecraft:vindicator":62,"iceandfire:siren":3,"iceandfire:cyclops":2,"minecraft:ravager":3,"iceandfire:ice_dragon":6,"minecraft:enderman":1,"minecraft:witch":13,"minecraft:zombified_piglin":5,"minecraft:spider":67,"minecraft:wither":1,"minecraft:bee":1,"minecraft:silverfish":17,"minecraft:piglin_brute":9,"minecraft:wolf":1,"minecraft:piglin":8,"minecraft:pig":4,"minecraft:zombie_villager":13,"minecraft:creeper":3224,"minecraft:sheep":12,"minecraft:stray":18,"minecraft:ghast":3,"minecraft:vex":8,"minecraft:phantom":1,"iceandfire:fire_dragon":8,"minecraft:drowned":18,"iceandfire:troll":1,"minecraft:hoglin":1,"minecraft:wither_skeleton":91},"minecraft:used":{"iceandfire:dragon_skull_ice":2,"minecraft:spruce_slab":4,"minecraft:ladder":71,"minecraft:poppy":1,"minecraft:chest":16,"minecraft:stone":1,"minecraft:rotten_flesh":9,"minecraft:soul_sand":3,"minecraft:skeleton_spawn_egg":8,"iceandfire:dragonbone_axe":2117,"minecraft:quartz_block":4,"minecraft:dark_oak_slab":6,"minecraft:bow":367,"minecraft:dark_oak_boat":1,"minecraft:furnace":20,"minecraft:cooked_cod":6,"minecraft:egg":2,"minecraft:mossy_stone_bricks":3,"minecraft:damaged_anvil":1,"minecraft:leather_chestplate":1,"minecraft:wooden_pickaxe":3,"minecraft:golden_apple":19,"iceandfire:dragonforge_ice_input":1,"scalinghealth:cursed_heart":4,"minecraft:purple_terracotta":4,"minecraft:deepslate_tiles":1178,"scalinghealth:enchanted_heart":3,"minecraft:birch_slab":16,"minecraft:lectern":1,"minecraft:diamond_sword":60,"minecraft:poisonous_potato":1,"iceandfire:dragon_bone_block":4,"minecraft:enchanting_table":1,"iceandfire:dragonforge_ice_brick":4,"stoneworks:stone_plates":2417,"minecraft:silverfish_spawn_egg":1,"minecraft:cooked_salmon":4,"minecraft:netherrack":90,"minecraft:torch":411,"minecraft:anvil":2,"minecraft:glow_lichen":8,"minecraft:oak_fence_gate":21,"minecraft:mossy_cobblestone_stairs":2,"fabledweaponry:aegis_diamond":9,"minecraft:iron_axe":316,"minecraft:rooted_dirt":1,"minecraft:spawner":13,"minecraft:totem_of_undying":1,"constructionwand:diamond_wand":100,"minecraft:cobbled_deepslate":256,"minecraft:acacia_planks":4,"fabledweaponry:maul_diamond":4,"minecraft:water_bucket":91,"minecraft:deepslate_bricks":2987,"minecraft:salmon":1,"minecraft:mossy_cobblestone":1,"minecraft:vine":10,"minecraft:crafting_table":19,"minecraft:white_bed":9,"minecraft:birch_sign":6,"minecraft:cod":11,"minecraft:spruce_log":1275,"minecraft:diamond_pickaxe":1455,"minecraft:diamond_shovel":4580,"minecraft:iron_pickaxe":830,"minecraft:suspicious_stew":2,"minecraft:spruce_sapling":72,"minecraft:chiseled_stone_bricks":3,"minecraft:cobblestone":961,"minecraft:potion":4,"minecraft:kelp":3,"minecraft:polished_deepslate":1188,"minecraft:oak_sign":14,"minecraft:diamond_hoe":1277,"minecraft:shield":73,"minecraft:iron_sword":983,"minecraft:jungle_planks":1,"minecraft:carrot":6,"minecraft:tuff":69,"minecraft:obsidian":48,"minecraft:coal_ore":20,"minecraft:quartz_slab":2,"minecraft:stone_bricks":410,"minecraft:deepslate_diamond_ore":5,"minecraft:hay_block":2,"minecraft:dark_oak_stairs":1,"minecraft:wither_skeleton_skull":5,"minecraft:stone_pickaxe":120,"minecraft:jungle_fence":1,"minecraft:oak_planks":30,"minecraft:deepslate_redstone_ore":8,"minecraft:crossbow":59,"minecraft:shears":10,"minecraft:creeper_spawn_egg":5,"waystones:waystone":9,"easy_villagers:villager":6,"minecraft:music_disc_mall":1,"minecraft:bread":263,"minecraft:gravel":21,"iceandfire:dragon_skull_fire":1,"minecraft:grindstone":1,"minecraft:bone_meal":178,"minecraft:trident":149,"minecraft:flint_and_steel":7,"minecraft:dried_kelp":17,"iceandfire:armor_silver_helmet":1,"minecraft:spruce_planks":32,"minecraft:dirt":34,"ironchest:diamond_chest":4,"scalinghealth:heart_crystal":98,"minecraft:hopper":3,"minecraft:granite":1,"minecraft:dark_oak_planks":10,"minecraft:stone_brick_slab":5,"minecraft:bookshelf":17,"minecraft:iron_boots":1,"scalinghealth:power_crystal":17,"minecraft:golden_carrot":42,"minecraft:soul_soil":4,"ironchest:gold_chest":1,"minecraft:cooked_beef":31,"iceandfire:dragonbone_pickaxe":27522,"minecraft:iron_leggings":1,"minecraft:brain_coral_block":2,"minecraft:cooked_mutton":4,"scalinghealth:chance_heart":9,"minecraft:stonecutter":2,"minecraft:cobblestone_slab":16,"minecraft:apple":36,"iceandfire:dragonbone_bow":172,"minecraft:fishing_rod":1,"fabledweaponry:scythe_diamond":2420,"minecraft:bucket":92},"minecraft:dropped":{"iceandfire:chared_stone":35,"minecraft:iron_sword":3,"iceandfire:raw_silver":5,"minecraft:porkchop":7,"minecraft:lapis_lazuli":2,"minecraft:glow_ink_sac":3,"minecraft:glass_bottle":3,"minecraft:pitcher_pod":1,"minecraft:dark_oak_slab":11,"minecraft:crossbow":2,"minecraft:mossy_stone_brick_stairs":2,"minecraft:cracked_stone_bricks":8,"minecraft:leather_helmet":3,"minecraft:red_mushroom":5,"minecraft:emerald":25,"minecraft:packed_mud":4,"minecraft:dirt":264,"minecraft:stone_button":3,"minecraft:dark_oak_fence":1,"minecraft:chain":1,"minecraft:gold_nugget":9,"minecraft:iron_pickaxe":1,"minecraft:white_wool":6,"minecraft:bone":413,"minecraft:oak_door":2,"minecraft:iron_nugget":3,"minecraft:golden_chestplate":9,"minecraft:cobbled_deepslate":1104,"minecraft:obsidian":1,"minecraft:rotten_flesh":81,"minecraft:oak_planks":14,"minecraft:nether_brick_fence":3,"minecraft:white_bed":1,"minecraft:salmon":1,"iceandfire:sapphire_gem":1,"minecraft:deepslate_tiles":1105,"minecraft:quartz_block":3,"minecraft:leather_boots":17,"fabledweaponry:maul_diamond":1,"minecraft:leather_leggings":14,"improvableskills:scroll_normal":1,"minecraft:spruce_slab":5,"minecraft:red_nether_bricks":9,"fabledweaponry:scythe_diamond":1,"minecraft:stone_brick_stairs":5,"iceandfire:armor_bronze_leggings":1,"minecraft:egg":1,"minecraft:golden_boots":24,"minecraft:wheat_seeds":92,"minecraft:creeper_spawn_egg":2,"minecraft:iron_helmet":5,"minecraft:oak_fence":1,"minecraft:feather":5,"minecraft:cobblestone":1551,"minecraft:granite":236,"minecraft:chainmail_helmet":2,"minecraft:coal":18,"minecraft:jungle_slab":2,"minecraft:diamond_helmet":2,"minecraft:oak_stairs":10,"minecraft:mossy_cobblestone_stairs":1,"minecraft:chainmail_leggings":5,"minecraft:paper":1,"minecraft:string":2,"minecraft:acacia_planks":1,"iceandfire:frozen_cobblestone":2,"iceandfire:silver_nugget":94,"iceandfire:dragonscales_gray":26,"minecraft:soul_soil":2,"minecraft:stone_sword":3,"minecraft:bowl":2,"minecraft:deepslate":80,"minecraft:chicken":9,"iceandfire:armor_bronze_boots":1,"minecraft:iron_boots":7,"iceandfire:armor_bronze_chestplate":1,"minecraft:oak_sign":2,"minecraft:spruce_fence":9,"minecraft:polished_deepslate_stairs":1,"iceandfire:dragon_ice":4,"minecraft:diamond_sword":2,"minecraft:cobblestone_slab":7,"minecraft:stone":8,"minecraft:flower_pot":2,"minecraft:peony":1,"minecraft:spruce_planks":500,"minecraft:redstone_torch":3,"minecraft:spider_eye":17,"minecraft:stone_bricks":17,"minecraft:bow":298,"minecraft:magma_block":12,"scalinghealth:bandages":189,"minecraft:candle":8,"minecraft:birch_planks":5,"minecraft:dark_oak_stairs":4,"minecraft:oak_log":31,"iceandfire:armor_bronze_helmet":1,"minecraft:decorated_pot":1,"minecraft:leather":1,"minecraft:flint":2,"minecraft:cobblestone_stairs":2,"minecraft:dispenser":1,"minecraft:cornflower":5,"minecraft:mutton":12,"gravestone:obituary":6,"minecraft:amethyst_shard":7,"iceandfire:ash":1,"minecraft:polished_blackstone_bricks":2,"minecraft:gold_ingot":2,"minecraft:cauldron":1,"minecraft:gravel":152,"iceandfire:dragon_ice_spikes":2,"iceandfire:frozen_stone":33,"sophisticatedbackpacks:diamond_backpack":1,"minecraft:chainmail_chestplate":1,"minecraft:poppy":3,"minecraft:leather_chestplate":12,"minecraft:gunpowder":518,"minecraft:melon_seeds":4,"minecraft:stone_brick_wall":12,"minecraft:chainmail_boots":5,"minecraft:iron_ore":1,"minecraft:iron_bars":5,"minecraft:arrow":493,"minecraft:quartz":37,"minecraft:netherrack":344,"minecraft:bread":4,"minecraft:golden_helmet":8,"minecraft:deepslate_iron_ore":4,"minecraft:mossy_cobblestone":10,"minecraft:poisonous_potato":3,"minecraft:golden_axe":1,"minecraft:andesite_wall":3,"scalinghealth:heart_crystal_shard":103,"minecraft:copper_ingot":5,"minecraft:spruce_stairs":7,"minecraft:grass_block":155,"minecraft:stick":7,"scalinghealth:medkit":18,"scalinghealth:heart_crystal":13,"minecraft:nether_wart_block":3,"iceandfire:sapphire_ore":1,"minecraft:iron_door":3,"minecraft:iron_leggings":4,"minecraft:iron_axe":2,"minecraft:tripwire_hook":1,"minecraft:dandelion":4,"minecraft:smooth_basalt":4,"minecraft:redstone":1,"minecraft:polished_deepslate":3,"minecraft:coarse_dirt":6,"minecraft:raw_copper":12,"minecraft:tuff":587,"minecraft:raw_iron":3,"minecraft:stripped_oak_log":1,"improvableskills:skills_book":1,"minecraft:skeleton_spawn_egg":1,"minecraft:deepslate_bricks":7,"minecraft:shield":2,"minecraft:diamond_chestplate":3,"minecraft:iron_chestplate":2,"minecraft:andesite":401,"minecraft:mossy_stone_bricks":11,"minecraft:golden_leggings":10,"minecraft:oak_sapling":1,"minecraft:diamond_boots":1,"minecraft:spruce_log":417,"minecraft:wooden_pickaxe":2},"minecraft:mined":{"minecraft:dark_oak_planks":8,"stoneworks:stone_plates":1,"minecraft:white_bed":7,"minecraft:cherry_log":1,"minecraft:red_nether_bricks":10,"minecraft:obsidian":29,"minecraft:granite":243,"minecraft:acacia_log":10,"minecraft:stone_brick_wall":6,"minecraft:deepslate_bricks":171,"minecraft:coal_block":1,"minecraft:oxeye_daisy":3,"minecraft:hopper":7,"minecraft:oak_wall_sign":1,"minecraft:nether_wart":1,"minecraft:chiseled_stone_bricks":1,"minecraft:spawner":148,"minecraft:polished_blackstone_bricks":29,"minecraft:tall_seagrass":1,"minecraft:magma_block":11,"minecraft:mossy_cobblestone_stairs":16,"minecraft:fire":125,"minecraft:cobbled_deepslate":189,"minecraft:fletching_table":1,"minecraft:deepslate_lapis_ore":12,"minecraft:nether_brick_stairs":12,"minecraft:enchanting_table":2,"minecraft:sculk_shrieker":6,"iceandfire:gold_pile":47,"minecraft:water_cauldron":1,"minecraft:oak_stairs":5,"scalinghealth:deepslate_power_crystal_ore":10,"minecraft:quartz_slab":3,"minecraft:tripwire":3,"minecraft:brown_mushroom":4,"minecraft:red_bed":1,"minecraft:kelp_plant":12,"minecraft:smoker":1,"minecraft:crimson_nylium":2,"minecraft:soul_fire":30,"minecraft:torch":12,"minecraft:blast_furnace":4,"iceandfire:sapphire_ore":1,"minecraft:sugar_cane":1,"minecraft:damaged_anvil":1,"minecraft:bricks":2,"minecraft:chain":1,"minecraft:wheat":22,"minecraft:stone_brick_stairs":23,"minecraft:grass":476,"minecraft:loom":1,"minecraft:smooth_basalt":6,"minecraft:red_mushroom_block":18,"minecraft:stonecutter":1,"minecraft:deepslate":8400,"minecraft:infested_deepslate":16,"minecraft:deepslate_tiles":42,"iceandfire:silver_ore":3,"minecraft:mossy_cobblestone":30,"minecraft:nether_bricks":49,"minecraft:dark_oak_fence":1,"minecraft:spruce_fence":9,"minecraft:jungle_planks":18,"minecraft:redstone_wire":1,"minecraft:kelp":12,"minecraft:packed_mud":3,"minecraft:andesite":635,"minecraft:mossy_stone_brick_stairs":6,"minecraft:cobblestone_slab":7,"minecraft:vine":33,"minecraft:smithing_table":2,"minecraft:oak_slab":6,"minecraft:soul_sand":22,"minecraft:stone_brick_slab":4,"minecraft:dandelion":4,"minecraft:cornflower":4,"minecraft:copper_ore":11,"minecraft:tall_grass":101,"minecraft:deepslate_gold_ore":23,"minecraft:coarse_dirt":262,"minecraft:spruce_log":1932,"minecraft:birch_leaves":7,"minecraft:jungle_fence":1,"iceandfire:silver_pile":1,"minecraft:pitcher_crop":1,"minecraft:gravel":285,"minecraft:dripstone_block":1,"minecraft:cobweb":5,"minecraft:stone_bricks":129,"minecraft:chipped_anvil":1,"minecraft:gold_ore":1,"minecraft:deepslate_emerald_ore":1,"minecraft:fern":2,"minecraft:spruce_planks":33,"minecraft:stone_pressure_plate":4,"minecraft:jungle_slab":1,"minecraft:cobblestone_stairs":4,"minecraft:sculk_vein":138,"minecraft:grass_block":2732,"minecraft:cracked_polished_blackstone_bricks":9,"minecraft:soul_soil":16,"minecraft:polished_blackstone_brick_slab":1,"minecraft:composter":2,"minecraft:gilded_blackstone":2,"minecraft:raw_iron_block":2,"minecraft:sculk_catalyst":15,"minecraft:iron_ore":108,"minecraft:anvil":1,"minecraft:dark_oak_stairs":4,"minecraft:skeleton_wall_skull":1,"minecraft:iron_bars":33,"minecraft:spruce_slab":9,"minecraft:deepslate_redstone_ore":114,"minecraft:quartz_block":31,"minecraft:polished_deepslate_stairs":1,"minecraft:clay":1,"iceandfire:dragon_ice_spikes":10,"minecraft:calcite":3,"minecraft:poppy":5,"minecraft:chest":2,"minecraft:mushroom_stem":4,"minecraft:nether_quartz_ore":11,"minecraft:wither_skeleton_wall_skull":3,"minecraft:cobblestone":432,"minecraft:grindstone":3,"minecraft:oak_planks":8,"minecraft:iron_door":4,"minecraft:wall_torch":12,"minecraft:cauldron":1,"minecraft:pink_petals":2,"minecraft:dark_oak_slab":11,"minecraft:nether_wart_block":3,"minecraft:birch_log":12,"ironchest:diamond_chest":1,"minecraft:smooth_stone_slab":4,"minecraft:oak_log":84,"minecraft:sand":22,"minecraft:dirt":1257,"minecraft:crimson_planks":4,"minecraft:tripwire_hook":5,"minecraft:dispenser":1,"minecraft:ancient_debris":3,"minecraft:netherrack":1018,"minecraft:oak_leaves":59,"iceandfire:chared_stone":37,"minecraft:granite_wall":1,"minecraft:nether_gold_ore":22,"minecraft:diamond_ore":2,"minecraft:tuff":1557,"minecraft:deepslate_diamond_ore":120,"minecraft:candle":2,"minecraft:oak_door":1,"iceandfire:frozen_cobblestone":20,"minecraft:gray_stained_glass_pane":4,"minecraft:glow_lichen":15,"gravestone:gravestone":3,"minecraft:purple_terracotta":10,"iceandfire:frozen_stone":42,"minecraft:birch_slab":4,"minecraft:spruce_leaves":84,"iceandfire:dragon_ice":1,"minecraft:rooted_dirt":10,"minecraft:crimson_stem":23,"minecraft:large_fern":2,"minecraft:hay_block":67,"minecraft:oxidized_cut_copper":2,"minecraft:oak_trapdoor":6,"minecraft:spruce_sapling":13,"minecraft:furnace":10,"minecraft:raw_gold_block":6,"minecraft:stripped_spruce_log":2,"minecraft:peony":1,"minecraft:nether_brick_fence":3,"minecraft:polished_deepslate":31,"minecraft:bookshelf":42,"minecraft:deepslate_iron_ore":31,"minecraft:shroomlight":1,"minecraft:stone":15140,"scalinghealth:heart_crystal_ore":1,"minecraft:acacia_leaves":6,"minecraft:stripped_dark_oak_log":1,"minecraft:basalt":4,"minecraft:oak_fence":4,"minecraft:crafting_table":7,"minecraft:sculk_sensor":46,"minecraft:lectern":2,"minecraft:andesite_wall":1,"minecraft:stone_slab":1,"minecraft:deepslate_coal_ore":1,"minecraft:lapis_ore":2,"minecraft:sculk":1069,"minecraft:spruce_stairs":7,"minecraft:brick_slab":1,"minecraft:sweet_berry_bush":1,"minecraft:coal_ore":359,"minecraft:cherry_leaves":3,"minecraft:flower_pot":2,"minecraft:lodestone":1,"minecraft:cracked_stone_bricks":36,"minecraft:mossy_stone_bricks":30,"minecraft:crimson_hyphae":2},"minecraft:picked_up":{"minecraft:iron_chestplate":1,"minecraft:chainmail_boots":7,"minecraft:flower_pot":4,"minecraft:anvil":1,"minecraft:prismarine_shard":4,"minecraft:oak_stairs":11,"minecraft:enchanted_book":2,"minecraft:polished_deepslate":31,"minecraft:string":57,"minecraft:soul_soil":16,"minecraft:red_nether_bricks":9,"minecraft:shroomlight":1,"minecraft:gold_nugget":699,"minecraft:cobbled_deepslate":7345,"minecraft:spruce_planks":26,"minecraft:coal_block":1,"minecraft:golden_helmet":6,"minecraft:acacia_log":10,"minecraft:golden_axe":2,"minecraft:cherry_log":1,"ironchest:diamond_chest":1,"minecraft:golden_chestplate":7,"minecraft:cauldron":1,"minecraft:zombie_spawn_egg":5,"minecraft:stone_sword":7,"iceandfire:fire_dragon_heart":4,"minecraft:iron_bars":19,"minecraft:birch_log":12,"minecraft:cave_spider_spawn_egg":2,"iceandfire:sapphire_gem":1,"minecraft:magma_block":12,"minecraft:feather":13,"minecraft:cooked_beef":6,"minecraft:iron_door":4,"minecraft:birch_slab":4,"minecraft:smoker":1,"minecraft:flint":14,"minecraft:zombie_villager_spawn_egg":1,"minecraft:chipped_anvil":1,"minecraft:stonecutter":1,"minecraft:diamond_helmet":2,"minecraft:pitcher_pod":1,"minecraft:glow_lichen":17,"iceandfire:dragonscales_sapphire":36,"iceandfire:dragon_skull_fire":2,"iceandfire:shiny_scales":10,"scalinghealth:enchanted_heart":6,"minecraft:stripped_spruce_log":2,"sophisticatedbackpacks:iron_backpack":9,"minecraft:dark_oak_log":3,"minecraft:dispenser":1,"minecraft:deepslate":82,"improvableskills:skills_book":1,"minecraft:lever":3,"minecraft:granite":237,"minecraft:golden_horse_armor":1,"minecraft:bread":3,"minecraft:rooted_dirt":1,"minecraft:dark_oak_fence":1,"minecraft:bricks":2,"iceandfire:raw_silver":5,"iceandfire:dragon_skull_lightning":1,"sophisticatedbackpacks:gold_backpack":5,"minecraft:crafting_table":5,"minecraft:coarse_dirt":6,"iceandfire:witherbone":48,"minecraft:nether_wart":1,"minecraft:clay_ball":4,"minecraft:leather_leggings":7,"gravestone:obituary":2,"minecraft:spider_spawn_egg":7,"minecraft:cornflower":5,"minecraft:cracked_stone_bricks":21,"minecraft:deepslate_diamond_ore":5,"minecraft:beef":19,"minecraft:poppy":4,"minecraft:iron_nugget":9,"minecraft:spruce_slab":12,"minecraft:chest":2,"minecraft:egg":4,"minecraft:stone":3980,"minecraft:raw_gold_block":6,"minecraft:oak_door":2,"minecraft:spruce_fence":10,"minecraft:redstone":500,"minecraft:prismarine_crystals":8,"iceandfire:dragon_skull_ice":9,"minecraft:decorated_pot":1,"minecraft:peony":1,"iceandfire:dragonscales_silver":18,"minecraft:deepslate_bricks":190,"minecraft:diamond_boots":1,"minecraft:hay_block":66,"minecraft:gold_ingot":1,"minecraft:totem_of_undying":6,"sophisticatedbackpacks:copper_backpack":10,"minecraft:glow_berries":1,"minecraft:mutton":12,"minecraft:white_wool":7,"minecraft:stripped_oak_log":1,"iceandfire:sea_serpent_fang":17,"minecraft:tripwire_hook":8,"minecraft:jungle_fence":1,"minecraft:red_mushroom":10,"minecraft:packed_mud":4,"minecraft:ancient_debris":3,"minecraft:oak_log":125,"scalinghealth:bandages":103,"minecraft:golden_boots":12,"iceandfire:dragonscales_blue":55,"scalinghealth:medkit":5,"minecraft:white_banner":12,"minecraft:spawner":92,"minecraft:stone_bricks":97,"minecraft:kelp":83,"minecraft:creeper_spawn_egg":104,"minecraft:iron_ore":19,"scalinghealth:power_crystal_shard":102,"minecraft:glass_bottle":4,"minecraft:iron_sword":1,"minecraft:dark_oak_stairs":5,"iceandfire:chared_stone":35,"minecraft:smooth_basalt":4,"minecraft:dark_oak_slab":11,"minecraft:gravel":232,"minecraft:spruce_sapling":110,"minecraft:spruce_log":1957,"minecraft:leather_helmet":4,"minecraft:coal_ore":87,"fabledweaponry:scythe_diamond":1,"minecraft:stone_axe":1,"minecraft:gray_wool":1,"iceandfire:sapphire_ore":1,"iceandfire:ice_dragon_flesh":42,"minecraft:lodestone":1,"minecraft:stripped_dark_oak_log":1,"minecraft:hopper":7,"minecraft:ender_pearl":10,"minecraft:wheat":15,"minecraft:nether_brick_fence":6,"iceandfire:dragonegg_white":2,"minecraft:potion":3,"minecraft:brain_coral_block":2,"minecraft:stone_brick_stairs":8,"minecraft:crimson_planks":4,"minecraft:raw_copper":53,"minecraft:iron_leggings":4,"minecraft:purple_banner":3,"minecraft:oak_sign":3,"minecraft:deepslate_tiles":42,"minecraft:redstone_torch":3,"minecraft:cobblestone_slab":13,"minecraft:iron_pickaxe":1,"iceandfire:dragonscales_red":2,"minecraft:iron_boots":4,"minecraft:furnace":10,"minecraft:tipped_arrow":69,"minecraft:stick":98,"minecraft:polished_deepslate_stairs":1,"minecraft:oak_fence":1,"minecraft:torch":50,"iceandfire:dragonscales_white":67,"minecraft:spruce_stairs":10,"minecraft:porkchop":7,"minecraft:vine":10,"minecraft:andesite_wall":3,"minecraft:quartz_block":22,"minecraft:rotten_flesh":138,"minecraft:obsidian":46,"stoneworks:stone_plates":1,"minecraft:cobblestone":3953,"minecraft:crimson_hyphae":1,"minecraft:enchanting_table":2,"minecraft:pink_petals":3,"minecraft:leather_chestplate":7,"minecraft:andesite":498,"minecraft:golden_leggings":8,"minecraft:tuff":1214,"minecraft:wither_skeleton_skull":5,"minecraft:lapis_lazuli":259,"minecraft:dirt":309,"iceandfire:dragonscales_bronze":105,"minecraft:leather_boots":12,"minecraft:bone":3173,"minecraft:acacia_planks":3,"minecraft:bow":211,"minecraft:wheat_seeds":113,"minecraft:raw_gold":29,"minecraft:grindstone":1,"minecraft:mossy_stone_bricks":14,"minecraft:oak_planks":11,"minecraft:mossy_stone_brick_stairs":2,"minecraft:enderman_spawn_egg":2,"minecraft:sand":22,"minecraft:jungle_planks":16,"minecraft:grass_block":346,"minecraft:jungle_slab":2,"minecraft:mossy_cobblestone":20,"minecraft:skeleton_spawn_egg":129,"minecraft:diamond":223,"waystones:waystone":12,"iceandfire:dragon_ice":4,"minecraft:crossbow":3,"minecraft:bone_meal":1,"minecraft:golden_apple":1,"minecraft:emerald":127,"scalinghealth:cursed_heart":1,"minecraft:oak_sapling":1,"minecraft:netherrack":787,"iceandfire:silver_nugget":134,"minecraft:nether_star":1,"minecraft:charcoal":2,"minecraft:chicken":9,"minecraft:ladder":1,"minecraft:turtle_helmet":2,"minecraft:brown_mushroom":4,"minecraft:wooden_pickaxe":1,"minecraft:stone_brick_wall":12,"minecraft:gold_block":1,"iceandfire:frozen_cobblestone":33,"minecraft:chain":1,"minecraft:shield":1,"iceandfire:frozen_stone":34,"minecraft:iron_axe":2,"minecraft:quartz_slab":5,"minecraft:candle":8,"improvableskills:scroll_normal":14,"minecraft:echo_shard":3,"scalinghealth:chance_heart":14,"minecraft:lectern":2,"minecraft:sugar_cane":3,"iceandfire:ice_dragon_heart":6,"minecraft:raw_iron":181,"iceandfire:dragonbone":153,"iceandfire:dragonscales_gray":38,"minecraft:copper_ingot":1,"minecraft:polished_blackstone_bricks":2,"minecraft:stone_button":3,"minecraft:trident":1,"minecraft:iron_horse_armor":1,"minecraft:purple_terracotta":10,"minecraft:dark_oak_planks":8,"minecraft:arrow":3431,"minecraft:golden_hoe":1,"minecraft:nether_bricks":24,"minecraft:stripped_dark_oak_wood":2,"minecraft:saddle":3,"minecraft:skeleton_skull":1,"minecraft:glow_ink_sac":3,"minecraft:crimson_stem":13,"minecraft:salmon":2,"minecraft:leather":14,"minecraft:birch_planks":5,"minecraft:nether_wart_block":3,"minecraft:gunpowder":3466,"minecraft:cobblestone_stairs":2,"scalinghealth:heart_crystal":236,"minecraft:cooked_mutton":4,"minecraft:silverfish_spawn_egg":2,"minecraft:iron_ingot":1,"iceandfire:sea_serpent_scales_deepblue":4,"iceandfire:fire_dragon_flesh":27,"minecraft:soul_sand":21,"sophisticatedbackpacks:diamond_backpack":1,"minecraft:book":140,"minecraft:scaffolding":1,"scalinghealth:heart_crystal_shard":207,"iceandfire:dragon_ice_spikes":2,"minecraft:chiseled_stone_bricks":5,"minecraft:stone_brick_slab":5,"iceandfire:ash":1,"minecraft:quartz":37,"minecraft:dandelion":5,"minecraft:raw_iron_block":2,"minecraft:amethyst_shard":7,"minecraft:blast_furnace":3,"minecraft:white_bed":8,"minecraft:spider_eye":19,"minecraft:brick_slab":1,"minecraft:music_disc_mall":1,"minecraft:chainmail_leggings":1,"minecraft:iron_helmet":4,"minecraft:mossy_cobblestone_stairs":5,"minecraft:damaged_anvil":1,"minecraft:netherite_hoe":1,"minecraft:coal":314},"minecraft:broken":{"minecraft:iron_boots":1,"minecraft:iron_sword":1,"minecraft:bow":1,"minecraft:iron_pickaxe":2},"minecraft:custom":{"minecraft:interact_with_crafting_table":118,"minecraft:open_barrel":9,"minecraft:eat_cake_slice":11,"minecraft:leave_game":10,"minecraft:time_since_death":722167,"minecraft:damage_blocked_by_shield":2401,"minecraft:play_time":1345797,"minecraft:deaths":5,"minecraft:jump":19030,"minecraft:enchant_item":34,"minecraft:interact_with_furnace":52,"minecraft:play_record":1,"minecraft:traded_with_villager":8,"minecraft:sleep_in_bed":46,"minecraft:waystone_activated":11,"minecraft:damage_dealt":262181,"minecraft:inspect_dispenser":2,"minecraft:interact_with_smithing_table":1,"minecraft:interact_with_anvil":22,"minecraft:inspect_hopper":23,"minecraft:damage_dealt_absorbed":3807,"minecraft:target_hit":2,"minecraft:sneak_time":104408,"minecraft:interact_with_blast_furnace":1,"minecraft:total_world_time":1345797,"minecraft:tune_noteblock":10,"minecraft:interact_with_stonecutter":7,"minecraft:time_since_rest":4980,"minecraft:use_wand":2285,"minecraft:swim_one_cm":555582,"minecraft:fly_one_cm":4388175,"minecraft:open_chest":245,"minecraft:fall_one_cm":689857,"lootr:looted_stat":466,"minecraft:damage_resisted":205,"minecraft:sprint_one_cm":4649027,"minecraft:drop":960,"minecraft:talked_to_villager":16,"minecraft:interact_with_brewingstand":1,"minecraft:walk_on_water_one_cm":654496,"minecraft:open_enderchest":1,"minecraft:crouch_one_cm":298013,"minecraft:mob_kills":7358,"minecraft:damage_dealt_resisted":51315,"minecraft:climb_one_cm":84144,"minecraft:walk_one_cm":2632122,"minecraft:raid_win":1,"minecraft:walk_under_water_one_cm":194546,"minecraft:boat_one_cm":67036,"minecraft:raid_trigger":3,"minecraft:interact_with_grindstone":14,"minecraft:damage_taken":26239,"minecraft:damage_absorbed":787,"minecraft:minecart_one_cm":11592},"minecraft:crafted":{"iceandfire:dragonbone_axe":1,"minecraft:oak_sign":21,"minecraft:birch_slab":42,"minecraft:bookshelf":13,"spawnermod:spawner_key":2,"minecraft:glass":22,"iceandfire:dragonbone_arrow":5,"scalinghealth:power_crystal":17,"minecraft:emerald":27,"iceandfire:dragonscale_silver":1,"iceandfire:wither_shard":3,"minecraft:iron_block":41,"minecraft:gold_ingot":71,"fabledweaponry:aegis_diamond":1,"minecraft:diamond_hoe":2,"iceandfire:dragonforge_ice_brick":8,"minecraft:bone_meal":209,"minecraft:ladder":72,"fabledweaponry:maul_diamond":1,"minecraft:stone_pickaxe":1,"minecraft:dark_oak_planks":12,"minecraft:wheat":558,"constructionwand:diamond_wand":2,"ironchest:gold_chest":4,"iceandfire:dragonforge_ice_input":1,"sophisticatedbackpacks:gold_backpack":5,"minecraft:deepslate_tiles":1936,"minecraft:enchanted_book":7,"minecraft:iron_leggings":1,"minecraft:white_bed":2,"iceandfire:armor_bronze_leggings":1,"minecraft:oak_planks":320,"minecraft:cobblestone_slab":24,"iceandfire:armor_silver_boots":1,"minecraft:dark_oak_boat":1,"minecraft:stone":259,"minecraft:hopper":3,"minecraft:iron_boots":1,"improvableskills:skills_book":1,"minecraft:chest":22,"minecraft:stone_bricks":272,"minecraft:raw_iron_block":8,"sophisticatedbackpacks:backpack":1,"minecraft:crafting_table":14,"minecraft:spruce_planks":912,"minecraft:wooden_pickaxe":1,"minecraft:iron_helmet":1,"iceandfire:dragonscale_white":6,"minecraft:gold_block":31,"minecraft:birch_planks":48,"iceandfire:dragonbone_bow":3,"ironchest:diamond_chest":3,"minecraft:dark_oak_slab":6,"minecraft:paper":3,"iceandfire:armor_blue_leggings":1,"minecraft:shield":1,"sophisticatedbackpacks:diamond_backpack":6,"minecraft:stick":304,"minecraft:iron_ingot":61,"iceandfire:dragonscale_sapphire":4,"minecraft:deepslate_bricks":4744,"iceandfire:armor_bronze_helmet":1,"minecraft:shears":2,"minecraft:cherry_planks":4,"minecraft:raw_iron":9,"iceandfire:armor_blue_chestplate":1,"minecraft:furnace":12,"fabledweaponry:scythe_diamond":2,"minecraft:diamond_block":4,"minecraft:flint_and_steel":2,"minecraft:polished_deepslate":5928,"minecraft:iron_axe":2,"iceandfire:armor_bronze_chestplate":1,"iceandfire:dragon_bone_block":4,"minecraft:birch_sign":6,"sophisticatedbackpacks:iron_backpack":3,"minecraft:cooked_cod":4,"minecraft:crimson_planks":52,"iceandfire:armor_bronze_boots":1,"minecraft:iron_sword":1,"scalinghealth:heart_crystal":4,"minecraft:bucket":5,"minecraft:air":0,"iceandfire:dragonbone_pickaxe":5,"minecraft:bread":194,"iceandfire:dragonscale_blue":2,"minecraft:stonecutter":1,"minecraft:anvil":1,"minecraft:acacia_planks":40,"minecraft:torch":384,"iceandfire:armor_silver_helmet":1,"ironchest:iron_chest":4}},"DataVersion":3465}