{"stats":{"minecraft:dropped":{"iceandfire:chared_stone":35,"minecraft:iron_sword":3,"iceandfire:raw_silver":5,"minecraft:porkchop":7,"minecraft:glow_ink_sac":3,"minecraft:glass_bottle":2,"minecraft:pitcher_pod":1,"minecraft:dark_oak_slab":11,"minecraft:crossbow":2,"minecraft:mossy_stone_brick_stairs":2,"minecraft:cracked_stone_bricks":8,"minecraft:leather_helmet":1,"minecraft:red_mushroom":5,"minecraft:emerald":25,"minecraft:dirt":44,"minecraft:packed_mud":4,"minecraft:stone_button":3,"minecraft:dark_oak_fence":1,"minecraft:gold_nugget":5,"minecraft:iron_pickaxe":1,"minecraft:white_wool":6,"minecraft:bone":20,"minecraft:oak_door":2,"minecraft:iron_nugget":3,"minecraft:cobbled_deepslate":456,"minecraft:rotten_flesh":63,"minecraft:oak_planks":2,"minecraft:white_bed":1,"minecraft:salmon":1,"iceandfire:sapphire_gem":1,"minecraft:quartz_block":3,"fabledweaponry:maul_diamond":1,"minecraft:spruce_slab":5,"minecraft:stone_brick_stairs":5,"iceandfire:armor_bronze_leggings":1,"minecraft:golden_boots":1,"minecraft:wheat_seeds":66,"minecraft:feather":5,"minecraft:oak_fence":1,"minecraft:iron_helmet":2,"minecraft:cobblestone":801,"minecraft:granite":236,"minecraft:coal":15,"minecraft:jungle_slab":2,"minecraft:diamond_helmet":2,"minecraft:oak_stairs":10,"minecraft:mossy_cobblestone_stairs":1,"minecraft:paper":1,"minecraft:string":2,"minecraft:acacia_planks":1,"iceandfire:frozen_cobblestone":2,"iceandfire:silver_nugget":94,"iceandfire:dragonscales_gray":26,"minecraft:soul_soil":2,"minecraft:stone_sword":2,"minecraft:bowl":2,"minecraft:deepslate":80,"minecraft:chicken":9,"iceandfire:armor_bronze_boots":1,"minecraft:iron_boots":4,"iceandfire:armor_bronze_chestplate":1,"minecraft:spruce_fence":9,"minecraft:oak_sign":2,"minecraft:polished_deepslate_stairs":1,"iceandfire:dragon_ice":4,"minecraft:diamond_sword":2,"minecraft:stone":5,"minecraft:flower_pot":2,"minecraft:peony":1,"minecraft:stone_bricks":17,"minecraft:spider_eye":12,"minecraft:bow":2,"scalinghealth:bandages":7,"minecraft:candle":8,"minecraft:dark_oak_stairs":4,"iceandfire:armor_bronze_helmet":1,"minecraft:oak_log":31,"minecraft:decorated_pot":1,"minecraft:leather":1,"minecraft:cobblestone_stairs":2,"minecraft:flint":2,"minecraft:dispenser":1,"minecraft:cornflower":2,"minecraft:mutton":12,"gravestone:obituary":6,"iceandfire:ash":1,"minecraft:gravel":50,"iceandfire:dragon_ice_spikes":2,"iceandfire:frozen_stone":33,"sophisticatedbackpacks:diamond_backpack":1,"minecraft:leather_chestplate":3,"minecraft:gunpowder":1,"minecraft:melon_seeds":4,"minecraft:chainmail_boots":2,"minecraft:iron_ore":1,"minecraft:iron_bars":2,"minecraft:arrow":2,"minecraft:quartz":23,"minecraft:netherrack":112,"minecraft:bread":4,"minecraft:deepslate_iron_ore":4,"minecraft:mossy_cobblestone":10,"minecraft:poisonous_potato":3,"minecraft:andesite_wall":3,"minecraft:copper_ingot":5,"minecraft:spruce_stairs":7,"minecraft:stick":3,"iceandfire:sapphire_ore":1,"minecraft:iron_door":3,"minecraft:iron_leggings":1,"minecraft:iron_axe":1,"minecraft:tripwire_hook":1,"minecraft:redstone":1,"minecraft:polished_deepslate":1,"minecraft:raw_copper":12,"minecraft:tuff":27,"minecraft:raw_iron":1,"minecraft:stripped_oak_log":1,"improvableskills:skills_book":1,"minecraft:deepslate_bricks":4,"minecraft:shield":2,"minecraft:diamond_chestplate":3,"minecraft:iron_chestplate":2,"minecraft:andesite":401,"minecraft:mossy_stone_bricks":11,"minecraft:oak_sapling":1,"minecraft:diamond_boots":1,"minecraft:wooden_pickaxe":2},"minecraft:killed":{"minecraft:cave_spider":10,"minecraft:skeleton":94,"minecraft:chicken":8,"minecraft:salmon":2,"minecraft:pillager":72,"minecraft:zombie":99,"minecraft:cow":11,"iceandfire:sea_serpent":2,"minecraft:evoker":5,"minecraft:vindicator":57,"iceandfire:siren":3,"iceandfire:cyclops":1,"minecraft:ravager":3,"iceandfire:ice_dragon":6,"minecraft:zombified_piglin":1,"minecraft:witch":11,"minecraft:spider":43,"minecraft:wither":1,"minecraft:bee":1,"minecraft:piglin_brute":1,"minecraft:piglin":4,"minecraft:pig":4,"minecraft:zombie_villager":11,"minecraft:creeper":13,"minecraft:sheep":11,"minecraft:stray":18,"minecraft:ghast":1,"minecraft:vex":8,"minecraft:phantom":1,"iceandfire:fire_dragon":6,"minecraft:drowned":18,"iceandfire:troll":1,"minecraft:wither_skeleton":91},"minecraft:crafted":{"iceandfire:dragonbone_axe":1,"minecraft:birch_slab":42,"minecraft:bookshelf":13,"scalinghealth:power_crystal":1,"iceandfire:dragonscale_silver":1,"minecraft:iron_block":41,"minecraft:gold_ingot":62,"fabledweaponry:aegis_diamond":1,"minecraft:diamond_hoe":1,"iceandfire:dragonforge_ice_brick":8,"fabledweaponry:maul_diamond":1,"minecraft:stone_pickaxe":1,"minecraft:dark_oak_planks":12,"minecraft:wheat":432,"iceandfire:dragonforge_ice_input":1,"sophisticatedbackpacks:gold_backpack":1,"minecraft:enchanted_book":7,"minecraft:iron_leggings":1,"iceandfire:armor_bronze_leggings":1,"minecraft:oak_planks":164,"iceandfire:armor_silver_boots":1,"minecraft:dark_oak_boat":1,"minecraft:iron_boots":1,"improvableskills:skills_book":1,"minecraft:chest":17,"minecraft:stone_bricks":16,"minecraft:raw_iron_block":8,"sophisticatedbackpacks:backpack":1,"minecraft:crafting_table":7,"minecraft:spruce_planks":124,"minecraft:wooden_pickaxe":1,"minecraft:iron_helmet":1,"iceandfire:dragonscale_white":6,"minecraft:gold_block":31,"minecraft:birch_planks":48,"minecraft:dark_oak_slab":6,"minecraft:paper":3,"iceandfire:armor_blue_leggings":1,"minecraft:shield":1,"sophisticatedbackpacks:diamond_backpack":1,"minecraft:stick":140,"minecraft:iron_ingot":34,"iceandfire:dragonscale_sapphire":4,"iceandfire:armor_bronze_helmet":1,"minecraft:cherry_planks":4,"minecraft:raw_iron":9,"iceandfire:armor_blue_chestplate":1,"minecraft:furnace":2,"fabledweaponry:scythe_diamond":1,"minecraft:diamond_block":3,"minecraft:flint_and_steel":1,"minecraft:iron_axe":2,"iceandfire:armor_bronze_chestplate":1,"iceandfire:dragon_bone_block":4,"sophisticatedbackpacks:iron_backpack":1,"minecraft:cooked_cod":4,"iceandfire:armor_bronze_boots":1,"minecraft:iron_sword":1,"minecraft:bucket":5,"iceandfire:dragonbone_pickaxe":3,"minecraft:bread":146,"minecraft:air":0,"iceandfire:dragonscale_blue":2,"minecraft:anvil":1,"minecraft:acacia_planks":40,"minecraft:torch":128,"iceandfire:armor_silver_helmet":1},"minecraft:picked_up":{"minecraft:iron_chestplate":1,"minecraft:chainmail_boots":2,"minecraft:flower_pot":4,"minecraft:anvil":1,"minecraft:prismarine_shard":4,"minecraft:oak_stairs":11,"minecraft:enchanted_book":2,"minecraft:polished_deepslate":1,"minecraft:string":53,"minecraft:soul_soil":16,"minecraft:cobbled_deepslate":717,"minecraft:gold_nugget":684,"minecraft:spruce_planks":24,"minecraft:coal_block":1,"minecraft:golden_helmet":1,"minecraft:acacia_log":10,"minecraft:cherry_log":1,"minecraft:zombie_spawn_egg":3,"minecraft:stone_sword":5,"iceandfire:fire_dragon_heart":4,"minecraft:iron_bars":16,"minecraft:birch_log":12,"minecraft:cave_spider_spawn_egg":2,"iceandfire:sapphire_gem":1,"minecraft:magma_block":6,"minecraft:feather":13,"minecraft:cooked_beef":6,"minecraft:iron_door":4,"minecraft:birch_slab":4,"minecraft:smoker":1,"minecraft:flint":6,"minecraft:chipped_anvil":1,"minecraft:diamond_helmet":1,"minecraft:pitcher_pod":1,"iceandfire:dragonscales_sapphire":36,"iceandfire:dragon_skull_fire":2,"iceandfire:shiny_scales":10,"scalinghealth:enchanted_heart":1,"sophisticatedbackpacks:iron_backpack":2,"minecraft:dark_oak_log":3,"minecraft:dispenser":1,"minecraft:deepslate":82,"improvableskills:skills_book":1,"minecraft:lever":3,"minecraft:granite":237,"minecraft:golden_horse_armor":1,"minecraft:bread":3,"minecraft:rooted_dirt":1,"minecraft:dark_oak_fence":1,"minecraft:bricks":2,"iceandfire:raw_silver":5,"iceandfire:dragon_skull_lightning":1,"minecraft:crafting_table":2,"iceandfire:witherbone":48,"minecraft:nether_wart":1,"minecraft:clay_ball":4,"minecraft:leather_leggings":1,"gravestone:obituary":2,"minecraft:spider_spawn_egg":7,"minecraft:cornflower":2,"minecraft:cracked_stone_bricks":21,"minecraft:deepslate_diamond_ore":5,"minecraft:beef":19,"minecraft:iron_nugget":9,"minecraft:spruce_slab":12,"minecraft:egg":2,"minecraft:stone":24,"minecraft:raw_gold_block":3,"minecraft:oak_door":2,"minecraft:spruce_fence":10,"minecraft:redstone":256,"minecraft:prismarine_crystals":8,"iceandfire:dragon_skull_ice":9,"minecraft:decorated_pot":1,"minecraft:peony":1,"iceandfire:dragonscales_silver":18,"minecraft:deepslate_bricks":4,"minecraft:diamond_boots":1,"minecraft:hay_block":66,"minecraft:gold_ingot":1,"minecraft:totem_of_undying":6,"sophisticatedbackpacks:copper_backpack":1,"minecraft:glow_berries":1,"minecraft:mutton":12,"minecraft:white_wool":7,"minecraft:stripped_oak_log":1,"iceandfire:sea_serpent_fang":17,"minecraft:tripwire_hook":8,"minecraft:jungle_fence":1,"minecraft:red_mushroom":10,"minecraft:packed_mud":4,"minecraft:ancient_debris":3,"minecraft:oak_log":89,"scalinghealth:bandages":13,"minecraft:golden_boots":1,"iceandfire:dragonscales_blue":55,"minecraft:white_banner":9,"minecraft:spawner":92,"minecraft:stone_bricks":67,"minecraft:creeper_spawn_egg":2,"minecraft:iron_ore":1,"scalinghealth:power_crystal_shard":13,"minecraft:glass_bottle":3,"minecraft:iron_sword":1,"minecraft:dark_oak_stairs":5,"iceandfire:chared_stone":35,"minecraft:smooth_basalt":2,"minecraft:dark_oak_slab":11,"minecraft:gravel":65,"minecraft:spruce_log":7,"minecraft:leather_helmet":1,"minecraft:stone_axe":1,"iceandfire:sapphire_ore":1,"iceandfire:ice_dragon_flesh":42,"minecraft:lodestone":1,"minecraft:stripped_dark_oak_log":1,"minecraft:hopper":7,"minecraft:wheat":15,"iceandfire:dragonegg_white":2,"minecraft:brain_coral_block":2,"minecraft:potion":3,"minecraft:stone_brick_stairs":8,"minecraft:crimson_planks":4,"minecraft:raw_copper":29,"minecraft:iron_leggings":3,"minecraft:purple_banner":3,"minecraft:oak_sign":2,"minecraft:iron_pickaxe":1,"minecraft:furnace":3,"iceandfire:dragonscales_red":2,"minecraft:iron_boots":1,"minecraft:tipped_arrow":69,"minecraft:stick":11,"minecraft:polished_deepslate_stairs":1,"minecraft:oak_fence":1,"minecraft:torch":38,"iceandfire:dragonscales_white":67,"minecraft:spruce_stairs":10,"minecraft:porkchop":7,"minecraft:andesite_wall":3,"minecraft:quartz_block":22,"minecraft:rotten_flesh":102,"minecraft:obsidian":37,"minecraft:cobblestone":2010,"minecraft:enchanting_table":2,"minecraft:pink_petals":3,"minecraft:leather_chestplate":2,"minecraft:andesite":498,"minecraft:tuff":38,"minecraft:wither_skeleton_skull":5,"minecraft:lapis_lazuli":9,"minecraft:dirt":93,"iceandfire:dragonscales_bronze":105,"minecraft:leather_boots":1,"minecraft:bone":199,"minecraft:acacia_planks":3,"minecraft:bow":6,"minecraft:wheat_seeds":86,"minecraft:raw_gold":9,"minecraft:grindstone":1,"minecraft:mossy_stone_bricks":14,"minecraft:oak_planks":10,"minecraft:mossy_stone_brick_stairs":2,"minecraft:enderman_spawn_egg":2,"minecraft:jungle_planks":16,"minecraft:mossy_cobblestone":20,"minecraft:jungle_slab":2,"minecraft:skeleton_spawn_egg":2,"minecraft:diamond":31,"waystones:waystone":8,"iceandfire:dragon_ice":4,"minecraft:crossbow":2,"minecraft:golden_apple":1,"minecraft:emerald":78,"scalinghealth:cursed_heart":1,"minecraft:oak_sapling":1,"minecraft:netherrack":327,"iceandfire:silver_nugget":134,"minecraft:nether_star":1,"minecraft:charcoal":2,"minecraft:chicken":9,"minecraft:ladder":1,"minecraft:turtle_helmet":2,"minecraft:brown_mushroom":4,"minecraft:wooden_pickaxe":1,"iceandfire:frozen_cobblestone":33,"minecraft:shield":1,"iceandfire:frozen_stone":34,"minecraft:iron_axe":2,"minecraft:quartz_slab":5,"minecraft:candle":8,"improvableskills:scroll_normal":5,"minecraft:echo_shard":3,"minecraft:lectern":2,"minecraft:sugar_cane":3,"iceandfire:ice_dragon_heart":6,"minecraft:raw_iron":145,"iceandfire:dragonbone":153,"iceandfire:dragonscales_gray":38,"minecraft:copper_ingot":1,"minecraft:stone_button":3,"minecraft:trident":1,"minecraft:purple_terracotta":10,"minecraft:dark_oak_planks":8,"minecraft:arrow":190,"minecraft:nether_bricks":9,"minecraft:golden_hoe":1,"minecraft:stripped_dark_oak_wood":2,"minecraft:saddle":3,"minecraft:skeleton_skull":1,"minecraft:glow_ink_sac":3,"minecraft:salmon":2,"minecraft:leather":14,"minecraft:gunpowder":9,"minecraft:cobblestone_stairs":2,"scalinghealth:heart_crystal":17,"minecraft:silverfish_spawn_egg":1,"minecraft:iron_ingot":1,"minecraft:soul_sand":21,"iceandfire:fire_dragon_flesh":27,"iceandfire:sea_serpent_scales_deepblue":4,"sophisticatedbackpacks:diamond_backpack":1,"minecraft:book":120,"minecraft:scaffolding":1,"scalinghealth:heart_crystal_shard":16,"iceandfire:dragon_ice_spikes":2,"minecraft:chiseled_stone_bricks":5,"minecraft:stone_brick_slab":5,"iceandfire:ash":1,"minecraft:quartz":30,"minecraft:raw_iron_block":2,"minecraft:blast_furnace":3,"minecraft:white_bed":4,"minecraft:spider_eye":13,"minecraft:brick_slab":1,"minecraft:music_disc_mall":1,"minecraft:mossy_cobblestone_stairs":5,"minecraft:damaged_anvil":1,"minecraft:netherite_hoe":1,"minecraft:coal":243},"minecraft:custom":{"minecraft:interact_with_crafting_table":62,"minecraft:open_barrel":8,"minecraft:eat_cake_slice":11,"minecraft:leave_game":7,"minecraft:time_since_death":165069,"minecraft:damage_blocked_by_shield":2216,"minecraft:play_time":788699,"minecraft:deaths":5,"minecraft:jump":12008,"minecraft:enchant_item":7,"minecraft:interact_with_furnace":18,"minecraft:play_record":1,"minecraft:traded_with_villager":8,"minecraft:sleep_in_bed":20,"minecraft:waystone_activated":6,"minecraft:damage_dealt":154417,"minecraft:inspect_dispenser":2,"minecraft:interact_with_smithing_table":1,"minecraft:interact_with_anvil":14,"minecraft:damage_dealt_absorbed":380,"minecraft:target_hit":2,"minecraft:sneak_time":50975,"minecraft:interact_with_blast_furnace":1,"minecraft:total_world_time":788699,"minecraft:tune_noteblock":10,"minecraft:time_since_rest":46525,"minecraft:swim_one_cm":530972,"minecraft:fly_one_cm":2722247,"minecraft:open_chest":33,"minecraft:fall_one_cm":397159,"lootr:looted_stat":409,"minecraft:damage_resisted":193,"minecraft:sprint_one_cm":3030596,"minecraft:drop":300,"minecraft:talked_to_villager":16,"minecraft:interact_with_brewingstand":1,"minecraft:walk_on_water_one_cm":385534,"minecraft:open_enderchest":1,"minecraft:crouch_one_cm":108118,"minecraft:mob_kills":633,"minecraft:damage_dealt_resisted":3817,"minecraft:climb_one_cm":54208,"minecraft:walk_one_cm":1327977,"minecraft:raid_win":1,"minecraft:walk_under_water_one_cm":155626,"minecraft:boat_one_cm":67036,"minecraft:raid_trigger":1,"minecraft:interact_with_grindstone":4,"minecraft:damage_taken":21364,"minecraft:damage_absorbed":787,"minecraft:minecart_one_cm":11592},"minecraft:broken":{"minecraft:iron_boots":1,"minecraft:iron_sword":1,"minecraft:bow":1,"minecraft:iron_pickaxe":2},"minecraft:used":{"minecraft:spruce_slab":4,"iceandfire:dragon_skull_ice":2,"minecraft:chest":16,"minecraft:rotten_flesh":6,"iceandfire:dragonbone_axe":7,"minecraft:quartz_block":4,"minecraft:dark_oak_slab":6,"minecraft:bow":366,"minecraft:dark_oak_boat":1,"minecraft:furnace":3,"minecraft:cooked_cod":6,"minecraft:egg":2,"minecraft:mossy_stone_bricks":3,"minecraft:damaged_anvil":1,"minecraft:wooden_pickaxe":3,"minecraft:leather_chestplate":1,"minecraft:golden_apple":19,"iceandfire:dragonforge_ice_input":1,"scalinghealth:cursed_heart":4,"minecraft:purple_terracotta":4,"scalinghealth:enchanted_heart":1,"minecraft:birch_slab":16,"minecraft:lectern":1,"minecraft:diamond_sword":60,"minecraft:poisonous_potato":1,"iceandfire:dragon_bone_block":4,"minecraft:enchanting_table":1,"iceandfire:dragonforge_ice_brick":4,"minecraft:cooked_salmon":4,"minecraft:netherrack":61,"minecraft:torch":288,"minecraft:anvil":2,"minecraft:mossy_cobblestone_stairs":2,"fabledweaponry:aegis_diamond":6,"minecraft:iron_axe":293,"minecraft:rooted_dirt":1,"minecraft:spawner":13,"minecraft:totem_of_undying":1,"minecraft:acacia_planks":4,"minecraft:cobbled_deepslate":188,"fabledweaponry:maul_diamond":4,"minecraft:water_bucket":36,"minecraft:salmon":1,"minecraft:mossy_cobblestone":1,"minecraft:crafting_table":9,"minecraft:white_bed":3,"minecraft:cod":11,"minecraft:diamond_pickaxe":1455,"minecraft:iron_pickaxe":830,"minecraft:suspicious_stew":2,"minecraft:chiseled_stone_bricks":3,"minecraft:cobblestone":414,"minecraft:potion":4,"minecraft:diamond_hoe":1277,"minecraft:shield":73,"minecraft:iron_sword":983,"minecraft:jungle_planks":1,"minecraft:carrot":6,"minecraft:tuff":9,"minecraft:obsidian":12,"minecraft:quartz_slab":2,"minecraft:stone_bricks":182,"minecraft:hay_block":2,"minecraft:dark_oak_stairs":1,"minecraft:wither_skeleton_skull":5,"minecraft:stone_pickaxe":120,"minecraft:jungle_fence":1,"minecraft:oak_planks":27,"minecraft:deepslate_redstone_ore":8,"minecraft:crossbow":59,"waystones:waystone":4,"easy_villagers:villager":6,"minecraft:music_disc_mall":1,"minecraft:bread":196,"minecraft:gravel":9,"iceandfire:dragon_skull_fire":1,"minecraft:grindstone":1,"minecraft:trident":149,"minecraft:flint_and_steel":1,"minecraft:dried_kelp":17,"iceandfire:armor_silver_helmet":1,"minecraft:spruce_planks":18,"minecraft:dirt":34,"scalinghealth:heart_crystal":14,"minecraft:granite":1,"minecraft:dark_oak_planks":10,"minecraft:stone_brick_slab":5,"minecraft:bookshelf":15,"minecraft:iron_boots":1,"scalinghealth:power_crystal":1,"minecraft:golden_carrot":22,"minecraft:soul_soil":4,"minecraft:cooked_beef":31,"iceandfire:dragonbone_pickaxe":9040,"minecraft:iron_leggings":1,"minecraft:brain_coral_block":2,"scalinghealth:chance_heart":2,"minecraft:apple":2,"minecraft:fishing_rod":1,"fabledweaponry:scythe_diamond":1111,"minecraft:bucket":37},"minecraft:mined":{"minecraft:dark_oak_planks":8,"minecraft:white_bed":4,"minecraft:cherry_log":1,"minecraft:red_nether_bricks":1,"minecraft:obsidian":21,"minecraft:granite":243,"minecraft:acacia_log":10,"minecraft:deepslate_bricks":4,"minecraft:coal_block":1,"minecraft:hopper":7,"minecraft:nether_wart":1,"minecraft:oxeye_daisy":2,"minecraft:chiseled_stone_bricks":1,"minecraft:spawner":147,"minecraft:tall_seagrass":1,"minecraft:magma_block":11,"minecraft:mossy_cobblestone_stairs":16,"minecraft:cobbled_deepslate":23,"minecraft:fire":115,"minecraft:fletching_table":1,"minecraft:nether_brick_stairs":7,"minecraft:enchanting_table":2,"minecraft:sculk_shrieker":6,"iceandfire:gold_pile":47,"minecraft:water_cauldron":1,"minecraft:quartz_slab":3,"minecraft:oak_stairs":5,"minecraft:tripwire":3,"minecraft:brown_mushroom":4,"minecraft:kelp_plant":2,"minecraft:smoker":1,"minecraft:soul_fire":29,"minecraft:torch":4,"minecraft:blast_furnace":4,"iceandfire:sapphire_ore":1,"minecraft:sugar_cane":1,"minecraft:damaged_anvil":1,"minecraft:bricks":2,"minecraft:wheat":22,"minecraft:stone_brick_stairs":15,"minecraft:grass":139,"minecraft:loom":1,"minecraft:smooth_basalt":6,"minecraft:red_mushroom_block":18,"minecraft:deepslate":1052,"minecraft:deepslate_tiles":2,"iceandfire:silver_ore":3,"minecraft:mossy_cobblestone":27,"minecraft:nether_bricks":10,"minecraft:dark_oak_fence":1,"minecraft:spruce_fence":9,"minecraft:jungle_planks":18,"minecraft:redstone_wire":1,"minecraft:kelp":3,"minecraft:packed_mud":3,"minecraft:andesite":601,"minecraft:mossy_stone_brick_stairs":6,"minecraft:vine":22,"minecraft:smithing_table":2,"minecraft:soul_sand":22,"minecraft:stone_brick_slab":4,"minecraft:cornflower":2,"minecraft:tall_grass":38,"minecraft:copper_ore":7,"minecraft:deepslate_gold_ore":10,"minecraft:spruce_log":7,"minecraft:birch_leaves":7,"minecraft:jungle_fence":1,"iceandfire:silver_pile":1,"minecraft:pitcher_crop":1,"minecraft:gravel":59,"minecraft:dripstone_block":1,"minecraft:cobweb":2,"minecraft:stone_bricks":62,"minecraft:chipped_anvil":1,"minecraft:gold_ore":1,"minecraft:deepslate_emerald_ore":1,"minecraft:fern":2,"minecraft:stone_pressure_plate":4,"minecraft:spruce_planks":27,"minecraft:jungle_slab":1,"minecraft:cobblestone_stairs":4,"minecraft:sculk_vein":136,"minecraft:grass_block":22,"minecraft:soul_soil":16,"minecraft:composter":2,"minecraft:raw_iron_block":2,"minecraft:sculk_catalyst":15,"minecraft:iron_ore":75,"minecraft:anvil":1,"minecraft:dark_oak_stairs":4,"minecraft:skeleton_wall_skull":1,"minecraft:iron_bars":33,"minecraft:spruce_slab":9,"minecraft:deepslate_redstone_ore":66,"minecraft:quartz_block":31,"minecraft:polished_deepslate_stairs":1,"minecraft:clay":1,"iceandfire:dragon_ice_spikes":10,"minecraft:calcite":3,"minecraft:mushroom_stem":4,"minecraft:nether_quartz_ore":4,"minecraft:wither_skeleton_wall_skull":3,"minecraft:cobblestone":142,"minecraft:grindstone":3,"minecraft:oak_planks":7,"minecraft:iron_door":4,"minecraft:wall_torch":8,"minecraft:pink_petals":2,"minecraft:dark_oak_slab":11,"minecraft:birch_log":12,"minecraft:smooth_stone_slab":4,"minecraft:oak_log":51,"minecraft:dirt":77,"minecraft:crimson_planks":4,"minecraft:tripwire_hook":5,"minecraft:dispenser":1,"minecraft:netherrack":431,"minecraft:ancient_debris":3,"minecraft:oak_leaves":6,"iceandfire:chared_stone":37,"minecraft:nether_gold_ore":22,"minecraft:diamond_ore":2,"minecraft:tuff":41,"minecraft:deepslate_diamond_ore":35,"minecraft:candle":2,"minecraft:oak_door":1,"iceandfire:frozen_cobblestone":20,"minecraft:gray_stained_glass_pane":4,"gravestone:gravestone":3,"minecraft:purple_terracotta":10,"iceandfire:frozen_stone":42,"minecraft:birch_slab":4,"minecraft:spruce_leaves":2,"iceandfire:dragon_ice":1,"minecraft:rooted_dirt":1,"minecraft:large_fern":2,"minecraft:hay_block":67,"minecraft:furnace":3,"minecraft:raw_gold_block":3,"minecraft:peony":1,"minecraft:polished_deepslate":1,"minecraft:bookshelf":40,"minecraft:deepslate_iron_ore":24,"minecraft:stone":7536,"minecraft:acacia_leaves":6,"minecraft:stripped_dark_oak_log":1,"minecraft:basalt":1,"minecraft:oak_fence":1,"minecraft:crafting_table":3,"minecraft:sculk_sensor":46,"minecraft:lectern":2,"minecraft:andesite_wall":1,"minecraft:stone_slab":1,"minecraft:sculk":1046,"minecraft:spruce_stairs":7,"minecraft:brick_slab":1,"minecraft:coal_ore":209,"minecraft:cherry_leaves":3,"minecraft:flower_pot":2,"minecraft:lodestone":1,"minecraft:cracked_stone_bricks":34,"minecraft:mossy_stone_bricks":22}},"DataVersion":3465}