{"stats":{"minecraft:mined":{"minecraft:seagrass":1,"minecraft:packed_ice":4,"minecraft:ice":8,"minecraft:bamboo":3,"minecraft:moss_block":4},"minecraft:picked_up":{"iceandfire:dragonbone":1,"iceandfire:sea_serpent_scales_purple":12,"iceandfire:sea_serpent_fang":12,"minecraft:bamboo":9,"minecraft:moss_block":6,"iceandfire:sea_serpent_scales_blue":9,"iceandfire:sea_serpent_scales_deepblue":5},"minecraft:used":{"minecraft:moss_block":4,"minecraft:iron_chestplate":1,"minecraft:bread":7,"minecraft:iron_sword":61,"minecraft:iron_leggings":1,"minecraft:rotten_flesh":4,"minecraft:bamboo":6},"minecraft:custom":{"minecraft:time_since_rest":17534,"minecraft:crouch_one_cm":14489,"minecraft:play_time":17534,"lootr:looted_stat":3,"minecraft:sprint_one_cm":37663,"minecraft:damage_taken":1055,"minecraft:walk_one_cm":51511,"minecraft:sneak_time":2965,"minecraft:walk_under_water_one_cm":4505,"minecraft:mob_kills":3,"minecraft:drop":3,"minecraft:jump":214,"minecraft:damage_dealt":2506,"minecraft:time_since_death":17534,"minecraft:walk_on_water_one_cm":4032,"minecraft:total_world_time":17534,"minecraft:swim_one_cm":33853,"minecraft:fly_one_cm":71903,"minecraft:fall_one_cm":209},"minecraft:dropped":{"minecraft:leather_chestplate":1,"minecraft:iron_leggings":1,"minecraft:rotten_flesh":13},"minecraft:killed":{"iceandfire:sea_serpent":3}},"DataVersion":3465}