{"stats":{"minecraft:killed":{"minecraft:silverfish":1,"minecraft:drowned":1},"minecraft:used":{"minecraft:spruce_boat":1,"minecraft:bread":8,"minecraft:stone_pickaxe":7,"minecraft:sand":12,"minecraft:golden_leggings":1,"minecraft:stone_axe":25,"minecraft:golden_sword":9,"minecraft:purple_bed":3,"minecraft:crafting_table":1},"minecraft:custom":{"minecraft:time_since_rest":1383,"minecraft:sprint_one_cm":107212,"minecraft:damage_taken":196,"minecraft:walk_one_cm":26695,"minecraft:mob_kills":2,"minecraft:drop":6,"minecraft:damage_dealt":435,"minecraft:interact_with_crafting_table":3,"minecraft:swim_one_cm":3794,"minecraft:talked_to_villager":1,"minecraft:fly_one_cm":137950,"minecraft:open_chest":12,"minecraft:crouch_one_cm":940,"minecraft:play_time":24576,"minecraft:sneak_time":563,"minecraft:walk_under_water_one_cm":460,"minecraft:boat_one_cm":94658,"minecraft:jump":612,"minecraft:leave_game":1,"minecraft:time_since_death":24576,"minecraft:walk_on_water_one_cm":1477,"minecraft:sleep_in_bed":3,"minecraft:total_world_time":24576,"minecraft:fall_one_cm":17469},"minecraft:crafted":{"minecraft:spruce_planks":20,"minecraft:stone_pickaxe":1,"minecraft:spruce_boat":1,"minecraft:stone_axe":1},"minecraft:dropped":{"minecraft:wheat_seeds":12,"minecraft:golden_sword":1,"minecraft:fern":1,"minecraft:rotten_flesh":1,"iceandfire:manuscript":2,"iceandfire:graveyard_soil":2},"minecraft:picked_up":{"iceandfire:ghost_chest":1,"minecraft:stick":4,"minecraft:crafting_table":1,"minecraft:wheat":4,"minecraft:sweet_berries":14,"minecraft:spruce_stairs":2,"minecraft:sand":14,"minecraft:spruce_sapling":3,"minecraft:spruce_log":5,"iceandfire:manuscript":2,"minecraft:dark_oak_planks":2,"minecraft:pumpkin_seeds":2,"minecraft:bone":4,"minecraft:purple_bed":4,"minecraft:rotten_flesh":1,"minecraft:cracked_stone_bricks":1,"iceandfire:graveyard_soil":2,"minecraft:wheat_seeds":13,"minecraft:gold_nugget":8,"minecraft:lever":1,"minecraft:cobweb":3,"minecraft:gold_ingot":1,"minecraft:mossy_stone_bricks":1,"minecraft:skeleton_skull":1,"minecraft:cobblestone":17},"minecraft:mined":{"minecraft:dark_oak_planks":2,"minecraft:large_fern":1,"minecraft:spruce_stairs":2,"minecraft:purple_bed":4,"minecraft:spruce_sapling":1,"minecraft:fire":2,"minecraft:wheat":4,"minecraft:sweet_berry_bush":8,"minecraft:spruce_log":3,"minecraft:crafting_table":1,"iceandfire:ghost_chest":1,"minecraft:vine":1,"minecraft:infested_cobblestone":2,"minecraft:sand":17,"minecraft:tall_grass":1,"minecraft:spruce_leaves":2,"minecraft:sandstone":2}},"DataVersion":3465}