{"stats":{"minecraft:used":{"minecraft:oak_trapdoor":2,"minecraft:wooden_axe":24,"minecraft:birch_slab":6,"minecraft:oak_planks":87,"minecraft:chest":5,"minecraft:wooden_shovel":25,"minecraft:torch":1,"minecraft:birch_trapdoor":2,"minecraft:dirt":23,"minecraft:oak_slab":67,"minecraft:crafting_table":1,"minecraft:oak_sapling":2},"minecraft:picked_up":{"minecraft:birch_log":8,"minecraft:oak_slab":3,"minecraft:chicken":1,"minecraft:birch_slab":3,"minecraft:clay_ball":56,"minecraft:pumpkin":4,"minecraft:leather":1,"minecraft:porkchop":6,"minecraft:oak_log":18,"minecraft:dirt":93,"minecraft:beef":3,"minecraft:melon_slice":14,"minecraft:chest":9,"minecraft:oak_planks":4},"minecraft:custom":{"minecraft:time_since_rest":23736,"minecraft:sprint_one_cm":13352,"minecraft:damage_taken":4840,"minecraft:walk_one_cm":25540,"minecraft:mob_kills":8,"minecraft:damage_dealt":743,"minecraft:player_kills":2,"minecraft:interact_with_crafting_table":6,"minecraft:fly_one_cm":13524,"minecraft:open_chest":32,"minecraft:crouch_one_cm":27225,"minecraft:play_time":24853,"minecraft:deaths":7,"minecraft:sneak_time":7594,"minecraft:jump":101,"minecraft:leave_game":7,"minecraft:time_since_death":23705,"minecraft:total_world_time":24853,"minecraft:fall_one_cm":36907},"minecraft:killed":{"minecraft:pig":3,"minecraft:chicken":2,"minecraft:cow":2},"minecraft:crafted":{"minecraft:oak_slab":66,"minecraft:oak_planks":136,"minecraft:wooden_shovel":1,"minecraft:crafting_table":1,"minecraft:stick":4,"minecraft:birch_trapdoor":2,"minecraft:wooden_axe":1,"minecraft:birch_slab":6,"minecraft:birch_planks":16,"minecraft:oak_trapdoor":2},"minecraft:mined":{"minecraft:podzol":5,"minecraft:oak_slab":3,"minecraft:birch_log":8,"minecraft:fire":3,"minecraft:pumpkin":4,"minecraft:clay":14,"minecraft:oak_log":21,"minecraft:grass_block":81,"minecraft:melon":4,"minecraft:chest":9,"minecraft:dirt":13,"minecraft:birch_slab":4,"minecraft:oak_planks":6}},"DataVersion":3120}