{"stats":{"minecraft:dropped":{"iceandfire:chared_stone":35,"minecraft:iron_sword":2,"iceandfire:raw_silver":1,"minecraft:dark_oak_stairs":4,"minecraft:glow_ink_sac":3,"minecraft:oak_log":31,"minecraft:glass_bottle":2,"minecraft:decorated_pot":1,"minecraft:dark_oak_slab":11,"minecraft:crossbow":1,"minecraft:leather":1,"minecraft:mossy_stone_brick_stairs":2,"minecraft:cracked_stone_bricks":8,"minecraft:leather_helmet":1,"minecraft:red_mushroom":5,"minecraft:flint":1,"minecraft:emerald":25,"minecraft:cobblestone_stairs":2,"minecraft:packed_mud":4,"minecraft:dirt":39,"minecraft:dark_oak_fence":1,"minecraft:stone_button":3,"minecraft:dispenser":1,"minecraft:cornflower":2,"gravestone:obituary":4,"minecraft:gold_nugget":4,"iceandfire:ash":1,"minecraft:white_wool":6,"minecraft:bone":11,"minecraft:oak_door":2,"minecraft:gravel":20,"minecraft:cobbled_deepslate":142,"minecraft:rotten_flesh":33,"minecraft:oak_planks":2,"minecraft:white_bed":1,"minecraft:leather_chestplate":2,"minecraft:melon_seeds":4,"fabledweaponry:maul_diamond":1,"minecraft:spruce_slab":5,"minecraft:iron_bars":2,"minecraft:stone_brick_stairs":2,"minecraft:netherrack":30,"minecraft:golden_boots":1,"minecraft:bread":4,"minecraft:wheat_seeds":64,"minecraft:mossy_cobblestone":10,"minecraft:poisonous_potato":3,"minecraft:iron_helmet":2,"minecraft:oak_fence":1,"minecraft:feather":5,"minecraft:cobblestone":22,"minecraft:andesite_wall":3,"minecraft:granite":236,"minecraft:copper_ingot":5,"minecraft:spruce_stairs":7,"minecraft:coal":15,"minecraft:stick":2,"minecraft:jungle_slab":2,"minecraft:diamond_helmet":2,"minecraft:oak_stairs":10,"minecraft:mossy_cobblestone_stairs":1,"minecraft:tripwire_hook":1,"minecraft:acacia_planks":1,"iceandfire:frozen_cobblestone":1,"iceandfire:silver_nugget":2,"iceandfire:dragonscales_gray":26,"minecraft:stone_sword":2,"minecraft:raw_copper":4,"minecraft:bowl":2,"minecraft:tuff":11,"minecraft:iron_boots":4,"minecraft:stripped_oak_log":1,"improvableskills:skills_book":1,"minecraft:oak_sign":2,"minecraft:spruce_fence":9,"minecraft:shield":2,"minecraft:flower_pot":2,"minecraft:diamond_chestplate":1,"minecraft:peony":1,"minecraft:iron_chestplate":2,"minecraft:andesite":78,"minecraft:mossy_stone_bricks":11,"minecraft:oak_sapling":1,"minecraft:spider_eye":9,"minecraft:stone_bricks":8,"minecraft:bow":2,"minecraft:wooden_pickaxe":2,"scalinghealth:bandages":3},"minecraft:killed":{"minecraft:zombified_piglin":1,"minecraft:cave_spider":5,"minecraft:witch":10,"minecraft:spider":33,"minecraft:wither":1,"minecraft:skeleton":52,"minecraft:bee":1,"minecraft:chicken":6,"minecraft:pig":4,"minecraft:zombie_villager":11,"minecraft:salmon":1,"minecraft:creeper":11,"minecraft:sheep":11,"minecraft:pillager":65,"minecraft:zombie":71,"minecraft:stray":8,"minecraft:ghast":1,"minecraft:cow":11,"minecraft:vex":8,"minecraft:evoker":4,"minecraft:vindicator":55,"iceandfire:fire_dragon":6,"minecraft:drowned":17,"iceandfire:cyclops":1,"minecraft:ravager":3,"iceandfire:ice_dragon":3,"minecraft:wither_skeleton":75},"minecraft:crafted":{"minecraft:oak_planks":164,"iceandfire:dragonbone_axe":1,"iceandfire:armor_silver_boots":1,"minecraft:dark_oak_boat":1,"minecraft:bookshelf":13,"minecraft:iron_boots":1,"improvableskills:skills_book":1,"minecraft:chest":17,"scalinghealth:power_crystal":1,"sophisticatedbackpacks:backpack":1,"minecraft:crafting_table":5,"minecraft:spruce_planks":124,"minecraft:wooden_pickaxe":1,"minecraft:iron_helmet":1,"minecraft:gold_block":30,"minecraft:dark_oak_slab":6,"minecraft:paper":3,"iceandfire:armor_blue_leggings":1,"minecraft:shield":1,"sophisticatedbackpacks:diamond_backpack":1,"minecraft:stick":140,"minecraft:iron_ingot":16,"minecraft:iron_block":31,"minecraft:gold_ingot":57,"fabledweaponry:aegis_diamond":1,"minecraft:cherry_planks":4,"minecraft:raw_iron":9,"iceandfire:armor_blue_chestplate":1,"minecraft:diamond_hoe":1,"minecraft:furnace":2,"fabledweaponry:scythe_diamond":1,"minecraft:diamond_block":3,"minecraft:flint_and_steel":1,"minecraft:iron_axe":2,"fabledweaponry:maul_diamond":1,"minecraft:stone_pickaxe":1,"minecraft:dark_oak_planks":12,"minecraft:wheat":432,"sophisticatedbackpacks:iron_backpack":1,"minecraft:cooked_cod":4,"minecraft:iron_sword":1,"sophisticatedbackpacks:gold_backpack":1,"minecraft:enchanted_book":7,"minecraft:air":0,"iceandfire:dragonbone_pickaxe":1,"minecraft:bread":146,"minecraft:iron_leggings":1,"minecraft:acacia_planks":40,"minecraft:torch":128,"iceandfire:armor_silver_helmet":1},"minecraft:picked_up":{"minecraft:iron_chestplate":1,"minecraft:wheat":15,"minecraft:anvil":1,"minecraft:flower_pot":4,"minecraft:oak_stairs":11,"minecraft:potion":3,"minecraft:enchanted_book":1,"minecraft:brain_coral_block":2,"minecraft:stone_brick_stairs":4,"minecraft:crimson_planks":4,"minecraft:string":39,"minecraft:soul_soil":16,"minecraft:raw_copper":16,"minecraft:iron_leggings":1,"minecraft:purple_banner":3,"minecraft:oak_sign":2,"minecraft:cobbled_deepslate":363,"minecraft:gold_nugget":605,"minecraft:spruce_planks":24,"minecraft:iron_pickaxe":1,"minecraft:coal_block":1,"minecraft:furnace":2,"iceandfire:dragonscales_red":2,"minecraft:iron_boots":1,"minecraft:tipped_arrow":65,"minecraft:stick":10,"minecraft:oak_fence":1,"minecraft:torch":26,"minecraft:acacia_log":10,"minecraft:spruce_stairs":10,"minecraft:porkchop":7,"minecraft:cherry_log":1,"minecraft:andesite_wall":3,"minecraft:stone_sword":4,"minecraft:rotten_flesh":73,"iceandfire:fire_dragon_heart":4,"minecraft:obsidian":19,"minecraft:iron_bars":11,"minecraft:cobblestone":401,"minecraft:enchanting_table":2,"minecraft:pink_petals":3,"minecraft:leather_chestplate":1,"minecraft:feather":13,"minecraft:cooked_beef":6,"minecraft:iron_door":1,"minecraft:andesite":309,"minecraft:smoker":1,"minecraft:flint":4,"minecraft:tuff":22,"minecraft:wither_skeleton_skull":5,"minecraft:lapis_lazuli":9,"minecraft:dirt":88,"iceandfire:dragonscales_bronze":105,"minecraft:leather_boots":1,"minecraft:bone":146,"minecraft:chipped_anvil":1,"minecraft:acacia_planks":3,"minecraft:bow":6,"minecraft:wheat_seeds":84,"minecraft:raw_gold":8,"minecraft:grindstone":1,"minecraft:mossy_stone_bricks":14,"minecraft:diamond_helmet":1,"minecraft:oak_planks":5,"minecraft:mossy_stone_brick_stairs":2,"iceandfire:dragon_skull_fire":2,"minecraft:jungle_planks":16,"sophisticatedbackpacks:iron_backpack":2,"minecraft:jungle_slab":2,"minecraft:dark_oak_log":3,"minecraft:mossy_cobblestone":20,"minecraft:dispenser":1,"minecraft:diamond":29,"improvableskills:skills_book":1,"minecraft:lever":3,"waystones:waystone":4,"iceandfire:dragon_ice":4,"minecraft:crossbow":2,"minecraft:granite":237,"minecraft:emerald":72,"minecraft:bread":3,"minecraft:rooted_dirt":1,"minecraft:oak_sapling":1,"minecraft:bricks":2,"minecraft:netherrack":236,"minecraft:dark_oak_fence":1,"iceandfire:silver_nugget":2,"minecraft:nether_star":1,"iceandfire:raw_silver":1,"minecraft:charcoal":2,"iceandfire:dragon_skull_lightning":1,"minecraft:crafting_table":1,"minecraft:chicken":8,"minecraft:ladder":1,"iceandfire:witherbone":38,"minecraft:nether_wart":1,"minecraft:clay_ball":4,"minecraft:turtle_helmet":2,"minecraft:leather_leggings":1,"minecraft:brown_mushroom":4,"minecraft:wooden_pickaxe":1,"iceandfire:frozen_cobblestone":1,"gravestone:obituary":1,"minecraft:cornflower":2,"minecraft:iron_axe":1,"minecraft:quartz_slab":5,"minecraft:cracked_stone_bricks":10,"minecraft:candle":8,"improvableskills:scroll_normal":3,"minecraft:beef":19,"minecraft:echo_shard":3,"minecraft:iron_nugget":9,"minecraft:spruce_slab":12,"minecraft:lectern":2,"minecraft:sugar_cane":3,"iceandfire:ice_dragon_heart":4,"minecraft:egg":1,"minecraft:raw_iron":55,"iceandfire:dragonbone":105,"iceandfire:dragonscales_gray":38,"minecraft:oak_door":2,"minecraft:copper_ingot":1,"minecraft:spruce_fence":10,"minecraft:stone_button":3,"minecraft:trident":1,"minecraft:redstone":255,"minecraft:purple_terracotta":10,"minecraft:dark_oak_planks":8,"iceandfire:dragon_skull_ice":4,"minecraft:arrow":128,"minecraft:decorated_pot":1,"minecraft:peony":1,"iceandfire:dragonscales_silver":18,"minecraft:hay_block":61,"minecraft:stripped_dark_oak_wood":2,"minecraft:gold_ingot":1,"minecraft:saddle":3,"minecraft:totem_of_undying":5,"sophisticatedbackpacks:copper_backpack":1,"minecraft:mutton":12,"minecraft:skeleton_skull":1,"minecraft:white_wool":7,"minecraft:stripped_oak_log":1,"minecraft:glow_ink_sac":3,"minecraft:tripwire_hook":8,"minecraft:salmon":1,"minecraft:leather":14,"minecraft:jungle_fence":1,"minecraft:red_mushroom":10,"minecraft:packed_mud":4,"minecraft:oak_log":72,"scalinghealth:bandages":11,"minecraft:golden_boots":1,"minecraft:gunpowder":7,"minecraft:cobblestone_stairs":2,"scalinghealth:heart_crystal":10,"iceandfire:dragonscales_blue":30,"minecraft:white_banner":8,"minecraft:stone_bricks":49,"minecraft:iron_ingot":1,"scalinghealth:power_crystal_shard":12,"minecraft:glass_bottle":3,"minecraft:iron_sword":1,"iceandfire:fire_dragon_flesh":27,"minecraft:soul_sand":21,"minecraft:dark_oak_stairs":5,"minecraft:book":120,"minecraft:scaffolding":1,"iceandfire:chared_stone":35,"scalinghealth:heart_crystal_shard":6,"minecraft:dark_oak_slab":11,"minecraft:chiseled_stone_bricks":5,"minecraft:stone_brick_slab":5,"iceandfire:ash":1,"minecraft:quartz":16,"minecraft:gravel":34,"minecraft:blast_furnace":3,"minecraft:white_bed":4,"minecraft:spruce_log":7,"minecraft:spider_eye":9,"minecraft:leather_helmet":1,"minecraft:brick_slab":1,"minecraft:music_disc_mall":1,"minecraft:stone_axe":1,"minecraft:mossy_cobblestone_stairs":5,"iceandfire:ice_dragon_flesh":15,"minecraft:lodestone":1,"minecraft:damaged_anvil":1,"minecraft:stripped_dark_oak_log":1,"minecraft:coal":52,"minecraft:hopper":7},"minecraft:custom":{"lootr:looted_stat":284,"minecraft:interact_with_crafting_table":47,"minecraft:open_barrel":8,"minecraft:eat_cake_slice":11,"minecraft:leave_game":5,"minecraft:damage_resisted":40,"minecraft:time_since_death":481775,"minecraft:sprint_one_cm":2009937,"minecraft:damage_blocked_by_shield":1961,"minecraft:drop":170,"minecraft:talked_to_villager":16,"minecraft:play_time":541977,"minecraft:deaths":3,"minecraft:jump":8618,"minecraft:interact_with_brewingstand":1,"minecraft:walk_on_water_one_cm":87097,"minecraft:enchant_item":3,"minecraft:interact_with_furnace":18,"minecraft:play_record":1,"minecraft:traded_with_villager":8,"minecraft:sleep_in_bed":17,"minecraft:waystone_activated":3,"minecraft:open_enderchest":1,"minecraft:damage_dealt":110643,"minecraft:crouch_one_cm":77729,"minecraft:inspect_dispenser":2,"minecraft:interact_with_smithing_table":1,"minecraft:interact_with_anvil":10,"minecraft:mob_kills":484,"minecraft:damage_dealt_resisted":2569,"minecraft:climb_one_cm":42827,"minecraft:walk_one_cm":848934,"minecraft:damage_dealt_absorbed":380,"minecraft:target_hit":2,"minecraft:raid_win":1,"minecraft:sneak_time":38727,"minecraft:walk_under_water_one_cm":108876,"minecraft:boat_one_cm":67036,"minecraft:interact_with_blast_furnace":1,"minecraft:total_world_time":541977,"minecraft:tune_noteblock":10,"minecraft:raid_trigger":1,"minecraft:interact_with_grindstone":2,"minecraft:time_since_rest":12020,"minecraft:damage_taken":16251,"minecraft:damage_absorbed":667,"minecraft:minecart_one_cm":11592,"minecraft:swim_one_cm":253269,"minecraft:fly_one_cm":2143754,"minecraft:open_chest":14,"minecraft:fall_one_cm":291009},"minecraft:broken":{"minecraft:iron_boots":1,"minecraft:iron_sword":1,"minecraft:bow":1,"minecraft:iron_pickaxe":2},"minecraft:used":{"iceandfire:dragon_skull_ice":1,"minecraft:spruce_slab":4,"minecraft:diamond_hoe":976,"minecraft:chest":16,"minecraft:shield":73,"minecraft:iron_sword":983,"minecraft:rotten_flesh":6,"minecraft:jungle_planks":1,"minecraft:carrot":6,"minecraft:obsidian":10,"iceandfire:dragonbone_axe":7,"minecraft:tuff":9,"minecraft:quartz_slab":2,"minecraft:dark_oak_slab":6,"minecraft:stone_bricks":19,"minecraft:bow":241,"minecraft:dark_oak_boat":1,"minecraft:furnace":2,"minecraft:cooked_cod":6,"minecraft:egg":1,"minecraft:dark_oak_stairs":1,"minecraft:mossy_stone_bricks":3,"minecraft:damaged_anvil":1,"minecraft:wither_skeleton_skull":5,"minecraft:oak_planks":19,"minecraft:stone_pickaxe":120,"minecraft:jungle_fence":1,"minecraft:wooden_pickaxe":3,"minecraft:leather_chestplate":1,"minecraft:golden_apple":18,"minecraft:deepslate_redstone_ore":8,"minecraft:crossbow":59,"minecraft:purple_terracotta":4,"waystones:waystone":1,"easy_villagers:villager":6,"minecraft:music_disc_mall":1,"minecraft:bread":153,"minecraft:lectern":1,"minecraft:gravel":8,"minecraft:diamond_sword":60,"iceandfire:dragon_skull_fire":1,"minecraft:grindstone":1,"minecraft:poisonous_potato":1,"minecraft:enchanting_table":1,"minecraft:trident":149,"minecraft:flint_and_steel":1,"minecraft:dried_kelp":17,"iceandfire:armor_silver_helmet":1,"minecraft:spruce_planks":18,"minecraft:cooked_salmon":4,"minecraft:netherrack":27,"minecraft:torch":174,"minecraft:dirt":30,"scalinghealth:heart_crystal":10,"minecraft:anvil":1,"minecraft:granite":1,"fabledweaponry:aegis_diamond":3,"minecraft:mossy_cobblestone_stairs":2,"minecraft:dark_oak_planks":10,"minecraft:stone_brick_slab":5,"minecraft:bookshelf":15,"minecraft:iron_axe":261,"minecraft:rooted_dirt":1,"minecraft:iron_boots":1,"scalinghealth:power_crystal":1,"minecraft:soul_soil":4,"iceandfire:dragonbone_pickaxe":349,"minecraft:cooked_beef":27,"minecraft:cobbled_deepslate":140,"minecraft:acacia_planks":4,"fabledweaponry:maul_diamond":4,"minecraft:iron_leggings":1,"minecraft:brain_coral_block":2,"scalinghealth:chance_heart":2,"minecraft:mossy_cobblestone":1,"minecraft:crafting_table":6,"minecraft:white_bed":3,"minecraft:cod":11,"minecraft:diamond_pickaxe":1455,"minecraft:apple":2,"minecraft:iron_pickaxe":830,"minecraft:suspicious_stew":2,"minecraft:chiseled_stone_bricks":3,"minecraft:fishing_rod":1,"minecraft:potion":4,"minecraft:cobblestone":85,"fabledweaponry:scythe_diamond":666},"minecraft:mined":{"minecraft:dark_oak_planks":8,"minecraft:spruce_planks":27,"minecraft:stone_pressure_plate":1,"minecraft:white_bed":4,"minecraft:jungle_slab":1,"minecraft:cherry_log":1,"minecraft:sculk_vein":104,"minecraft:granite":243,"minecraft:acacia_log":10,"minecraft:grass_block":17,"minecraft:coal_block":1,"minecraft:deepslate_bricks":2,"minecraft:soul_soil":16,"minecraft:oxeye_daisy":2,"minecraft:chiseled_stone_bricks":1,"minecraft:composter":2,"minecraft:hopper":7,"minecraft:spawner":53,"minecraft:nether_wart":1,"minecraft:tall_seagrass":1,"minecraft:sculk_catalyst":11,"minecraft:mossy_cobblestone_stairs":11,"minecraft:iron_ore":34,"minecraft:cobbled_deepslate":16,"minecraft:fire":114,"minecraft:anvil":1,"minecraft:fletching_table":1,"minecraft:dark_oak_stairs":4,"minecraft:enchanting_table":2,"minecraft:sculk_shrieker":4,"minecraft:skeleton_wall_skull":1,"iceandfire:gold_pile":47,"minecraft:water_cauldron":1,"minecraft:iron_bars":16,"minecraft:oak_stairs":5,"minecraft:quartz_slab":3,"minecraft:spruce_slab":9,"minecraft:tripwire":3,"minecraft:deepslate_redstone_ore":57,"minecraft:brown_mushroom":4,"minecraft:kelp_plant":2,"minecraft:smoker":1,"minecraft:soul_fire":28,"minecraft:clay":1,"minecraft:torch":2,"minecraft:blast_furnace":4,"minecraft:calcite":3,"minecraft:mushroom_stem":4,"minecraft:wither_skeleton_wall_skull":3,"minecraft:nether_quartz_ore":1,"minecraft:cobblestone":77,"minecraft:damaged_anvil":1,"minecraft:oak_planks":2,"minecraft:grindstone":3,"minecraft:sugar_cane":1,"minecraft:bricks":2,"minecraft:iron_door":1,"minecraft:wall_torch":7,"minecraft:pink_petals":2,"minecraft:dark_oak_slab":11,"minecraft:wheat":22,"minecraft:stone_brick_stairs":6,"minecraft:smooth_stone_slab":4,"minecraft:grass":125,"minecraft:oak_log":34,"minecraft:loom":1,"minecraft:dirt":75,"minecraft:crimson_planks":4,"minecraft:smooth_basalt":2,"minecraft:tripwire_hook":5,"minecraft:dispenser":1,"minecraft:red_mushroom_block":18,"minecraft:netherrack":245,"minecraft:deepslate":505,"minecraft:oak_leaves":4,"iceandfire:chared_stone":37,"minecraft:nether_gold_ore":12,"minecraft:deepslate_tiles":2,"minecraft:tuff":24,"minecraft:mossy_cobblestone":18,"minecraft:deepslate_diamond_ore":29,"minecraft:candle":2,"minecraft:oak_door":1,"iceandfire:frozen_cobblestone":3,"minecraft:gray_stained_glass_pane":4,"gravestone:gravestone":2,"minecraft:dark_oak_fence":1,"minecraft:purple_terracotta":10,"iceandfire:frozen_stone":1,"minecraft:spruce_fence":9,"minecraft:jungle_planks":18,"iceandfire:dragon_ice":1,"minecraft:kelp":2,"minecraft:rooted_dirt":1,"minecraft:large_fern":2,"minecraft:hay_block":62,"minecraft:packed_mud":3,"minecraft:furnace":2,"minecraft:andesite":447,"minecraft:peony":1,"minecraft:mossy_stone_brick_stairs":5,"minecraft:bookshelf":40,"minecraft:deepslate_iron_ore":23,"minecraft:vine":19,"minecraft:stone":490,"minecraft:smithing_table":2,"minecraft:acacia_leaves":4,"minecraft:soul_sand":21,"minecraft:stripped_dark_oak_log":1,"minecraft:stone_brick_slab":4,"minecraft:oak_fence":1,"minecraft:crafting_table":1,"minecraft:cornflower":1,"minecraft:sculk_sensor":27,"minecraft:lectern":2,"minecraft:andesite_wall":1,"minecraft:copper_ore":4,"minecraft:tall_grass":38,"minecraft:deepslate_gold_ore":10,"minecraft:sculk":796,"minecraft:spruce_stairs":7,"minecraft:brick_slab":1,"minecraft:spruce_log":7,"minecraft:jungle_fence":1,"minecraft:coal_ore":26,"minecraft:cherry_leaves":3,"minecraft:flower_pot":2,"minecraft:gravel":41,"minecraft:dripstone_block":1,"minecraft:lodestone":1,"minecraft:cobweb":2,"minecraft:cracked_stone_bricks":13,"minecraft:stone_bricks":43,"minecraft:mossy_stone_bricks":17,"minecraft:chipped_anvil":1,"minecraft:deepslate_emerald_ore":1,"minecraft:fern":2}},"DataVersion":3465}