{"stats":{"minecraft:broken":{"minecraft:golden_axe":1},"minecraft:picked_up":{"minecraft:iron_chestplate":2,"minecraft:oak_stairs":2,"minecraft:enchanted_book":4,"iceandfire:myrmex_jungle_chitin":22,"minecraft:stone_brick_stairs":2,"minecraft:string":2,"minecraft:iron_leggings":1,"minecraft:cobbled_deepslate":196,"minecraft:spruce_planks":4,"minecraft:rose_bush":2,"minecraft:ender_eye":3,"minecraft:iron_pickaxe":2,"minecraft:iron_boots":2,"minecraft:tipped_arrow":4,"iceandfire:pixie_dust":2,"minecraft:stick":7,"minecraft:torch":4,"minecraft:spruce_stairs":1,"minecraft:golden_axe":1,"minecraft:rotten_flesh":4,"minecraft:honey_bottle":5,"minecraft:bookshelf":8,"minecraft:cod":2,"minecraft:obsidian":36,"minecraft:iron_bars":1,"minecraft:cobblestone":55,"minecraft:birch_log":1,"minecraft:enchanting_table":1,"minecraft:leather_chestplate":1,"minecraft:feather":2,"minecraft:jungle_log":10,"minecraft:potato":2,"minecraft:tuff":1,"minecraft:lapis_lazuli":4,"minecraft:dirt":13,"lootr:trophy":1,"minecraft:bone":42,"minecraft:bow":4,"minecraft:wheat_seeds":7,"minecraft:bamboo":17,"minecraft:moss_block":20,"minecraft:oak_planks":4,"sophisticatedbackpacks:iron_backpack":1,"minecraft:granite_slab":4,"minecraft:dark_oak_log":17,"iceandfire:pixie_wings":1,"minecraft:dark_prismarine":2,"minecraft:polished_andesite":2,"minecraft:sugar":3,"improvableskills:skills_book":1,"minecraft:soul_lantern":1,"waystones:waystone":1,"minecraft:granite":9,"minecraft:bone_meal":16,"minecraft:bread":1,"scalinghealth:cursed_heart":1,"minecraft:emerald":6,"minecraft:bricks":4,"minecraft:andesite_slab":8,"sophisticatedbackpacks:gold_backpack":1,"minecraft:crafting_table":1,"minecraft:chicken":2,"minecraft:leather_leggings":1,"gravestone:obituary":2,"iceandfire:sea_serpent_scales_blue":9,"minecraft:blackstone":1,"minecraft:cracked_stone_bricks":12,"minecraft:dark_prismarine_stairs":6,"improvableskills:scroll_normal":4,"minecraft:beef":17,"minecraft:oak_boat":1,"minecraft:jungle_sapling":5,"minecraft:iron_nugget":24,"minecraft:spruce_slab":1,"minecraft:sugar_cane":16,"minecraft:phantom_membrane":4,"minecraft:raw_iron":19,"iceandfire:dragonbone":1,"minecraft:trident":1,"minecraft:redstone":1,"minecraft:stone_pressure_plate":1,"minecraft:purple_terracotta":2,"minecraft:tnt":5,"iceandfire:sea_serpent_scales_purple":12,"minecraft:arrow":49,"minecraft:decorated_pot":1,"minecraft:hay_block":19,"minecraft:saddle":1,"minecraft:skeleton_skull":1,"minecraft:air":0,"iceandfire:sea_serpent_fang":12,"minecraft:leather":9,"minecraft:acacia_wood":4,"minecraft:filled_map":1,"minecraft:oak_log":4,"scalinghealth:bandages":3,"minecraft:gunpowder":9,"scalinghealth:heart_crystal":4,"minecraft:stone_bricks":34,"minecraft:iron_ingot":4,"scalinghealth:power_crystal_shard":4,"minecraft:glass_bottle":1,"minecraft:gray_bed":2,"iceandfire:sea_serpent_scales_deepblue":5,"minecraft:book":134,"scalinghealth:heart_crystal_shard":10,"minecraft:chiseled_stone_bricks":1,"minecraft:stone_brick_slab":1,"waystones:mossy_waystone":1,"minecraft:spider_eye":4,"minecraft:leather_helmet":1,"minecraft:iron_helmet":1,"iceandfire:myrmex_jungle_egg":2,"minecraft:terracotta":16,"minecraft:melon_seeds":16,"minecraft:coal":20,"minecraft:ender_pearl":10},"minecraft:used":{"minecraft:moss_block":4,"minecraft:spruce_slab":1,"minecraft:decorated_pot":1,"minecraft:chest":1,"minecraft:shield":28,"minecraft:iron_sword":217,"lootr:trophy":1,"minecraft:rotten_flesh":13,"iceandfire:tide_deepblue_helmet":1,"minecraft:iron_chestplate":1,"minecraft:carrot":13,"minecraft:honey_bottle":8,"minecraft:bricks":1,"minecraft:stone_bricks":3,"minecraft:bow":54,"minecraft:hay_block":10,"minecraft:gray_bed":2,"minecraft:skeleton_skull":1,"minecraft:dark_prismarine_stairs":2,"minecraft:blackstone":23,"minecraft:ender_pearl":3,"minecraft:purple_terracotta":2,"waystones:waystone":1,"easy_villagers:villager":1,"scalinghealth:enchanted_heart":1,"minecraft:bread":70,"ironchest:iron_to_gold_chest_upgrade":1,"minecraft:granite_slab":4,"minecraft:oak_boat":1,"minecraft:tropical_fish_bucket":1,"minecraft:experience_bottle":79,"ironchest:wood_to_iron_chest_upgrade":1,"minecraft:trident":100,"minecraft:spruce_planks":2,"fabledweaponry:scimitar_diamond":407,"minecraft:torch":49,"minecraft:dirt":6,"minecraft:spyglass":1,"scalinghealth:heart_crystal":6,"iceandfire:pixie_dust":2,"minecraft:dark_oak_planks":2,"minecraft:oak_stairs":1,"minecraft:smooth_basalt":11,"minecraft:bamboo":6,"minecraft:golden_carrot":4,"minecraft:acacia_wood":1,"minecraft:cooked_beef":17,"minecraft:acacia_planks":5,"minecraft:cobbled_deepslate":10,"minecraft:golden_axe":32,"minecraft:iron_leggings":1,"minecraft:water_bucket":26,"minecraft:iron_ore":1,"iceandfire:tide_blue_leggings":1,"minecraft:polished_andesite":2,"minecraft:andesite_slab":8,"minecraft:cracked_stone_bricks":1,"minecraft:terracotta":5,"minecraft:tnt":3,"minecraft:crafting_table":6,"minecraft:dark_prismarine":2,"minecraft:diamond_pickaxe":301,"minecraft:apple":1,"minecraft:suspicious_stew":3,"minecraft:iron_pickaxe":319,"minecraft:cobblestone":38,"minecraft:bucket":25,"minecraft:brush":7},"minecraft:dropped":{"minecraft:iron_sword":1,"minecraft:moss_block":12,"minecraft:cracked_stone_bricks":5,"minecraft:leather_helmet":2,"minecraft:cod":22,"minecraft:dirt":6,"minecraft:jungle_sapling":5,"gravestone:obituary":3,"minecraft:iron_pickaxe":1,"minecraft:fishing_rod":1,"iceandfire:myrmex_jungle_chitin":22,"minecraft:blackstone":6,"minecraft:iron_nugget":24,"minecraft:cobbled_deepslate":66,"minecraft:wheat":1,"minecraft:rotten_flesh":18,"minecraft:honey_bottle":1,"minecraft:salmon":2,"minecraft:leather_chestplate":2,"minecraft:melon_seeds":16,"minecraft:leather_boots":1,"minecraft:leather_leggings":2,"minecraft:iron_ore":9,"minecraft:arrow":2,"minecraft:enchanted_book":3,"minecraft:golden_boots":1,"minecraft:wheat_seeds":3,"scalinghealth:cursed_heart":1,"minecraft:poisonous_potato":2,"minecraft:feather":2,"minecraft:iron_helmet":1,"scalinghealth:heart_crystal_shard":6,"minecraft:granite":1,"minecraft:spruce_stairs":1,"minecraft:pufferfish":2,"minecraft:iron_leggings":3,"iceandfire:pixie_wings":1,"minecraft:tripwire_hook":2,"minecraft:lily_pad":1,"minecraft:bricks":3,"minecraft:bowl":3,"minecraft:chicken":2,"minecraft:iron_boots":5,"minecraft:name_tag":1,"improvableskills:skills_book":1,"minecraft:filled_map":1,"minecraft:shield":1,"minecraft:spruce_planks":1,"minecraft:iron_chestplate":5,"minecraft:stone_bricks":6,"minecraft:bamboo":4,"minecraft:bow":2,"scalinghealth:bandages":1,"minecraft:terracotta":3},"minecraft:killed":{"minecraft:witch":10,"minecraft:spider":4,"minecraft:skeleton":81,"minecraft:guardian":1,"minecraft:chicken":1,"minecraft:silverfish":1,"iceandfire:myrmex_worker":5,"minecraft:iron_golem":1,"minecraft:creeper":7,"minecraft:pillager":7,"minecraft:zombie":17,"iceandfire:myrmex_queen":1,"iceandfire:pixie":4,"minecraft:cow":8,"iceandfire:sea_serpent":3,"minecraft:vindicator":3,"minecraft:phantom":9,"minecraft:drowned":1,"iceandfire:myrmex_sentinel":1,"minecraft:husk":2,"iceandfire:myrmex_soldier":2},"minecraft:crafted":{"minecraft:oak_planks":36,"iceandfire:tide_purple_boots":1,"minecraft:bookshelf":14,"iceandfire:tide_purple_chestplate":1,"improvableskills:skills_book":1,"minecraft:chest":2,"sophisticatedbackpacks:backpack":1,"minecraft:crafting_table":5,"iceandfire:tide_blue_leggings":1,"minecraft:birch_planks":4,"minecraft:paper":3,"minecraft:shield":1,"sophisticatedbackpacks:diamond_backpack":1,"minecraft:stick":12,"fabledweaponry:scimitar_diamond":1,"minecraft:dark_oak_planks":68,"iceandfire:tide_deepblue_helmet":1,"sophisticatedbackpacks:iron_backpack":1,"ironchest:wood_to_iron_chest_upgrade":1,"sophisticatedbackpacks:gold_backpack":1,"minecraft:bread":9,"minecraft:jungle_planks":40,"minecraft:oak_boat":1,"ironchest:iron_to_gold_chest_upgrade":1,"minecraft:acacia_planks":12,"minecraft:torch":44},"minecraft:mined":{"minecraft:dark_prismarine_stairs":11,"minecraft:stone_pressure_plate":5,"minecraft:spruce_planks":4,"minecraft:cave_vines_plant":1,"minecraft:granite":16,"minecraft:grass_block":2,"minecraft:jungle_log":8,"minecraft:chiseled_stone_bricks":7,"minecraft:spawner":29,"minecraft:light_blue_stained_glass":1,"minecraft:magma_block":3,"minecraft:iron_ore":14,"minecraft:fire":3,"minecraft:granite_slab":3,"minecraft:deepslate_lapis_ore":1,"minecraft:enchanting_table":1,"minecraft:cave_vines":2,"minecraft:dirt_path":1,"minecraft:iron_bars":1,"minecraft:oak_stairs":2,"minecraft:azalea":2,"minecraft:spruce_slab":1,"minecraft:tripwire":4,"minecraft:blackstone":21,"minecraft:clay":7,"minecraft:torch":1,"minecraft:cobblestone":8,"minecraft:sugar_cane":6,"minecraft:bricks":4,"minecraft:skeleton_skull":1,"minecraft:seagrass":1,"lootr:trophy":1,"minecraft:birch_log":1,"minecraft:tnt":8,"minecraft:stone_brick_stairs":4,"minecraft:grass":27,"minecraft:oak_log":4,"minecraft:dirt":6,"minecraft:smooth_basalt":11,"minecraft:oak_leaves":3,"minecraft:deepslate":281,"minecraft:dark_prismarine":5,"minecraft:tuff":3,"minecraft:deepslate_diamond_ore":16,"minecraft:dark_oak_log":17,"gravestone:gravestone":2,"minecraft:purple_terracotta":2,"minecraft:decorated_pot":2,"minecraft:polished_andesite_slab":2,"minecraft:moss_block":16,"minecraft:infested_chiseled_stone_bricks":1,"minecraft:hay_block":19,"minecraft:mossy_stone_brick_stairs":3,"minecraft:bookshelf":17,"minecraft:deepslate_iron_ore":7,"minecraft:packed_ice":48,"minecraft:bamboo":4,"minecraft:stone":66,"minecraft:stone_brick_slab":4,"minecraft:crafting_table":1,"minecraft:rose_bush":2,"minecraft:andesite_slab":5,"minecraft:tall_grass":5,"minecraft:deepslate_gold_ore":1,"minecraft:spruce_stairs":1,"minecraft:ice":10,"minecraft:gray_bed":2,"minecraft:birch_leaves":8,"minecraft:coal_ore":6,"minecraft:pink_stained_glass_pane":2,"minecraft:cracked_stone_bricks":10,"minecraft:terracotta":7,"minecraft:polished_andesite":2,"minecraft:stone_bricks":30,"minecraft:mossy_stone_bricks":1,"minecraft:fern":8},"minecraft:custom":{"lootr:looted_stat":197,"minecraft:interact_with_crafting_table":26,"minecraft:leave_game":5,"minecraft:time_since_death":124050,"minecraft:sprint_one_cm":1140863,"minecraft:damage_blocked_by_shield":1010,"minecraft:drop":91,"minecraft:talked_to_villager":5,"minecraft:play_time":320432,"minecraft:deaths":2,"minecraft:jump":4451,"minecraft:walk_on_water_one_cm":43444,"minecraft:sleep_in_bed":10,"minecraft:waystone_activated":7,"minecraft:damage_dealt":53225,"minecraft:player_kills":1,"minecraft:crouch_one_cm":47716,"minecraft:interact_with_smoker":1,"minecraft:inspect_dispenser":3,"minecraft:interact_with_anvil":1,"minecraft:mob_kills":175,"minecraft:damage_dealt_resisted":1052,"minecraft:climb_one_cm":55197,"minecraft:walk_one_cm":479819,"minecraft:damage_dealt_absorbed":36,"minecraft:sneak_time":15302,"minecraft:walk_under_water_one_cm":36187,"minecraft:boat_one_cm":185615,"minecraft:total_world_time":320432,"minecraft:interact_with_grindstone":1,"minecraft:time_since_rest":48032,"minecraft:damage_taken":9705,"minecraft:swim_one_cm":86772,"minecraft:fly_one_cm":1016375,"minecraft:open_chest":21,"minecraft:fall_one_cm":169291}},"DataVersion":3465}