{"stat.pickup.blockarmor.furnace_helmet":2,"stat.leaveGame":14,"stat.drop.minecraft.gunpowder":5,"stat.mineBlock.minecraft.sandstone":6,"stat.killEntity.PigZombie":1,"stat.mineBlock.minecraft.web":1,"stat.mineBlock.gravestone.gravestone":3,"stat.pickup.srparasites.ada_arachnida_drop":6,"stat.pickup.minecraft.rotten_flesh":18,"stat.useItem.spectrite.spectrite_sword":5,"stat.useItem.minecraft.vine":7,"stat.killEntity.Enderman":3,"stat.craftItem.spectrite.spectrite_rod":6,"stat.pickup.minecraft.mob_spawner":38,"stat.craftItem.spectrite.spectrite_sword":15,"stat.useItem.minecraft.iron_pickaxe":90,"stat.craftItem.spectrite.spectrite_axe_special":1,"stat.pickup.spectrite.spectrite_wither_torso":2,"stat.craftItem.minecraft.bed":2,"stat.craftItem.minecraft.glass_pane":160,"stat.mineBlock.minecraft.vine":29,"stat.furnaceInteraction":53,"stat.mineBlock.minecraft.rail":4,"stat.killEntity.ZombieVillager":2,"stat.pickup.minecraft.nether_brick":33,"stat.pickup.spectrite.spectrite_dust":477,"stat.pickup.improvableskills.skills_book":2,"stat.useItem.spectrite.spectrite_axe_special":300,"stat.pickup.minecraft.beef":13,"stat.pickup.spectrite.spectrite_bone":6975,"stat.useItem.minecraft.trapdoor":1,"stat.useItem.minecraft.fence":4,"stat.mineBlock.minecraft.fence":10,"stat.useItem.minecraft.flint_and_steel":1,"stat.pickup.minecraft.emerald":1,"stat.pickup.securitycraft.universal_block_reinforcer_lvl1":1,"stat.craftItem.spectrite.spectrite_block":13,"stat.deaths":3,"stat.useItem.spectrite.spectrite_bone_block":226,"stat.pickup.minecraft.egg":1,"stat.mineBlock.spectrite.spectrite_chest":2,"stat.craftItem.minecraft.iron_pickaxe":1,"stat.mineBlock.minecraft.tallgrass":27,"stat.craftItem.minecraft.cooked_mutton":13,"stat.pickup.minecraft.cooked_mutton":5,"stat.chestOpened":346,"stat.useItem.minecraft.stone":162,"stat.drop.srparasites.lurecomponent4":1,"stat.pickup.minecraft.iron_sword":1,"stat.pickup.minecraft.arrow":4,"stat.pickup.spectrite.spectrite_sword_2":3,"stat.killEntity.Ghast":2,"stat.craftItem.supertools.hammerstone":3,"stat.pickup.minecraft.carrot":20,"stat.crouchOneCm":192828,"stat.pickup.minecraft.rail":2,"stat.craftItem.minecraft.diamond":9,"stat.craftItem.minecraft.iron_ingot":9,"stat.killEntity.futuremc:tropical_fish":1,"stat.useItem.spectrite.spectrite_sword_2":639,"stat.useItem.spectrite.spectrite_shovel":217,"stat.craftingTableInteraction":89,"stat.pickup.improvableskills.scroll_ability":1,"stat.useItem.futuremc.sweet_berries":3,"stat.pickup.minecraft.dye":34,"stat.pickup.minecraft.planks":169,"stat.pickup.minecraft.wheat_seeds":1,"stat.mineBlock.minecraft.glass":1,"stat.mineBlock.minecraft.dirt":61,"stat.pickup.spectrite.spectrite_leggings":34,"stat.useItem.minecraft.cobblestone":644,"stat.pickup.blockarmor.furnace_chestplate":5,"stat.pickup.securitycraft.reinforced_stone":13,"stat.pickup.minecraft.iron_pickaxe":1,"stat.drop.minecraft.iron_ore":1,"stat.pickup.minecraft.chicken":17,"stat.useItem.minecraft.glass_pane":110,"stat.craftItem.blockarmor.furnace_boots":1,"stat.pickup.spectrite.spectrite_wither_skeleton_skull":85,"stat.craftItem.minecraft.bucket":1,"stat.craftItem.minecraft.planks":764,"stat.useItem.minecraft.iron_sword":78,"stat.pickup.spectrite.spectrite_helmet":37,"stat.pickup.minecraft.book":6,"stat.useItem.minecraft.stonebrick":585,"stat.mineBlock.minecraft.log":202,"stat.pickup.supertools.hammerstone":2,"stat.craftItem.minecraft.paper":21,"stat.pickup.minecraft.wool":34,"stat.pickup.improvableskills.parchment_fragment":1,"stat.killEntity.SpectriteBlaze":13,"stat.mineBlock.minecraft.cobblestone":137,"stat.pickup.minecraft.stone_pickaxe":1,"stat.pickup.minecraft.flint":7,"stat.craftItem.spectrite.spectrite_sword_2":1,"stat.mineBlock.srparasites.gore":6,"stat.pickup.spectrite.spectrite_sword_special":16,"stat.pickup.spectrite.spectrite_boots":53,"stat.pickup.minecraft.enchanted_book":2,"stat.pickup.spartanshields.shield_basic_iron":4,"stat.drop.minecraft.cobblestone":11,"stat.pickup.minecraft.cooked_porkchop":63,"stat.useItem.minecraft.obsidian":17,"stat.useItem.minecraft.stone_slab2":129,"stat.useItem.minecraft.mob_spawner":22,"stat.pickup.minecraft.bow":1,"stat.craftItem.minecraft.furnace":29,"stat.craftItem.spectrite.spectrite_leggings":12,"stat.craftItem.minecraft.spruce_boat":1,"stat.pickup.minecraft.coal_ore":1,"stat.craftItem.minecraft.cooked_beef":13,"stat.mineBlock.minecraft.obsidian":20,"stat.pickup.minecraft.shears":1,"stat.drop.spectrite.spectrite_bone_block":72,"stat.pickup.futuremc.sweet_berries":3,"stat.flyOneCm":2242952,"stat.pickup.minecraft.sandstone":6,"stat.timeSinceDeath":43147,"stat.craftItem.minecraft.iron_block":13,"stat.craftItem.spectrite.spectrite_wither_invulnerable_skull":1,"stat.killEntity.Bat":4,"stat.craftItem.minecraft.stonebrick":648,"stat.pickup.spectrite.spectrite_arrow":128,"stat.killEntity.Wolf":5,"stat.mineBlock.minecraft.coal_ore":137,"stat.killEntity.Creeper":8,"stat.talkedToVillager":2,"stat.pickup.minecraft.string":5,"stat.useItem.minecraft.milk_bucket":2,"stat.entityKilledBy.Skeleton":1,"stat.killEntity.Squid":2,"stat.sprintOneCm":1240606,"stat.craftItem.uncraftingtable.uncrafting_table":1,"stat.useItem.carryon.tile_item":2,"stat.mineBlock.minecraft.diamond_ore":19,"stat.useItem.spectrite.spectrite_pickaxe":1338,"stat.pickup.minecraft.spawn_egg":201,"stat.pickup.minecraft.vine":8,"stat.useItem.minecraft.diamond_ore":6,"stat.pickup.spectrite.spectrite_gem":87,"stat.killEntity.Zombie":7,"stat.mineBlock.minecraft.gold_ore":3,"stat.craftItem.spectrite.spectrite_sand":70,"stat.diveOneCm":77717,"stat.mineBlock.minecraft.mossy_cobblestone":5,"stat.pickup.spectrite.spectrite_wither_skull":3,"stat.craftItem.minecraft.cooked_porkchop":184,"stat.pickup.minecraft.stone_axe":2,"stat.craftItem.spectrite.spectrite_helmet":14,"stat.pickup.minecraft.obsidian":41,"stat.drop.blockarmor.furnace_helmet":1,"stat.pickup.spectrite.spectrite_star":2,"stat.jump":7456,"stat.pickup.minecraft.coal":258,"stat.pickup.minecraft.iron_ingot":69,"stat.pickup.minecraft.gunpowder":10,"stat.craftItem.minecraft.torch":56,"stat.useItem.spectrite.spectrite_bow":63,"stat.pickup.minecraft.dirt":167,"stat.pickup.minecraft.gold_ore":2,"stat.mineBlock.minecraft.lapis_ore":3,"stat.damageTaken":12842,"stat.mineBlock.minecraft.torch":7,"stat.useItem.spectrite.spectrite_pickaxe_special":1211,"stat.pickup.srparasites.ada_yelloweye_drop":12,"stat.pickup.srparasites.assimilated_flesh":32,"stat.useItem.securitycraft.reinforced_stone":6,"stat.pickup.minecraft.bed":20,"stat.killEntity.SpectriteGolem":1,"stat.pickup.spectrite.spectrite_pickaxe_special":2,"stat.useItem.minecraft.chest":15,"stat.pickup.minecraft.ender_pearl":5,"stat.useItem.supertools.hammerstone":328,"stat.useItem.minecraft.netherrack":28,"stat.craftItem.minecraft.bookshelf":39,"stat.pickup.spectrite.spectrite_bricks":15,"stat.mineBlock.minecraft.stonebrick":72,"stat.mobKills":5114,"stat.mineBlock.minecraft.bookshelf":1,"stat.craftItem.minecraft.shears":1,"stat.useItem.minecraft.boat":1,"stat.pickup.minecraft.diamond":33,"stat.pickup.minecraft.torch":87,"stat.craftItem.minecraft.compass":1,"stat.pickup.spectrite.spectrite_axe_special":3,"stat.useItem.spectrite.spectrite_bow_special":54,"stat.useItem.minecraft.bookshelf":19,"stat.killEntity.Ozelot":1,"stat.craftItem.spectrite.spectrite_bow_special":1,"stat.killEntity.Blaze":2,"stat.pickup.gravestone.death_info":2,"stat.craftItem.blockarmor.furnace_chestplate":1,"stat.useItem.minecraft.mutton":6,"stat.pickup.spawnermod.spawner_key":2,"stat.useItem.minecraft.planks":245,"stat.pickup.minecraft.porkchop":366,"stat.pickup.minecraft.glass":1,"stat.craftItem.spectrite.spectrite_pickaxe_special":1,"stat.useItem.minecraft.water_bucket":7,"stat.pickup.srparasites.ada_longarms_drop":2,"stat.mineBlock.minecraft.nether_brick_fence":4,"stat.pickup.minecraft.sand":82,"stat.drop.spectrite.spectrite_leggings":2,"stat.pickup.spectrite.spectrite_bow":25,"stat.mineBlock.minecraft.sand":107,"stat.drop.spectrite.spectrite_sword":2,"stat.pickup.securitycraft.reinforced_cobblestone":10,"stat.craftItem.spectrite.spectrite_bow":3,"stat.craftItem.spartanshields.shield_basic_wood":1,"stat.useItem.securitycraft.reinforced_cobblestone":3,"stat.drop.minecraft.golden_sword":1,"stat.useItem.minecraft.spawn_egg":12,"stat.drop.gravestone.death_info":2,"stat.craftItem.blockarmor.furnace_leggings":1,"stat.pickup.srparasites.lurecomponent3":4,"stat.pickup.srparasites.lurecomponent1":3,"stat.pickup.blockarmor.furnace_leggings":1,"stat.pickup.srparasites.lurecomponent4":19,"stat.useItem.minecraft.cooked_mutton":14,"stat.pickup.minecraft.furnace":2,"stat.pickup.spectrite.spectrite_blaze_rod":5,"stat.pickup.srparasites.ada_manducater_drop":2,"stat.mineBlock.minecraft.soul_sand":93,"stat.playOneMinute":747811,"stat.craftItem.spectrite.spectrite_compass":1,"stat.craftItem.minecraft.diamond_block":4,"stat.craftItem.spectrite.spectrite_arrow_special":8,"stat.pickup.minecraft.netherrack":189,"stat.mineBlock.spectrite.spectrite_bone_block":53,"stat.mineBlock.uncraftingtable.uncrafting_table":1,"stat.mineBlock.minecraft.netherrack":767,"stat.drop.minecraft.flint":3,"stat.drop.spectrite.spectrite_chestplate":1,"stat.fallOneCm":164339,"stat.drop.minecraft.stone":43,"stat.drop.blockarmor.furnace_chestplate":1,"stat.craftItem.minecraft.chest":15,"stat.killEntity.SpectriteCreeper":285,"stat.pickup.minecraft.feather":16,"stat.pickup.spectrite.spectrite_wither_tail":2,"stat.drop.minecraft.bone":6,"stat.useItem.minecraft.furnace":1,"stat.mineBlock.minecraft.gravel":22,"stat.useItem.minecraft.stone_pickaxe":7,"stat.pickup.minecraft.redstone_ore":1,"stat.drop.minecraft.stick":6,"stat.pickup.minecraft.flint_and_steel":1,"stat.useItem.minecraft.torch":75,"stat.pickup.blockarmor.furnace_boots":2,"stat.pickup.minecraft.crafting_table":3,"stat.useItem.minecraft.log":25,"stat.craftItem.minecraft.crafting_table":9,"stat.craftItem.minecraft.boat":1,"stat.pickup.minecraft.log":249,"stat.pickup.spectrite.spectrite_bone_block":235,"stat.pickup.minecraft.sapling":7,"stat.killEntity.SpectriteSkeleton":41,"stat.pickup.srparasites.bone":1,"stat.pickup.spectrite.spectrite_bow_special":5,"stat.pickup.spectrite.spectrite_chest":2,"stat.pickup.minecraft.golden_sword":1,"stat.sneakTime":60313,"stat.craftItem.spawnermod.spawner_key":1,"stat.pickup.spectrite.spectrite_sword":196,"stat.craftItem.minecraft.enchanting_table":1,"stat.pickup.minecraft.bone":8,"stat.pickup.uncraftingtable.nugget":2,"stat.useItem.spectrite.spectrite_sword_special":849,"stat.swimOneCm":76460,"stat.climbOneCm":12284,"stat.useItem.minecraft.dirt":15,"stat.craftItem.spartanshields.shield_basic_iron":1,"stat.useItem.minecraft.iron_ore":6,"stat.craftItem.minecraft.trapdoor":2,"stat.craftItem.minecraft.stone_pickaxe":27,"stat.drop.spectrite.spectrite_helmet":1,"stat.pickup.minecraft.cobblestone":2484,"stat.pickup.minecraft.soul_sand":21,"stat.useItem.spectrite.spectrite_chest":1,"stat.useItem.minecraft.cooked_beef":10,"stat.pickup.minecraft.redstone":90,"stat.mineBlock.minecraft.iron_ore":53,"stat.craftItem.minecraft.book":7,"stat.pickup.minecraft.mutton":21,"stat.craftItem.spectrite.spectrite_chestplate":12,"stat.pickup.minecraft.stonebrick":123,"stat.useItem.minecraft.cooked_porkchop":126,"stat.mineBlock.minecraft.nether_brick":33,"stat.pickup.spectrite.spectrite_glass":65,"stat.pickup.spectrite.spectrite_axe":1,"stat.craftItem.minecraft.stone_slab2":0,"stat.craftItem.minecraft.stick":92,"stat.pickup.minecraft.grass":14,"stat.mineBlock.minecraft.crafting_table":3,"stat.craftItem.spectrite.spectrite_bone_block":519,"stat.useItem.spectrite.spectrite_sand":16,"stat.mineBlock.minecraft.planks":52,"stat.drop":30,"stat.killEntity.Sheep":21,"stat.craftItem.spectrite.spectrite_gem":81,"stat.pickup.spectrite.spectrite_shovel":7,"stat.pickup.uncraftingtable.uncrafting_table":1,"stat.craftItem.spectrite.spectrite_sword_special":4,"stat.pickup.minecraft.gravel":37,"stat.drop.minecraft.cooked_beef":3,"stat.craftItem.spectrite.spectrite_boots":11,"stat.useItem.minecraft.porkchop":31,"stat.mineBlock.spectrite.spectrite_bricks":28,"stat.drop.spectrite.spectrite_wither_skeleton_skull":1,"stat.drop.minecraft.cooked_porkchop":1,"stat.pickup.minecraft.fence":14,"stat.drop.spectrite.spectrite_sword_2":1,"stat.useItem.minecraft.stone_axe":15,"stat.pickup.minecraft.diamond_ore":7,"stat.drop.minecraft.bed":2,"stat.pickup.minecraft.iron_ore":15,"stat.boatOneCm":234973,"stat.craftItem.minecraft.flint_and_steel":1,"stat.pickup.spectrite.diamond_rod":2,"stat.pickup.minecraft.leather":10,"stat.mineBlock.minecraft.furnace":3,"stat.pickup.minecraft.reeds":48,"stat.pickup.spectrite.spectrite_pickaxe":2,"stat.pickup.srparasites.ada_bolster_drop":4,"stat.damageDealt":372658,"stat.craftItem.minecraft.glass":64,"stat.sleepInBed":24,"stat.craftItem.minecraft.anvil":1,"stat.killEntity.Cow":4,"stat.killEntity.Pig":117,"stat.craftItem.minecraft.iron_sword":1,"stat.walkOneCm":1005052,"stat.playerKills":4,"stat.pickup.minecraft.stick":20,"stat.killEntity.SpectriteWitherSkeleton":4389,"stat.useItem.minecraft.spruce_boat":1,"stat.pickup.spectrite.spectrite_chestplate":47,"stat.mineBlock.spectrite.spectrite_brick_stairs":2,"stat.pickup.minecraft.stone":2013,"stat.killEntity.Skeleton":9,"stat.killEntity.Chicken":12,"stat.mineBlock.srparasites.infestremain":7,"stat.killEntity.Spider":1,"stat.mineBlock.minecraft.quartz_ore":7,"stat.craftItem.blockarmor.furnace_helmet":1,"stat.pickup.minecraft.water_bucket":1,"stat.mineBlock.minecraft.leaves":13,"stat.mineBlock.minecraft.redstone_ore":13,"stat.mineBlock.minecraft.stone":3900}