{"stats":{"minecraft:mined":{"minecraft:dark_oak_planks":7,"minecraft:spruce_planks":1,"minecraft:jungle_fence":1,"gravestone:gravestone":1,"minecraft:jungle_planks":16},"minecraft:picked_up":{"minecraft:jungle_fence":1,"minecraft:jungle_planks":13,"minecraft:brain_coral_block":1,"minecraft:dark_oak_log":1,"minecraft:dark_oak_planks":6,"minecraft:rotten_flesh":2,"minecraft:spruce_planks":1},"minecraft:used":{"minecraft:dark_oak_planks":5,"minecraft:iron_axe":16,"minecraft:dried_kelp":17,"minecraft:spruce_planks":1,"minecraft:dark_oak_slab":5,"minecraft:iron_sword":45,"minecraft:cooked_salmon":4,"minecraft:crafting_table":1,"minecraft:cooked_cod":3,"minecraft:jungle_planks":1,"minecraft:cod":10},"minecraft:custom":{"minecraft:time_since_rest":8870,"minecraft:sprint_one_cm":5251,"lootr:looted_stat":9,"minecraft:damage_taken":1834,"minecraft:walk_one_cm":8107,"minecraft:mob_kills":5,"minecraft:damage_dealt":1943,"minecraft:damage_dealt_absorbed":80,"minecraft:talked_to_villager":1,"minecraft:swim_one_cm":58364,"minecraft:interact_with_crafting_table":6,"minecraft:fly_one_cm":9194,"minecraft:open_barrel":5,"minecraft:crouch_one_cm":2306,"minecraft:play_time":16692,"minecraft:deaths":1,"minecraft:sneak_time":1952,"minecraft:walk_under_water_one_cm":10263,"minecraft:jump":44,"minecraft:damage_dealt_resisted":292,"minecraft:leave_game":1,"minecraft:walk_on_water_one_cm":6577,"minecraft:time_since_death":8838,"minecraft:total_world_time":16692,"minecraft:fall_one_cm":5368},"minecraft:crafted":{"minecraft:dark_oak_slab":6,"minecraft:shield":1,"minecraft:iron_axe":1,"minecraft:crafting_table":1,"minecraft:stick":4,"minecraft:iron_helmet":1,"minecraft:iron_sword":1,"minecraft:dark_oak_planks":4},"minecraft:killed":{"minecraft:drowned":5}},"DataVersion":3465}