{"stat.pickup.minecraft.bone":1,"stat.pickup.blockarmor.furnace_helmet":2,"stat.leaveGame":5,"stat.mineBlock.minecraft.cobblestone":45,"stat.pickup.minecraft.stone_pickaxe":1,"stat.useItem.spectrite.spectrite_sword_special":173,"stat.mineBlock.srparasites.gore":1,"stat.pickup.spectrite.spectrite_sword_special":1,"stat.mineBlock.minecraft.sandstone":6,"stat.craftItem.blockarmor.furnace_chestplate":1,"stat.useItem.minecraft.mutton":6,"stat.swimOneCm":22863,"stat.pickup.spectrite.spectrite_boots":3,"stat.pickup.spartanshields.shield_basic_iron":1,"stat.pickup.minecraft.porkchop":26,"stat.pickup.minecraft.glass":1,"stat.mineBlock.gravestone.gravestone":1,"stat.useItem.minecraft.dirt":2,"stat.useItem.minecraft.stone_slab2":26,"stat.pickup.minecraft.bow":1,"stat.craftItem.spectrite.spectrite_pickaxe_special":1,"stat.pickup.minecraft.sand":1,"stat.craftItem.minecraft.furnace":26,"stat.craftItem.spectrite.spectrite_leggings":2,"stat.craftItem.spartanshields.shield_basic_iron":1,"stat.craftItem.minecraft.spruce_boat":1,"stat.useItem.minecraft.iron_ore":6,"stat.craftItem.minecraft.stone_pickaxe":18,"stat.craftItem.minecraft.cooked_beef":13,"stat.drop.spectrite.spectrite_helmet":1,"stat.pickup.minecraft.cobblestone":789,"stat.pickup.futuremc.sweet_berries":3,"stat.flyOneCm":237582,"stat.pickup.minecraft.sandstone":6,"stat.pickup.spectrite.spectrite_bow":8,"stat.mineBlock.minecraft.sand":2,"stat.craftItem.spectrite.spectrite_bow":3,"stat.useItem.minecraft.cooked_beef":10,"stat.pickup.minecraft.redstone":59,"stat.mineBlock.minecraft.iron_ore":44,"stat.craftItem.minecraft.book":4,"stat.timeSinceDeath":72999,"stat.craftItem.spartanshields.shield_basic_wood":1,"stat.useItem.minecraft.iron_pickaxe":90,"stat.pickup.minecraft.mutton":21,"stat.craftItem.minecraft.iron_block":3,"stat.craftItem.minecraft.bed":2,"stat.craftItem.spectrite.spectrite_chestplate":1,"stat.pickup.spectrite.spectrite_arrow":19,"stat.craftItem.blockarmor.furnace_leggings":1,"stat.furnaceInteraction":24,"stat.useItem.minecraft.cooked_porkchop":2,"stat.mineBlock.minecraft.coal_ore":58,"stat.killEntity.Creeper":3,"stat.pickup.blockarmor.furnace_leggings":1,"stat.pickup.spectrite.spectrite_dust":4,"stat.pickup.minecraft.string":4,"stat.pickup.spectrite.spectrite_axe":1,"stat.pickup.minecraft.beef":13,"stat.useItem.minecraft.cooked_mutton":12,"stat.pickup.minecraft.furnace":1,"stat.pickup.spectrite.spectrite_bone":159,"stat.entityKilledBy.Skeleton":1,"stat.craftItem.minecraft.stone_slab2":0,"stat.sprintOneCm":227903,"stat.craftItem.minecraft.stick":68,"stat.craftItem.uncraftingtable.uncrafting_table":1,"stat.mineBlock.minecraft.diamond_ore":5,"stat.mineBlock.minecraft.crafting_table":2,"stat.useItem.spectrite.spectrite_pickaxe":91,"stat.pickup.minecraft.spawn_egg":7,"stat.deaths":1,"stat.drop":7,"stat.useItem.spectrite.spectrite_bone_block":2,"stat.playOneMinute":145827,"stat.killEntity.Sheep":15,"stat.craftItem.minecraft.iron_pickaxe":1,"stat.pickup.spectrite.spectrite_gem":3,"stat.pickup.spectrite.spectrite_shovel":1,"stat.killEntity.Zombie":2,"stat.mineBlock.minecraft.tallgrass":1,"stat.craftItem.minecraft.cooked_mutton":13,"stat.diveOneCm":25550,"stat.pickup.minecraft.cooked_mutton":3,"stat.chestOpened":16,"stat.mineBlock.spectrite.spectrite_bone_block":20,"stat.mineBlock.uncraftingtable.uncrafting_table":1,"stat.useItem.minecraft.stone":84,"stat.pickup.uncraftingtable.uncrafting_table":1,"stat.pickup.minecraft.iron_sword":1,"stat.pickup.minecraft.arrow":4,"stat.drop.minecraft.cooked_beef":3,"stat.craftItem.minecraft.cooked_porkchop":20,"stat.pickup.minecraft.stone_axe":2,"stat.craftItem.spectrite.spectrite_boots":1,"stat.craftItem.spectrite.spectrite_helmet":4,"stat.useItem.minecraft.porkchop":3,"stat.drop.blockarmor.furnace_helmet":1,"stat.mineBlock.spectrite.spectrite_bricks":1,"stat.jump":1580,"stat.pickup.minecraft.coal":60,"stat.fallOneCm":22287,"stat.pickup.minecraft.iron_ingot":55,"stat.drop.minecraft.stone":5,"stat.craftItem.supertools.hammerstone":2,"stat.useItem.minecraft.stone_axe":15,"stat.crouchOneCm":18808,"stat.craftItem.minecraft.torch":56,"stat.useItem.spectrite.spectrite_bow":28,"stat.pickup.minecraft.dirt":24,"stat.drop.minecraft.bed":1,"stat.craftingTableInteraction":29,"stat.pickup.minecraft.iron_ore":10,"stat.boatOneCm":166271,"stat.killEntity.SpectriteCreeper":1,"stat.mineBlock.minecraft.lapis_ore":1,"stat.damageTaken":1751,"stat.useItem.futuremc.sweet_berries":3,"stat.pickup.minecraft.leather":10,"stat.mineBlock.minecraft.torch":5,"stat.useItem.spectrite.spectrite_pickaxe_special":1,"stat.pickup.srparasites.assimilated_flesh":4,"stat.pickup.minecraft.dye":14,"stat.pickup.minecraft.planks":10,"stat.pickup.minecraft.reeds":37,"stat.pickup.minecraft.bed":7,"stat.pickup.minecraft.wheat_seeds":1,"stat.useItem.minecraft.stone_pickaxe":7,"stat.mineBlock.minecraft.glass":1,"stat.damageDealt":32132,"stat.sleepInBed":7,"stat.craftItem.minecraft.anvil":1,"stat.killEntity.Cow":4,"stat.mineBlock.minecraft.dirt":20,"stat.killEntity.Pig":6,"stat.craftItem.minecraft.iron_sword":1,"stat.pickup.spectrite.spectrite_leggings":3,"stat.walkOneCm":238229,"stat.useItem.minecraft.torch":33,"stat.pickup.minecraft.stick":14,"stat.pickup.blockarmor.furnace_boots":2,"stat.pickup.minecraft.crafting_table":2,"stat.killEntity.SpectriteWitherSkeleton":6,"stat.useItem.minecraft.cobblestone":156,"stat.craftItem.minecraft.crafting_table":4,"stat.useItem.minecraft.spruce_boat":1,"stat.pickup.blockarmor.furnace_chestplate":2,"stat.pickup.minecraft.log":14,"stat.pickup.spectrite.spectrite_chestplate":3,"stat.pickup.minecraft.iron_pickaxe":1,"stat.mineBlock.spectrite.spectrite_brick_stairs":2,"stat.pickup.minecraft.stone":936,"stat.pickup.spectrite.spectrite_bone_block":12,"stat.pickup.minecraft.sapling":5,"stat.useItem.supertools.hammerstone":198,"stat.killEntity.SpectriteSkeleton":38,"stat.craftItem.blockarmor.furnace_boots":1,"stat.killEntity.Skeleton":5,"stat.pickup.spectrite.spectrite_bricks":2,"stat.craftItem.minecraft.planks":60,"stat.useItem.minecraft.iron_sword":78,"stat.mineBlock.srparasites.infestremain":3,"stat.killEntity.Spider":1,"stat.pickup.spectrite.spectrite_helmet":7,"stat.craftItem.blockarmor.furnace_helmet":1,"stat.mobKills":112,"stat.mineBlock.minecraft.log":16,"stat.pickup.minecraft.diamond":10,"stat.mineBlock.minecraft.leaves":3,"stat.pickup.supertools.hammerstone":1,"stat.craftItem.minecraft.paper":12,"stat.pickup.minecraft.torch":44,"stat.mineBlock.minecraft.redstone_ore":6,"stat.sneakTime":11098,"stat.pickup.minecraft.wool":20,"stat.pickup.spectrite.spectrite_sword":1,"stat.pickup.spectrite.spectrite_axe_special":1,"stat.mineBlock.minecraft.stone":1641,"stat.pickup.improvableskills.parchment_fragment":1}