{"stats":{"minecraft:broken":{"minecraft:leather_helmet":1,"minecraft:stone_axe":1},"minecraft:used":{"minecraft:oak_fence":20,"minecraft:oak_trapdoor":6,"minecraft:water_bucket":1,"minecraft:stone_shovel":5,"minecraft:stone_pickaxe":184,"minecraft:oak_planks":87,"minecraft:polished_diorite_slab":31,"minecraft:wooden_pickaxe":24,"minecraft:chest":17,"minecraft:birch_boat":2,"minecraft:composter":2,"minecraft:wooden_shovel":25,"minecraft:cobblestone_slab":144,"minecraft:stone_hoe":48,"minecraft:torch":25,"minecraft:dirt":74,"minecraft:oak_slab":67,"minecraft:crafting_table":2,"minecraft:mushroom_stew":7,"minecraft:cobblestone_wall":16,"minecraft:polished_granite_slab":35,"minecraft:pumpkin_seeds":1,"minecraft:oak_fence_gate":2,"minecraft:polished_diorite":1,"minecraft:wooden_axe":56,"minecraft:birch_slab":6,"minecraft:polished_granite":1,"minecraft:polished_andesite_slab":25,"minecraft:stone_axe":142,"minecraft:birch_trapdoor":2,"minecraft:oak_sapling":2,"minecraft:oak_boat":1,"minecraft:potato":1},"minecraft:dropped":{"minecraft:mushroom_stew":1},"minecraft:custom":{"minecraft:mob_kills":25,"minecraft:interact_with_crafting_table":43,"minecraft:leave_game":7,"minecraft:time_since_death":95705,"minecraft:time_since_rest":95736,"minecraft:sprint_one_cm":71753,"minecraft:damage_taken":5260,"minecraft:walk_one_cm":128378,"minecraft:drop":1,"minecraft:damage_dealt":3705,"minecraft:fly_one_cm":33107,"minecraft:player_kills":2,"minecraft:open_chest":121,"minecraft:crouch_one_cm":76984,"minecraft:play_time":96853,"minecraft:deaths":7,"minecraft:sneak_time":22026,"minecraft:boat_one_cm":16105,"minecraft:jump":252,"minecraft:total_world_time":96853,"minecraft:fall_one_cm":37325},"minecraft:picked_up":{"minecraft:birch_log":27,"minecraft:polished_diorite_slab":1,"minecraft:feather":1,"minecraft:chicken":3,"minecraft:clay_ball":112,"minecraft:birch_slab":5,"minecraft:andesite":27,"minecraft:leather":1,"minecraft:oak_log":63,"minecraft:gunpowder":3,"minecraft:dirt":143,"minecraft:rabbit_hide":4,"minecraft:stone_pickaxe":1,"minecraft:oak_fence_gate":1,"minecraft:beef":3,"minecraft:cobblestone_slab":6,"minecraft:rabbit":3,"minecraft:melon_slice":14,"minecraft:chest":15,"minecraft:oak_planks":31,"minecraft:oak_slab":14,"minecraft:raw_iron":13,"minecraft:pumpkin":4,"minecraft:composter":1,"minecraft:oak_fence":8,"minecraft:torch":6,"minecraft:porkchop":6,"minecraft:diorite":11,"minecraft:leather_helmet":1,"minecraft:rotten_flesh":4,"minecraft:polished_granite_slab":1,"minecraft:granite":19,"minecraft:oak_sapling":2,"minecraft:mutton":1,"minecraft:coal":15,"minecraft:white_wool":1,"minecraft:cobblestone":92},"minecraft:killed":{"facelesssteve:facelesscreeper":1,"minecraft:pig":3,"minecraft:rabbit":5,"minecraft:spider":2,"minecraft:creeper":2,"minecraft:sheep":1,"facelesssteve:facelesszombie":2,"minecraft:zombie":2,"minecraft:chicken":4,"minecraft:cow":2},"minecraft:crafted":{"minecraft:oak_planks":164,"minecraft:oak_slab":66,"minecraft:wooden_shovel":1,"minecraft:cobblestone_slab":138,"minecraft:stone_shovel":1,"minecraft:polished_granite_slab":36,"minecraft:crafting_table":2,"minecraft:wooden_pickaxe":1,"minecraft:birch_boat":2,"minecraft:bowl":4,"minecraft:birch_slab":6,"minecraft:polished_granite":20,"minecraft:birch_planks":28,"minecraft:stone_axe":2,"minecraft:polished_andesite_slab":30,"minecraft:oak_trapdoor":6,"minecraft:oak_fence_gate":1,"minecraft:oak_boat":1,"minecraft:polished_diorite":16,"minecraft:stick":40,"minecraft:wooden_axe":2,"minecraft:stone_pickaxe":1,"minecraft:birch_trapdoor":2,"minecraft:cobblestone_wall":18,"minecraft:composter":1,"minecraft:torch":20,"minecraft:stone_hoe":1,"minecraft:oak_fence":12,"minecraft:polished_diorite_slab":30,"minecraft:polished_andesite":16},"minecraft:mined":{"minecraft:podzol":15,"minecraft:polished_granite_slab":1,"minecraft:oak_slab":29,"minecraft:crafting_table":1,"minecraft:oak_fence":8,"minecraft:clay":28,"minecraft:torch":4,"minecraft:granite":18,"minecraft:grass_block":94,"minecraft:melon":4,"minecraft:chest":14,"minecraft:polished_diorite_slab":5,"minecraft:birch_slab":6,"minecraft:composter":1,"minecraft:oak_planks":49,"minecraft:diorite":16,"minecraft:oak_trapdoor":2,"minecraft:birch_log":25,"minecraft:iron_ore":13,"minecraft:fire":19,"minecraft:birch_trapdoor":2,"minecraft:andesite":19,"minecraft:pumpkin":4,"minecraft:oak_log":62,"minecraft:coal_ore":14,"minecraft:cobblestone_slab":6,"minecraft:oak_fence_gate":1,"minecraft:dirt":45,"minecraft:stone":78,"minecraft:oak_leaves":4}},"DataVersion":3120}