{"stats":{"minecraft:mined":{"minecraft:sweet_berry_bush":7},"minecraft:custom":{"minecraft:open_chest":21,"minecraft:time_since_rest":63746,"minecraft:crouch_one_cm":846,"minecraft:play_time":63746,"minecraft:sprint_one_cm":22734,"minecraft:damage_taken":40,"minecraft:walk_one_cm":8263,"minecraft:sneak_time":1789,"minecraft:walk_under_water_one_cm":473,"minecraft:aviate_one_cm":467041,"minecraft:jump":102,"minecraft:damage_dealt":10,"minecraft:leave_game":1,"minecraft:time_since_death":63746,"minecraft:walk_on_water_one_cm":1175,"minecraft:total_world_time":63746,"minecraft:swim_one_cm":5238,"minecraft:fly_one_cm":394371,"minecraft:fall_one_cm":884,"minecraft:talked_to_villager":1},"minecraft:used":{"minecraft:warden_spawn_egg":2,"minecraft:firework_rocket":206,"minecraft:red_mushroom":1,"minecraft:elytra":1,"minecraft:iron_golem_spawn_egg":40},"minecraft:picked_up":{"minecraft:name_tag":4,"minecraft:pumpkin_seeds":12,"minecraft:arrow":2,"minecraft:sweet_berries":18,"minecraft:wheat_seeds":1,"minecraft:activator_rail":1,"minecraft:beetroot_seeds":13,"minecraft:brown_mushroom":8,"minecraft:torch":62,"minecraft:red_mushroom":1,"minecraft:gravel":4,"minecraft:iron_ingot":15,"minecraft:bread":5,"minecraft:redstone":13,"minecraft:melon_seeds":2,"minecraft:glow_berries":5,"minecraft:mutton":2,"minecraft:coal":8,"minecraft:string":6,"minecraft:rail":36}},"DataVersion":3465}