{"stats":{"minecraft:broken":{"minecraft:iron_hoe":1,"minecraft:golden_axe":1},"minecraft:picked_up":{"minecraft:iron_chestplate":2,"minecraft:nether_brick_fence":6,"minecraft:creeper_head":2,"minecraft:prismarine_shard":13,"minecraft:oak_stairs":4,"minecraft:brown_bed":2,"minecraft:potion":6,"minecraft:enchanted_book":9,"iceandfire:myrmex_jungle_chitin":22,"minecraft:stone_brick_stairs":2,"minecraft:crimson_planks":7,"minecraft:brewing_stand":1,"minecraft:polished_blackstone_brick_stairs":1,"minecraft:red_nether_bricks":18,"iceandfire:tide_teal_helmet":1,"minecraft:music_disc_cat":1,"minecraft:string":14,"minecraft:raw_copper":2,"iceandfire:sea_serpent_scales_teal":9,"minecraft:iron_leggings":2,"minecraft:comparator":1,"minecraft:cobbled_deepslate":270,"iceandfire:tide_purple_chestplate":1,"minecraft:spruce_planks":13,"minecraft:redstone_torch":7,"minecraft:rose_bush":2,"minecraft:warped_slab":1,"minecraft:ender_eye":3,"minecraft:iron_pickaxe":5,"iceandfire:frozen_gravel":1,"minecraft:melon_slice":6,"minecraft:coal_block":1,"minecraft:iron_boots":3,"minecraft:tipped_arrow":5,"iceandfire:pixie_dust":2,"minecraft:stick":15,"minecraft:torch":7,"minecraft:spruce_stairs":7,"minecraft:golden_axe":2,"minecraft:honeycomb_block":5,"ironchest:gold_chest":1,"iceandfire:tide_purple_leggings":1,"minecraft:golden_chestplate":1,"minecraft:cauldron":2,"minecraft:goat_horn":1,"minecraft:chiseled_nether_bricks":1,"minecraft:honey_bottle":5,"minecraft:rotten_flesh":9,"minecraft:bookshelf":8,"minecraft:blaze_rod":3,"minecraft:deepslate_brick_stairs":1,"minecraft:obsidian":42,"minecraft:iron_bars":8,"minecraft:cod":3,"minecraft:cobblestone":121,"minecraft:nautilus_shell":1,"minecraft:sponge":9,"minecraft:birch_log":1,"minecraft:enchanting_table":1,"minecraft:leather_chestplate":3,"minecraft:feather":2,"minecraft:repeater":4,"minecraft:magma_cream":2,"minecraft:andesite":97,"minecraft:jungle_log":10,"minecraft:golden_leggings":1,"minecraft:potato":96,"minecraft:tuff":178,"minecraft:wither_skeleton_skull":1,"minecraft:lapis_lazuli":4,"minecraft:dirt":13,"lootr:trophy":1,"minecraft:bone":43,"minecraft:bow":7,"minecraft:wheat_seeds":7,"minecraft:bell":1,"iceandfire:tide_purple_boots":1,"minecraft:glowstone_dust":2,"minecraft:bamboo":17,"minecraft:moss_block":26,"minecraft:oak_planks":17,"minecraft:mossy_stone_brick_stairs":4,"minecraft:ghast_tear":1,"iceandfire:dragonscales_sapphire":15,"minecraft:poisonous_potato":1,"minecraft:sand":1,"minecraft:jungle_planks":1,"minecraft:nether_brick_stairs":4,"sophisticatedbackpacks:iron_backpack":1,"minecraft:granite_slab":4,"minecraft:jungle_slab":2,"minecraft:dark_oak_log":38,"iceandfire:frozen_dirt":2,"iceandfire:pixie_wings":1,"minecraft:mossy_cobblestone":4,"minecraft:dark_prismarine":2,"minecraft:polished_andesite":2,"minecraft:sugar":6,"improvableskills:skills_book":1,"minecraft:soul_lantern":1,"waystones:waystone":1,"minecraft:granite":9,"minecraft:bone_meal":16,"minecraft:emerald":14,"scalinghealth:cursed_heart":1,"minecraft:bread":1,"minecraft:netherrack":419,"iceandfire:silver_nugget":36,"minecraft:dark_oak_fence":2,"minecraft:bricks":4,"minecraft:andesite_slab":8,"iceandfire:raw_silver":2,"minecraft:diamond_pickaxe":2,"sophisticatedbackpacks:gold_backpack":1,"minecraft:crafting_table":1,"minecraft:chicken":2,"iceandfire:witherbone":20,"minecraft:turtle_helmet":1,"minecraft:leather_leggings":1,"iceandfire:frozen_cobblestone":5,"gravestone:obituary":5,"minecraft:chain":2,"minecraft:shield":1,"iceandfire:sea_serpent_scales_blue":21,"minecraft:moss_carpet":29,"minecraft:flint_and_steel":1,"minecraft:item_frame":2,"minecraft:iron_shovel":1,"minecraft:blackstone":1,"dungeons_plus:warped_axe":1,"minecraft:cracked_stone_bricks":12,"improvableskills:scroll_normal":5,"minecraft:dark_prismarine_stairs":6,"minecraft:beef":17,"minecraft:oak_boat":4,"minecraft:jungle_sapling":5,"minecraft:iron_nugget":24,"minecraft:spruce_slab":21,"minecraft:minecart":1,"minecraft:sugar_cane":16,"minecraft:phantom_membrane":4,"iceandfire:ice_dragon_heart":1,"minecraft:egg":1,"minecraft:lime_wool":3,"minecraft:raw_iron":19,"iceandfire:dragonbone":35,"sophisticatedbackpacks:backpack":2,"minecraft:polished_blackstone_bricks":1,"minecraft:trident":4,"minecraft:redstone":1,"minecraft:stone_pressure_plate":1,"minecraft:purple_terracotta":2,"minecraft:dark_oak_planks":8,"iceandfire:dragon_skull_ice":3,"minecraft:tnt":5,"minecraft:arrow":70,"iceandfire:sea_serpent_scales_purple":49,"minecraft:decorated_pot":1,"minecraft:crimson_slab":2,"minecraft:nether_bricks":11,"iceandfire:dragonscales_silver":12,"minecraft:nether_brick_wall":1,"minecraft:hay_block":36,"minecraft:stripped_dark_oak_wood":12,"minecraft:gold_ingot":40,"minecraft:saddle":1,"sophisticatedbackpacks:copper_backpack":1,"minecraft:skeleton_skull":2,"minecraft:white_wool":6,"minecraft:stripped_oak_log":1,"minecraft:air":0,"iceandfire:sea_serpent_fang":26,"minecraft:leather":9,"minecraft:acacia_wood":4,"minecraft:filled_map":1,"minecraft:oak_log":12,"scalinghealth:bandages":4,"minecraft:ancient_debris":1,"minecraft:golden_boots":3,"iceandfire:tide_teal_boots":1,"minecraft:gunpowder":9,"scalinghealth:heart_crystal":17,"scalinghealth:medkit":2,"minecraft:white_banner":4,"minecraft:red_nether_brick_stairs":2,"minecraft:stone_bricks":34,"minecraft:gray_carpet":1,"minecraft:iron_ingot":4,"scalinghealth:power_crystal_shard":4,"minecraft:glass_bottle":10,"minecraft:gray_bed":2,"iceandfire:sea_serpent_scales_deepblue":5,"minecraft:iron_sword":2,"minecraft:flowering_azalea":1,"minecraft:book":134,"minecraft:oak_slab":10,"minecraft:milk_bucket":1,"scalinghealth:heart_crystal_shard":10,"minecraft:smooth_basalt":14,"minecraft:dark_oak_slab":35,"minecraft:sweet_berries":2,"minecraft:chiseled_stone_bricks":1,"minecraft:stone_brick_slab":1,"waystones:mossy_waystone":1,"minecraft:amethyst_shard":4,"minecraft:spruce_sapling":4,"minecraft:spruce_log":26,"minecraft:nether_brick_slab":1,"minecraft:spider_eye":4,"minecraft:leather_helmet":1,"minecraft:dried_kelp_block":1,"minecraft:honey_block":5,"minecraft:chainmail_leggings":1,"minecraft:iron_helmet":3,"iceandfire:myrmex_jungle_egg":2,"iceandfire:ice_dragon_flesh":7,"minecraft:terracotta":16,"minecraft:baked_potato":12,"minecraft:melon_seeds":16,"minecraft:coal":22,"minecraft:ender_pearl":10},"minecraft:used":{"minecraft:moss_block":4,"iceandfire:tide_trident":3,"minecraft:moss_carpet":2,"minecraft:black_carpet":20,"minecraft:spruce_slab":5,"iceandfire:dragon_skull_ice":1,"minecraft:chest":9,"minecraft:decorated_pot":1,"minecraft:shield":50,"minecraft:red_nether_brick_stairs":2,"minecraft:iron_sword":537,"lootr:trophy":1,"minecraft:rotten_flesh":13,"iceandfire:tide_deepblue_helmet":1,"minecraft:iron_chestplate":1,"minecraft:nether_bricks":6,"minecraft:jungle_planks":1,"minecraft:carrot":29,"minecraft:jungle_slab":1,"minecraft:tuff":50,"minecraft:obsidian":12,"minecraft:honey_bottle":22,"minecraft:bricks":1,"minecraft:stone_bricks":3,"minecraft:bow":165,"minecraft:dark_oak_boat":1,"minecraft:hay_block":10,"minecraft:gray_bed":2,"minecraft:skeleton_skull":1,"minecraft:potato":36,"minecraft:dark_prismarine_stairs":2,"minecraft:wither_skeleton_skull":1,"minecraft:cut_copper_slab":3,"minecraft:oak_planks":4,"minecraft:blackstone":23,"minecraft:ender_pearl":3,"minecraft:diamond_axe":1521,"dungeons_plus:warped_axe":4,"minecraft:purple_terracotta":2,"minecraft:shears":146,"waystones:waystone":3,"easy_villagers:villager":1,"scalinghealth:enchanted_heart":1,"minecraft:melon_slice":4,"minecraft:bread":162,"ironchest:iron_to_gold_chest_upgrade":1,"minecraft:granite_slab":4,"minecraft:diamond_sword":632,"minecraft:andesite":21,"minecraft:dark_oak_fence":1,"minecraft:tropical_fish_bucket":1,"minecraft:oak_boat":5,"minecraft:experience_bottle":80,"ironchest:wood_to_iron_chest_upgrade":1,"minecraft:trident":190,"minecraft:enchanting_table":1,"minecraft:flint_and_steel":25,"minecraft:spruce_planks":10,"fabledweaponry:scimitar_diamond":611,"minecraft:netherrack":135,"minecraft:torch":113,"minecraft:brewing_stand":1,"minecraft:dirt":10,"minecraft:spyglass":1,"scalinghealth:heart_crystal":23,"iceandfire:pixie_dust":2,"minecraft:spruce_stairs":3,"minecraft:iron_hoe":213,"minecraft:dark_oak_planks":7,"minecraft:bookshelf":22,"minecraft:oak_stairs":1,"minecraft:red_candle":1,"minecraft:bamboo":6,"minecraft:smooth_basalt":17,"minecraft:crimson_planks":2,"minecraft:golden_carrot":4,"ironchest:gold_chest":1,"minecraft:goat_horn":1,"minecraft:brown_bed":2,"minecraft:acacia_wood":1,"minecraft:minecart":1,"minecraft:cooked_beef":19,"minecraft:cobbled_deepslate":100,"minecraft:acacia_planks":5,"minecraft:enchanted_golden_apple":1,"minecraft:golden_axe":32,"minecraft:iron_leggings":1,"minecraft:water_bucket":26,"minecraft:iron_ore":1,"iceandfire:tide_blue_leggings":1,"minecraft:glass_bottle":1,"minecraft:polished_andesite":2,"minecraft:red_nether_bricks":6,"minecraft:andesite_slab":8,"scalinghealth:chance_heart":1,"minecraft:cauldron":2,"minecraft:cracked_stone_bricks":1,"minecraft:lime_bed":1,"minecraft:mossy_cobblestone":4,"minecraft:terracotta":5,"minecraft:tnt":3,"minecraft:oak_slab":1,"minecraft:crafting_table":17,"minecraft:white_bed":1,"iceandfire:tide_purple_leggings":1,"iceandfire:tide_purple_chestplate":1,"minecraft:dark_prismarine":2,"minecraft:diamond_pickaxe":2879,"minecraft:apple":1,"waystones:mossy_waystone":1,"minecraft:iron_pickaxe":353,"minecraft:suspicious_stew":3,"minecraft:cobblestone":42,"minecraft:potion":2,"minecraft:cooked_porkchop":1,"minecraft:bucket":25,"minecraft:brush":7,"minecraft:splash_potion":1},"minecraft:dropped":{"minecraft:nether_brick_stairs":3,"sophisticatedbackpacks:iron_backpack":1,"minecraft:iron_sword":2,"minecraft:moss_block":18,"minecraft:baked_potato":6,"minecraft:glass_bottle":3,"minecraft:dark_oak_slab":30,"iceandfire:frozen_dirt":2,"iceandfire:tide_purple_boots":3,"minecraft:mossy_stone_brick_stairs":4,"minecraft:cracked_stone_bricks":41,"iceandfire:tide_purple_leggings":2,"minecraft:leather_helmet":2,"minecraft:cod":22,"iceandfire:tide_blue_helmet":1,"minecraft:dirt":20,"minecraft:dark_oak_log":12,"iceandfire:sea_serpent_scales_purple":11,"minecraft:chain":2,"minecraft:jungle_sapling":5,"gravestone:obituary":9,"minecraft:gold_nugget":1,"minecraft:sugar":3,"minecraft:iron_pickaxe":1,"minecraft:fishing_rod":1,"iceandfire:myrmex_jungle_chitin":22,"minecraft:bone":1,"minecraft:blackstone":6,"minecraft:iron_nugget":24,"minecraft:golden_chestplate":1,"minecraft:cobbled_deepslate":195,"minecraft:wheat":1,"minecraft:soul_lantern":1,"minecraft:rotten_flesh":97,"minecraft:honey_bottle":1,"minecraft:white_bed":1,"minecraft:salmon":2,"minecraft:leather_chestplate":6,"iceandfire:tide_teal_helmet":1,"minecraft:melon_seeds":16,"minecraft:leather_boots":2,"minecraft:azalea":2,"minecraft:leather_leggings":2,"minecraft:spruce_slab":16,"minecraft:iron_ore":9,"minecraft:iron_bars":4,"minecraft:arrow":2,"iceandfire:sea_serpent_scales_blue":6,"minecraft:beef":17,"minecraft:bread":1,"minecraft:netherrack":3,"minecraft:enchanting_table":1,"minecraft:crimson_planks":2,"minecraft:enchanted_book":5,"minecraft:golden_boots":2,"minecraft:wheat_seeds":11,"scalinghealth:cursed_heart":1,"minecraft:poisonous_potato":3,"minecraft:iron_helmet":4,"minecraft:feather":2,"minecraft:cobblestone":2,"scalinghealth:heart_crystal_shard":6,"minecraft:granite":1,"minecraft:spruce_stairs":2,"minecraft:coal":2,"minecraft:pufferfish":2,"minecraft:jungle_slab":1,"minecraft:torch":8,"minecraft:rose_bush":1,"minecraft:potion":3,"minecraft:iron_leggings":4,"minecraft:dried_kelp":8,"minecraft:flowering_azalea":1,"iceandfire:pixie_wings":1,"minecraft:string":1,"minecraft:tripwire_hook":2,"minecraft:lily_pad":1,"minecraft:gray_carpet":1,"minecraft:smooth_basalt":8,"minecraft:bricks":3,"minecraft:moss_carpet":4,"minecraft:bowl":3,"minecraft:tuff":576,"minecraft:raw_iron":19,"minecraft:chicken":2,"minecraft:iron_boots":7,"improvableskills:skills_book":1,"minecraft:name_tag":1,"iceandfire:tide_teal_boots":1,"minecraft:nether_bricks":2,"iceandfire:tide_deepblue_helmet":1,"iceandfire:tide_purple_chestplate":2,"minecraft:filled_map":1,"minecraft:big_dripleaf":3,"minecraft:potato":9,"minecraft:stone":2,"minecraft:shield":1,"minecraft:spruce_planks":5,"minecraft:iron_chestplate":5,"minecraft:diamond_pickaxe":1,"minecraft:andesite":129,"minecraft:mossy_stone_bricks":2,"minecraft:golden_sword":1,"easy_villagers:villager":1,"minecraft:spider_eye":9,"minecraft:stone_bricks":12,"minecraft:bamboo":4,"minecraft:bow":4,"scalinghealth:bandages":1,"minecraft:terracotta":8},"minecraft:killed":{"minecraft:cave_spider":1,"minecraft:witch":23,"minecraft:spider":8,"minecraft:skeleton":110,"minecraft:guardian":5,"minecraft:chicken":1,"minecraft:silverfish":2,"iceandfire:myrmex_worker":5,"minecraft:magma_cube":18,"minecraft:pig":1,"minecraft:iron_golem":1,"minecraft:creeper":8,"minecraft:pillager":28,"minecraft:goat":1,"minecraft:zombie":65,"iceandfire:myrmex_queen":1,"minecraft:stray":2,"minecraft:ghast":1,"iceandfire:pixie":6,"minecraft:blaze":11,"iceandfire:sea_serpent":7,"minecraft:cow":8,"minecraft:vindicator":12,"minecraft:phantom":9,"minecraft:drowned":31,"iceandfire:myrmex_sentinel":1,"minecraft:husk":2,"iceandfire:myrmex_soldier":2,"iceandfire:ice_dragon":2,"minecraft:wither_skeleton":58},"minecraft:crafted":{"minecraft:oak_planks":72,"iceandfire:armor_silver_boots":1,"minecraft:dark_oak_boat":1,"iceandfire:tide_purple_leggings":2,"iceandfire:tide_purple_boots":2,"waystones:waystone":2,"minecraft:bookshelf":14,"iceandfire:tide_purple_chestplate":2,"minecraft:iron_boots":1,"improvableskills:skills_book":1,"minecraft:chest":10,"minecraft:stone_bricks":12,"sophisticatedbackpacks:backpack":1,"iceandfire:armor_sapphire_helmet":1,"minecraft:diamond_axe":1,"minecraft:crafting_table":16,"minecraft:spruce_planks":84,"iceandfire:tide_teal_boots":1,"minecraft:iron_helmet":1,"iceandfire:tide_blue_leggings":1,"minecraft:gold_block":8,"minecraft:birch_planks":4,"waystones:warp_stone":2,"minecraft:lime_bed":1,"iceandfire:tide_blue_helmet":1,"minecraft:paper":3,"minecraft:diamond_pickaxe":2,"minecraft:shield":1,"iceandfire:tide_teal_helmet":1,"sophisticatedbackpacks:diamond_backpack":1,"minecraft:stick":16,"minecraft:iron_ingot":9,"minecraft:iron_block":46,"minecraft:gold_ingot":9,"fabledweaponry:scimitar_diamond":1,"minecraft:shears":1,"iceandfire:armor_sapphire_leggings":1,"iceandfire:armor_silver_chestplate":1,"minecraft:dark_oak_planks":80,"iceandfire:tide_deepblue_helmet":1,"minecraft:wheat":144,"sophisticatedbackpacks:iron_backpack":2,"ironchest:wood_to_iron_chest_upgrade":1,"iceandfire:tide_trident":1,"sophisticatedbackpacks:gold_backpack":1,"minecraft:bread":57,"minecraft:jungle_planks":40,"minecraft:oak_boat":3,"ironchest:iron_to_gold_chest_upgrade":1,"minecraft:white_bed":2,"minecraft:acacia_planks":12,"minecraft:torch":44},"minecraft:mined":{"minecraft:dark_oak_planks":1,"minecraft:dark_prismarine_stairs":11,"minecraft:spruce_planks":7,"minecraft:stone_pressure_plate":5,"minecraft:red_nether_bricks":6,"minecraft:fire_coral_wall_fan":1,"minecraft:jungle_slab":2,"minecraft:sculk_vein":15,"minecraft:brewing_stand":1,"minecraft:obsidian":6,"minecraft:cave_vines_plant":1,"minecraft:granite":16,"minecraft:grass_block":3,"minecraft:jungle_log":8,"minecraft:orange_candle":1,"minecraft:coal_block":1,"minecraft:deepslate_bricks":1,"minecraft:soul_soil":5,"minecraft:chiseled_stone_bricks":7,"minecraft:spawner":52,"minecraft:light_blue_stained_glass":3,"minecraft:potted_warped_fungus":1,"minecraft:polished_blackstone_bricks":1,"minecraft:tall_seagrass":31,"minecraft:magma_block":3,"minecraft:sculk_catalyst":1,"minecraft:red_nether_brick_stairs":2,"minecraft:iron_ore":14,"minecraft:fire":20,"minecraft:cobbled_deepslate":3,"ironchest:gold_chest":1,"minecraft:moss_carpet":31,"minecraft:deepslate_lapis_ore":1,"minecraft:black_carpet":22,"minecraft:granite_slab":3,"minecraft:brown_bed":2,"minecraft:nether_brick_stairs":8,"minecraft:enchanting_table":2,"minecraft:sculk_shrieker":10,"minecraft:cave_vines":2,"minecraft:water_cauldron":2,"minecraft:dirt_path":1,"scalinghealth:deepslate_power_crystal_ore":4,"minecraft:oak_stairs":3,"minecraft:iron_bars":10,"minecraft:deepslate_brick_stairs":3,"minecraft:azalea":3,"minecraft:spruce_slab":11,"minecraft:tripwire":5,"minecraft:deepslate_redstone_ore":7,"minecraft:blackstone":52,"minecraft:kelp_plant":9,"minecraft:soul_fire":21,"minecraft:powder_snow":1,"minecraft:clay":7,"iceandfire:dragon_ice_spikes":40,"minecraft:torch":3,"minecraft:nether_brick_slab":1,"minecraft:cobblestone":10,"minecraft:honeycomb_block":5,"minecraft:oak_planks":1,"minecraft:sugar_cane":6,"minecraft:bricks":4,"minecraft:wall_torch":2,"minecraft:skeleton_skull":1,"minecraft:seagrass":4,"minecraft:chain":2,"minecraft:red_candle":5,"lootr:trophy":1,"minecraft:birch_log":1,"minecraft:tnt":8,"minecraft:stone_brick_stairs":5,"minecraft:grass":35,"minecraft:oak_log":12,"minecraft:dirt":16,"minecraft:waxed_exposed_cut_copper_slab":4,"minecraft:sand":1,"minecraft:crimson_planks":3,"minecraft:smooth_basalt":23,"minecraft:deepslate":978,"minecraft:red_mushroom_block":1,"minecraft:ancient_debris":1,"minecraft:netherrack":516,"minecraft:oak_leaves":3,"minecraft:infested_deepslate":4,"minecraft:dark_prismarine":5,"minecraft:crying_obsidian":1,"minecraft:tuff":461,"iceandfire:silver_ore":2,"minecraft:mossy_cobblestone":6,"minecraft:deepslate_diamond_ore":36,"minecraft:dark_oak_log":20,"iceandfire:frozen_cobblestone":9,"minecraft:cobbled_deepslate_slab":4,"minecraft:nether_bricks":18,"gravestone:gravestone":3,"minecraft:dark_oak_fence":3,"minecraft:purple_terracotta":2,"iceandfire:frozen_stone":4,"minecraft:decorated_pot":5,"minecraft:jungle_planks":1,"iceandfire:deepslate_silver_ore":1,"minecraft:soul_campfire":2,"minecraft:polished_andesite_slab":2,"minecraft:lime_wool":3,"minecraft:kelp":1,"minecraft:moss_block":22,"minecraft:infested_chiseled_stone_bricks":1,"minecraft:hay_block":35,"minecraft:deepslate_brick_slab":4,"minecraft:raw_gold_block":1,"minecraft:polished_basalt":1,"minecraft:waxed_oxidized_cut_copper_slab":4,"minecraft:andesite":389,"minecraft:mossy_stone_brick_stairs":7,"minecraft:nether_brick_fence":2,"minecraft:bookshelf":19,"minecraft:deepslate_iron_ore":11,"minecraft:stripped_oak_log":1,"minecraft:packed_ice":48,"minecraft:bamboo":4,"minecraft:stone":221,"scalinghealth:heart_crystal_ore":2,"minecraft:oak_slab":1,"minecraft:hanging_roots":7,"minecraft:stone_brick_slab":4,"iceandfire:frozen_gravel":1,"minecraft:crafting_table":1,"minecraft:honey_block":4,"minecraft:rose_bush":2,"minecraft:andesite_slab":5,"minecraft:sculk_sensor":6,"minecraft:copper_ore":1,"minecraft:tall_grass":12,"minecraft:deepslate_gold_ore":2,"minecraft:polished_blackstone_brick_stairs":1,"minecraft:sculk":167,"minecraft:spruce_stairs":6,"minecraft:cut_copper_slab":6,"minecraft:waxed_weathered_cut_copper_slab":5,"minecraft:creeper_head":1,"minecraft:ice":10,"minecraft:gray_bed":2,"minecraft:spruce_log":83,"minecraft:birch_leaves":8,"minecraft:coal_ore":16,"minecraft:pink_stained_glass_pane":2,"minecraft:cobweb":222,"minecraft:cracked_stone_bricks":48,"minecraft:terracotta":7,"minecraft:polished_andesite":2,"minecraft:stone_bricks":68,"minecraft:mossy_stone_bricks":3,"minecraft:fern":15},"minecraft:custom":{"lootr:looted_stat":425,"minecraft:interact_with_crafting_table":55,"minecraft:open_barrel":2,"minecraft:leave_game":8,"minecraft:time_since_death":204611,"minecraft:damage_resisted":34,"minecraft:sprint_one_cm":2390463,"minecraft:damage_blocked_by_shield":1680,"minecraft:drop":213,"minecraft:play_noteblock":1,"minecraft:talked_to_villager":5,"minecraft:play_time":670246,"minecraft:deaths":4,"minecraft:jump":8523,"minecraft:walk_on_water_one_cm":82848,"minecraft:interact_with_cartography_table":1,"minecraft:sleep_in_bed":20,"minecraft:waystone_activated":12,"minecraft:damage_dealt":137813,"minecraft:player_kills":9,"minecraft:crouch_one_cm":113897,"minecraft:interact_with_smoker":1,"minecraft:inspect_dispenser":5,"minecraft:interact_with_anvil":3,"minecraft:mob_kills":446,"minecraft:damage_dealt_resisted":5442,"minecraft:climb_one_cm":61963,"minecraft:walk_one_cm":1017156,"minecraft:damage_dealt_absorbed":116,"minecraft:sneak_time":34283,"minecraft:walk_under_water_one_cm":188027,"minecraft:boat_one_cm":903454,"minecraft:total_world_time":670246,"minecraft:raid_trigger":1,"minecraft:interact_with_grindstone":1,"minecraft:time_since_rest":7595,"minecraft:damage_absorbed":231,"minecraft:damage_taken":18913,"minecraft:minecart_one_cm":6729,"minecraft:swim_one_cm":465303,"minecraft:fly_one_cm":1673303,"minecraft:open_chest":71,"minecraft:fall_one_cm":291453}},"DataVersion":3465}