{"stats":{"minecraft:killed_by":{"skinwalker_overhaul:skinwalker_overhaul":1,"facelesssteve:facelesssteve":1,"jacky:jacky":1,"assimilator:assimilator":1},"minecraft:dropped":{"minecraft:wheat_seeds":1,"minecraft:wooden_axe":1},"minecraft:killed":{"minecraft:wolf":2,"minecraft:pig":1,"decayingmobsbackport:limb_snatcher":1,"decayingmobsbackport:hunted_zombie":1,"minecraft:cow":1},"minecraft:crafted":{"minecraft:oak_planks":20,"minecraft:cooked_porkchop":2,"minecraft:crafting_table":2,"minecraft:spruce_planks":32,"minecraft:wooden_pickaxe":1,"minecraft:furnace":1,"minecraft:stone_axe":1,"minecraft:air":0,"minecraft:stick":20,"minecraft:stone_pickaxe":1,"minecraft:wooden_axe":2,"minecraft:stone_sword":1,"minecraft:spruce_boat":1,"minecraft:torch":8},"minecraft:picked_up":{"minecraft:wooden_axe":1,"minecraft:crafting_table":3,"minecraft:andesite":6,"minecraft:leather":2,"minecraft:oak_log":5,"minecraft:dirt":28,"minecraft:wheat_seeds":1,"minecraft:spruce_planks":12,"minecraft:beef":1,"minecraft:iron_ingot":2,"minecraft:sugar_cane":8,"minecraft:furnace":1,"minecraft:egg":1,"minecraft:stick":4,"decayingmobsbackport:spirit_of_the_snatcher":1,"minecraft:torch":14,"minecraft:porkchop":2,"minecraft:spruce_sapling":2,"minecraft:spruce_log":8,"minecraft:spruce_boat":6,"minecraft:coal":2,"minecraft:cobblestone":29},"minecraft:used":{"minecraft:stone_sword":16,"minecraft:stone_pickaxe":23,"minecraft:spruce_planks":22,"minecraft:wooden_pickaxe":21,"minecraft:torch":2,"minecraft:dirt":26,"minecraft:crafting_table":3,"minecraft:spruce_boat":6,"minecraft:wooden_axe":6,"minecraft:stone_axe":20,"minecraft:cobblestone":13,"minecraft:furnace":1,"minecraft:cooked_porkchop":2,"minecraft:andesite":6,"minecraft:egg":1},"minecraft:mined":{"minecraft:spruce_planks":14,"minecraft:crafting_table":3,"minecraft:grass_block":10,"minecraft:cobblestone":2,"minecraft:spruce_leaves":14,"minecraft:sugar_cane":4,"minecraft:furnace":1,"minecraft:spruce_log":8,"minecraft:andesite":6,"minecraft:grass":15,"minecraft:coal_ore":2,"minecraft:oak_log":5,"minecraft:dirt":15,"minecraft:stone":27,"minecraft:oak_leaves":6},"minecraft:custom":{"minecraft:interact_with_furnace":1,"minecraft:mob_kills":6,"minecraft:interact_with_crafting_table":8,"minecraft:time_since_death":1300,"minecraft:time_since_rest":1327,"minecraft:sprint_one_cm":95318,"minecraft:damage_taken":1443,"minecraft:walk_one_cm":40665,"minecraft:drop":2,"minecraft:damage_dealt":860,"minecraft:swim_one_cm":16235,"minecraft:fly_one_cm":125499,"minecraft:crouch_one_cm":15559,"minecraft:play_time":26831,"minecraft:deaths":5,"minecraft:sneak_time":5184,"minecraft:walk_under_water_one_cm":342,"minecraft:boat_one_cm":34143,"minecraft:jump":650,"minecraft:walk_on_water_one_cm":1943,"minecraft:total_world_time":26831,"minecraft:fall_one_cm":17095}},"DataVersion":3120}