{"stats":{"minecraft:killed_by":{"skinwalker_overhaul:skinwalker_overhaul":3,"minecraft:player":1,"facelesssteve:facelesssteve":1,"jacky:jacky":1,"assimilator:assimilator":2,"the_mangle:the_mangle":2},"minecraft:dropped":{"minecraft:sugar_cane":9,"minecraft:wheat_seeds":8,"minecraft:crafting_table":2,"minecraft:wooden_axe":1},"minecraft:killed":{"minecraft:wolf":2,"minecraft:pig":1,"decayingmobsbackport:limb_snatcher":1,"decayingmobsbackport:hunted_zombie":1,"minecraft:zombie":1,"minecraft:cow":1},"minecraft:crafted":{"minecraft:oak_planks":24,"minecraft:cooked_porkchop":2,"minecraft:crafting_table":4,"minecraft:spruce_planks":32,"minecraft:wooden_pickaxe":2,"minecraft:furnace":2,"minecraft:stone_axe":3,"minecraft:air":0,"minecraft:stick":44,"minecraft:stone_pickaxe":3,"minecraft:wooden_axe":2,"minecraft:stone_sword":3,"minecraft:spruce_boat":1,"minecraft:torch":8},"minecraft:picked_up":{"minecraft:wooden_axe":2,"minecraft:crafting_table":9,"minecraft:andesite":19,"minecraft:leather":2,"minecraft:wooden_pickaxe":5,"minecraft:oak_log":6,"minecraft:dirt":39,"minecraft:wheat_seeds":8,"minecraft:spruce_planks":22,"minecraft:beef":1,"minecraft:iron_ingot":2,"minecraft:stone_pickaxe":3,"minecraft:sugar_cane":26,"minecraft:oak_planks":9,"minecraft:egg":1,"minecraft:furnace":3,"minecraft:stick":6,"decayingmobsbackport:spirit_of_the_snatcher":1,"minecraft:sweet_berries":14,"minecraft:torch":14,"minecraft:porkchop":2,"minecraft:spruce_sapling":7,"minecraft:diorite":8,"minecraft:white_bed":1,"minecraft:spruce_log":8,"minecraft:stone_sword":2,"minecraft:rotten_flesh":4,"minecraft:stone_axe":2,"minecraft:spruce_boat":6,"minecraft:granite":5,"minecraft:mutton":4,"minecraft:coal":2,"minecraft:rail":1,"minecraft:cobblestone":67},"minecraft:mined":{"minecraft:spruce_planks":14,"minecraft:white_bed":2,"minecraft:crafting_table":5,"minecraft:granite":4,"minecraft:grass_block":10,"minecraft:cobblestone":4,"minecraft:spruce_leaves":17,"minecraft:sugar_cane":9,"minecraft:diorite":4,"minecraft:large_fern":2,"minecraft:furnace":1,"minecraft:sweet_berry_bush":6,"minecraft:spruce_log":8,"minecraft:andesite":18,"minecraft:grass":30,"minecraft:oak_log":5,"minecraft:coal_ore":2,"minecraft:dirt":20,"minecraft:stone":61,"minecraft:oak_leaves":6,"minecraft:fern":2},"minecraft:used":{"minecraft:stone_sword":21,"minecraft:stone_pickaxe":74,"minecraft:spruce_planks":22,"minecraft:wooden_pickaxe":30,"minecraft:torch":2,"minecraft:dirt":29,"minecraft:crafting_table":5,"minecraft:white_bed":1,"minecraft:granite":3,"minecraft:spruce_boat":6,"minecraft:wooden_axe":6,"minecraft:stone_axe":22,"minecraft:cobblestone":21,"minecraft:sweet_berries":15,"minecraft:furnace":1,"minecraft:cooked_porkchop":2,"minecraft:andesite":10,"minecraft:egg":1},"minecraft:custom":{"minecraft:interact_with_furnace":1,"minecraft:mob_kills":7,"minecraft:interact_with_crafting_table":15,"minecraft:leave_game":2,"minecraft:time_since_death":1269,"minecraft:time_since_rest":1293,"minecraft:sprint_one_cm":150267,"minecraft:damage_taken":2960,"minecraft:walk_one_cm":64445,"minecraft:drop":10,"minecraft:damage_dealt":1515,"minecraft:swim_one_cm":32583,"minecraft:fly_one_cm":235235,"minecraft:player_kills":1,"minecraft:crouch_one_cm":19067,"minecraft:play_time":48387,"minecraft:deaths":11,"minecraft:sneak_time":6784,"minecraft:walk_under_water_one_cm":1311,"minecraft:boat_one_cm":34143,"minecraft:jump":1210,"minecraft:walk_on_water_one_cm":2903,"minecraft:total_world_time":48387,"minecraft:fall_one_cm":27936}},"DataVersion":3120}