{"stats":{"minecraft:broken":{"minecraft:leather_leggings":1,"minecraft:iron_sword":1},"minecraft:used":{"minecraft:flint_and_steel":16,"minecraft:ladder":2,"minecraft:spruce_planks":3,"minecraft:shield":27,"minecraft:iron_sword":354,"lootr:trophy":1,"minecraft:rotten_flesh":12,"minecraft:torch":2,"minecraft:dirt":53,"minecraft:brick_slab":1,"minecraft:spruce_stairs":2,"iceandfire:pixie_dust":3,"minecraft:tuff":1,"minecraft:honey_bottle":12,"minecraft:stripped_spruce_log":1,"minecraft:granite":5,"minecraft:bricks":3,"minecraft:iron_helmet":1,"minecraft:bow":51,"minecraft:hay_block":4,"minecraft:gray_bed":2,"minecraft:cooked_beef":6,"minecraft:acacia_planks":2,"minecraft:brown_bed":1,"minecraft:leather_leggings":1,"minecraft:polished_andesite":9,"minecraft:blackstone":2,"minecraft:baked_potato":1,"minecraft:oak_planks":2,"minecraft:ender_pearl":8,"minecraft:leather_chestplate":1,"minecraft:glow_berries":3,"minecraft:salmon":1,"minecraft:terracotta":4,"minecraft:tnt":4,"minecraft:crafting_table":4,"minecraft:crossbow":3,"minecraft:purple_terracotta":14,"waystones:waystone":1,"minecraft:dark_prismarine":6,"minecraft:apple":8,"minecraft:firework_rocket":3,"scalinghealth:enchanted_heart":1,"waystones:mossy_waystone":2,"minecraft:iron_pickaxe":254,"minecraft:bread":63,"minecraft:suspicious_stew":1,"minecraft:fishing_rod":1,"minecraft:potion":1,"minecraft:cobblestone":23,"minecraft:iron_shovel":79,"minecraft:moss_block":3,"minecraft:bone_meal":1,"minecraft:experience_bottle":58},"minecraft:picked_up":{"minecraft:iron_chestplate":4,"minecraft:crafting_table":1,"minecraft:allium":1,"iceandfire:pixie_house_oak":2,"minecraft:ladder":2,"minecraft:flower_pot":2,"minecraft:leather_leggings":2,"minecraft:magenta_carpet":1,"minecraft:brown_bed":1,"minecraft:enchanted_book":4,"minecraft:stone_brick_stairs":1,"minecraft:shield":1,"minecraft:string":4,"minecraft:iron_leggings":2,"minecraft:blackstone":2,"minecraft:pufferfish":2,"minecraft:cracked_stone_bricks":4,"minecraft:cobbled_deepslate":7,"improvableskills:scroll_normal":2,"minecraft:spruce_planks":10,"minecraft:eye_armor_trim_smithing_template":2,"minecraft:rose_bush":2,"minecraft:azalea":2,"minecraft:birch_sapling":1,"minecraft:spruce_trapdoor":3,"minecraft:phantom_membrane":1,"minecraft:iron_boots":2,"iceandfire:pixie_dust":3,"minecraft:raw_iron":87,"minecraft:stick":3,"iceandfire:dragonbone":3,"minecraft:torch":4,"minecraft:bowl":2,"minecraft:spruce_stairs":2,"minecraft:redstone":7,"minecraft:stone_pressure_plate":5,"minecraft:purple_terracotta":16,"iceandfire:dragon_skull_ice":2,"minecraft:tnt":2,"minecraft:arrow":65,"minecraft:honey_bottle":1,"minecraft:rotten_flesh":26,"minecraft:hay_block":4,"minecraft:glow_berries":2,"minecraft:obsidian":36,"minecraft:cod":1,"minecraft:cobblestone":34,"iceandfire:sapphire_gem":1,"minecraft:leather_chestplate":1,"minecraft:salmon":1,"minecraft:leather":1,"minecraft:red_glazed_terracotta":2,"minecraft:acacia_wood":1,"scalinghealth:bandages":3,"minecraft:tuff":5,"minecraft:oak_log":2,"minecraft:lily_pad":1,"scalinghealth:heart_crystal":1,"minecraft:lapis_lazuli":18,"minecraft:dirt":65,"minecraft:lantern":2,"lootr:trophy":2,"iceandfire:pixie_house_mushroom_red":3,"minecraft:purple_carpet":4,"minecraft:bone":19,"minecraft:acacia_planks":2,"minecraft:apple":5,"minecraft:stone_bricks":7,"minecraft:bow":1,"minecraft:wheat_seeds":9,"minecraft:iron_ingot":5,"minecraft:mossy_stone_bricks":1,"minecraft:glass_bottle":7,"minecraft:bamboo":4,"minecraft:gray_bed":2,"minecraft:moss_block":7,"minecraft:polished_andesite_slab":2,"minecraft:iron_sword":1,"minecraft:oak_planks":3,"minecraft:mossy_stone_brick_stairs":1,"minecraft:book":15,"scalinghealth:heart_crystal_shard":4,"minecraft:stone_brick_slab":3,"waystones:mossy_waystone":2,"minecraft:poisonous_potato":2,"minecraft:stripped_spruce_log":2,"minecraft:spider_eye":1,"iceandfire:pixie_wings":1,"minecraft:leather_helmet":1,"minecraft:brick_slab":1,"minecraft:dark_prismarine":6,"minecraft:polished_andesite":15,"minecraft:sugar":1,"iceandfire:pixie_house_spruce":1,"improvableskills:skills_book":1,"waystones:waystone":1,"minecraft:granite":5,"minecraft:golden_apple":2,"minecraft:emerald":4,"scalinghealth:cursed_heart":2,"minecraft:bread":16,"minecraft:rooted_dirt":2,"minecraft:terracotta":10,"minecraft:bricks":3,"minecraft:coal":1,"iceandfire:raw_silver":2,"minecraft:sunflower":1},"minecraft:dropped":{"minecraft:enchanted_book":5,"minecraft:bread":17,"iceandfire:raw_silver":2,"minecraft:stripped_spruce_log":1,"iceandfire:pixie_house_mushroom_red":3,"minecraft:moss_block":4,"minecraft:magenta_carpet":1,"minecraft:wheat_seeds":5,"minecraft:baked_potato":1,"minecraft:glass_bottle":8,"minecraft:ender_pearl":2,"scalinghealth:cursed_heart":2,"minecraft:bookshelf":8,"minecraft:poisonous_potato":2,"minecraft:iron_helmet":1,"minecraft:cobblestone":10,"scalinghealth:heart_crystal_shard":4,"minecraft:book":19,"minecraft:lantern":2,"minecraft:rooted_dirt":2,"minecraft:leather":2,"minecraft:apple":10,"minecraft:mossy_stone_brick_stairs":1,"minecraft:saddle":1,"iceandfire:pixie_house_oak":2,"minecraft:stick":6,"minecraft:polished_andesite":5,"minecraft:pufferfish":2,"minecraft:dirt":12,"scalinghealth:heart_crystal":1,"minecraft:torch":1,"minecraft:rose_bush":2,"minecraft:jungle_sapling":5,"gravestone:obituary":2,"minecraft:sunflower":1,"minecraft:iron_pickaxe":1,"minecraft:string":9,"minecraft:lily_pad":1,"iceandfire:dragonbone":3,"minecraft:bone":5,"minecraft:red_glazed_terracotta":2,"lootr:trophy":1,"minecraft:cooked_chicken":1,"minecraft:bowl":3,"minecraft:obsidian":36,"minecraft:rotten_flesh":2,"minecraft:oak_planks":5,"minecraft:iron_boots":1,"iceandfire:pixie_house_spruce":1,"iceandfire:dragon_skull_ice":1,"improvableskills:skills_book":1,"minecraft:ender_eye":3,"minecraft:honey_bottle":5,"minecraft:eye_armor_trim_smithing_template":1,"minecraft:leather_chestplate":1,"minecraft:potato":2,"minecraft:flower_pot":2,"minecraft:allium":1,"minecraft:spruce_trapdoor":3,"minecraft:spruce_planks":1,"minecraft:iron_chestplate":3,"minecraft:melon_seeds":8,"minecraft:jungle_log":3,"minecraft:leather_boots":1,"minecraft:azalea":1,"minecraft:leather_leggings":2,"minecraft:stone_pressure_plate":5,"minecraft:bamboo":4,"minecraft:bow":2,"minecraft:arrow":4,"scalinghealth:enchanted_heart":1,"scalinghealth:bandages":2,"minecraft:purple_carpet":4,"minecraft:terracotta":5},"minecraft:killed_by":{"minecraft:player":1},"minecraft:killed":{"minecraft:witch":3,"minecraft:spider":2,"minecraft:phantom":2,"minecraft:skeleton":23,"minecraft:husk":1,"minecraft:bat":1,"minecraft:iron_golem":1,"minecraft:creeper":1,"minecraft:pillager":2,"minecraft:zombie":6,"iceandfire:myrmex_soldier":1,"iceandfire:pixie":6,"minecraft:cow":1},"minecraft:crafted":{"minecraft:oak_planks":8,"minecraft:raw_iron":81,"minecraft:bone_meal":5,"minecraft:raw_iron_block":9,"minecraft:emerald":36,"minecraft:crafting_table":3,"minecraft:iron_sword":1,"minecraft:bread":2,"minecraft:emerald_block":4,"minecraft:stick":4,"minecraft:acacia_planks":4},"minecraft:mined":{"minecraft:dark_prismarine_stairs":10,"minecraft:dark_prismarine":7,"iceandfire:silver_ore":1,"minecraft:tuff":5,"minecraft:spruce_planks":11,"minecraft:jungle_leaves":9,"minecraft:cave_vines_plant":3,"minecraft:dark_oak_fence":1,"minecraft:ladder":1,"minecraft:granite":6,"gravestone:gravestone":2,"minecraft:purple_terracotta":16,"minecraft:stripped_crimson_hyphae":1,"minecraft:grass_block":42,"iceandfire:pixie_house_oak":2,"minecraft:polished_andesite_slab":2,"minecraft:moss_block":5,"minecraft:rooted_dirt":2,"minecraft:spawner":1,"minecraft:light_blue_stained_glass":6,"minecraft:hay_block":4,"iceandfire:jungle_myrmex_cocoon":1,"minecraft:redstone_ore":1,"minecraft:iron_ore":63,"minecraft:fire":14,"minecraft:acacia_wood":5,"minecraft:stripped_spruce_log":1,"minecraft:granite_slab":2,"minecraft:brown_bed":1,"minecraft:cave_vines":3,"minecraft:bookshelf":5,"minecraft:dirt_path":1,"minecraft:vine":1,"minecraft:deepslate_iron_ore":26,"minecraft:iron_bars":1,"minecraft:purple_carpet":4,"minecraft:packed_ice":8,"minecraft:bamboo":1,"minecraft:azalea":1,"minecraft:stone":16,"minecraft:potted_allium":1,"minecraft:acacia_leaves":1,"minecraft:magenta_carpet":1,"minecraft:glass_pane":1,"minecraft:red_bed":1,"minecraft:blackstone":2,"minecraft:crafting_table":1,"minecraft:cyan_stained_glass_pane":5,"minecraft:white_stained_glass_pane":1,"minecraft:rose_bush":2,"iceandfire:sapphire_ore":1,"minecraft:tall_grass":7,"minecraft:cobblestone":10,"minecraft:red_glazed_terracotta":1,"minecraft:green_stained_glass_pane":2,"minecraft:oak_planks":5,"minecraft:wall_torch":3,"minecraft:seagrass":1,"minecraft:red_terracotta":5,"minecraft:coarse_dirt":5,"minecraft:brick_slab":2,"lootr:trophy":1,"minecraft:ice":10,"minecraft:lilac":1,"iceandfire:myrmex_jungle_biolight":3,"minecraft:gray_bed":2,"minecraft:birch_leaves":18,"iceandfire:pixie_house_mushroom_red":3,"minecraft:tnt":2,"minecraft:stone_brick_stairs":1,"minecraft:grass":40,"minecraft:coal_ore":1,"minecraft:oak_log":2,"minecraft:sunflower":5,"minecraft:dirt":36,"minecraft:cobweb":6,"minecraft:smooth_basalt":2,"minecraft:cracked_stone_bricks":3,"minecraft:terracotta":16,"minecraft:stone_bricks":7,"minecraft:acacia_planks":2,"minecraft:polished_andesite":12,"minecraft:mossy_stone_bricks":1,"minecraft:oak_leaves":23,"minecraft:fern":7},"minecraft:custom":{"minecraft:mob_kills":50,"lootr:looted_stat":156,"minecraft:interact_with_crafting_table":8,"minecraft:bell_ring":1,"minecraft:eat_cake_slice":11,"minecraft:leave_game":1,"minecraft:time_since_death":93986,"minecraft:climb_one_cm":57988,"minecraft:sprint_one_cm":689407,"minecraft:walk_one_cm":567372,"minecraft:damage_blocked_by_shield":870,"minecraft:drop":141,"minecraft:talked_to_villager":3,"minecraft:play_time":303387,"minecraft:sneak_time":19577,"minecraft:deaths":2,"minecraft:walk_under_water_one_cm":28316,"minecraft:boat_one_cm":186642,"minecraft:jump":5871,"minecraft:walk_on_water_one_cm":59606,"minecraft:total_world_time":303387,"minecraft:sleep_in_bed":8,"minecraft:time_since_rest":27086,"minecraft:waystone_activated":5,"minecraft:damage_taken":7464,"minecraft:damage_dealt":19033,"minecraft:swim_one_cm":105070,"minecraft:fly_one_cm":1167032,"minecraft:open_chest":10,"minecraft:crouch_one_cm":42047,"minecraft:interact_with_smoker":1,"minecraft:fall_one_cm":209369}},"DataVersion":3465}