{"stats":{"minecraft:crafted":{"minecraft:oak_planks":16,"minecraft:iron_boots":1,"minecraft:chest":1,"sophisticatedbackpacks:backpack":1,"minecraft:crafting_table":1,"minecraft:wooden_pickaxe":1,"minecraft:hay_block":224,"minecraft:stick":8,"minecraft:iron_ingot":12,"minecraft:wooden_sword":1,"minecraft:furnace":2,"minecraft:flint_and_steel":1,"minecraft:stone_pickaxe":1,"minecraft:dark_oak_planks":8,"minecraft:wheat":297,"sophisticatedbackpacks:iron_backpack":1,"minecraft:cooked_cod":11,"sophisticatedbackpacks:gold_backpack":1,"minecraft:bucket":1,"minecraft:bread":91,"minecraft:air":0,"minecraft:white_bed":2,"minecraft:acacia_planks":12},"minecraft:broken":{"minecraft:iron_boots":1,"minecraft:iron_chestplate":1,"minecraft:iron_leggings":1,"minecraft:diamond_boots":1,"minecraft:wooden_sword":1,"minecraft:leather_chestplate":1,"minecraft:iron_helmet":1},"minecraft:dropped":{"minecraft:iron_sword":1,"minecraft:dark_oak_stairs":6,"minecraft:oak_log":1,"minecraft:glass_bottle":5,"minecraft:crafting_table":1,"minecraft:dark_oak_slab":12,"minecraft:crossbow":2,"minecraft:leather":7,"minecraft:mossy_stone_brick_stairs":2,"minecraft:cracked_stone_bricks":3,"minecraft:emerald":28,"sophisticatedbackpacks:gold_backpack":2,"minecraft:dirt":81,"minecraft:cornflower":1,"minecraft:mutton":1,"minecraft:dark_oak_trapdoor":5,"minecraft:cooked_cod":2,"minecraft:chain":2,"gravestone:obituary":10,"minecraft:gold_nugget":73,"minecraft:wooden_sword":2,"minecraft:white_wool":1,"minecraft:bone":21,"minecraft:dark_oak_door":1,"minecraft:stone_axe":1,"minecraft:blackstone":1,"minecraft:iron_nugget":9,"minecraft:golden_chestplate":1,"minecraft:obsidian":19,"minecraft:stripped_dark_oak_log":4,"minecraft:rotten_flesh":24,"minecraft:oak_planks":8,"minecraft:diamond_shovel":1,"minecraft:salmon":2,"minecraft:chainmail_chestplate":1,"minecraft:echo_shard":3,"minecraft:leather_chestplate":1,"minecraft:tipped_arrow":4,"minecraft:turtle_helmet":1,"minecraft:gunpowder":2,"minecraft:skeleton_skull":1,"minecraft:chest":4,"minecraft:leather_boots":1,"minecraft:ladder":6,"minecraft:acacia_sapling":1,"minecraft:leather_leggings":1,"minecraft:spruce_slab":4,"minecraft:iron_bars":9,"minecraft:beef":1,"iceandfire:manuscript":4,"minecraft:bread":1,"minecraft:oak_slab":2,"minecraft:wheat_seeds":678,"minecraft:golden_helmet":2,"minecraft:cherry_log":2,"minecraft:tnt":3,"minecraft:mossy_cobblestone":6,"minecraft:iron_helmet":1,"minecraft:cobblestone":24,"minecraft:apple":29,"minecraft:tropical_fish":1,"minecraft:spruce_stairs":2,"minecraft:chainmail_helmet":2,"minecraft:grass_block":10,"minecraft:coal":4,"minecraft:stick":5,"minecraft:torch":77,"minecraft:iron_door":2,"minecraft:potion":3,"minecraft:oak_stairs":2,"minecraft:pumpkin":1,"minecraft:mossy_cobblestone_stairs":2,"minecraft:chainmail_leggings":1,"minecraft:string":15,"minecraft:tripwire_hook":1,"minecraft:acacia_planks":2,"minecraft:music_disc_cat":1,"iceandfire:dragon_skull_fire":3,"minecraft:stone_brick_slab":2,"iceandfire:dragonbone":4,"minecraft:furnace":2,"minecraft:sweet_berries":2,"minecraft:bowl":4,"minecraft:tuff":4,"minecraft:raw_iron":2,"minecraft:iron_boots":4,"minecraft:stripped_oak_log":1,"minecraft:oak_sign":2,"minecraft:lily_of_the_valley":1,"minecraft:diamond_sword":1,"minecraft:hay_block":9,"minecraft:shield":7,"minecraft:spruce_planks":2,"minecraft:mossy_stone_bricks":3,"minecraft:golden_leggings":1,"minecraft:spider_eye":9,"minecraft:stone_bricks":8,"minecraft:bamboo":7,"minecraft:bow":1,"minecraft:stone_pickaxe":2,"minecraft:wooden_pickaxe":3,"minecraft:calcite":2,"scalinghealth:bandages":1},"minecraft:mined":{"minecraft:white_bed":2,"minecraft:cherry_log":2,"minecraft:granite":1,"minecraft:acacia_log":3,"minecraft:grass_block":30,"minecraft:oak_wall_sign":2,"minecraft:red_stained_glass_pane":2,"minecraft:spawner":23,"minecraft:mossy_cobblestone_stairs":3,"minecraft:iron_ore":26,"minecraft:fire":29,"minecraft:pumpkin":1,"minecraft:dark_oak_stairs":1,"minecraft:iron_bars":10,"minecraft:quartz_block":1,"minecraft:red_bed":1,"minecraft:blackstone":1,"iceandfire:dragon_ice_spikes":1,"minecraft:torch":1,"minecraft:calcite":3,"minecraft:poppy":2,"minecraft:chest":4,"minecraft:white_stained_glass_pane":2,"minecraft:cobblestone":53,"minecraft:oak_planks":1,"minecraft:iron_door":1,"minecraft:pink_petals":1,"minecraft:nether_wart_block":1,"minecraft:wheat":2228,"minecraft:jukebox":1,"minecraft:tnt":1,"minecraft:stone_brick_stairs":3,"minecraft:grass":121,"minecraft:oak_log":6,"minecraft:dirt":110,"minecraft:tripwire_hook":1,"minecraft:netherrack":1,"minecraft:oak_leaves":2,"minecraft:tuff":6,"minecraft:mossy_cobblestone":4,"minecraft:dark_oak_leaves":1,"minecraft:dark_oak_log":5,"gravestone:gravestone":7,"minecraft:nether_bricks":1,"minecraft:decorated_pot":1,"iceandfire:frozen_grass":1,"minecraft:large_fern":1,"minecraft:hay_block":52,"minecraft:furnace":2,"minecraft:packed_mud":3,"minecraft:mossy_stone_brick_stairs":2,"minecraft:bookshelf":2,"minecraft:deepslate_iron_ore":11,"minecraft:vine":8,"minecraft:bamboo":2,"minecraft:stone":147,"minecraft:white_wool":6,"minecraft:acacia_leaves":1,"minecraft:glass_pane":2,"minecraft:brown_stained_glass_pane":2,"minecraft:potted_lily_of_the_valley":1,"minecraft:stripped_dark_oak_log":1,"minecraft:stone_brick_slab":1,"minecraft:crafting_table":2,"minecraft:cornflower":3,"minecraft:campfire":1,"minecraft:sculk_sensor":1,"minecraft:tall_grass":26,"minecraft:coarse_dirt":1,"minecraft:sweet_berry_bush":12,"minecraft:birch_leaves":7,"minecraft:bee_nest":1,"minecraft:coal_ore":18,"minecraft:gravel":29,"minecraft:cobweb":6,"minecraft:cracked_stone_bricks":4,"minecraft:acacia_planks":2,"minecraft:stone_bricks":10,"minecraft:mossy_stone_bricks":5,"minecraft:chipped_anvil":1,"minecraft:fern":3},"minecraft:picked_up":{"minecraft:iron_chestplate":1,"minecraft:wheat":1995,"minecraft:diamond_sword":1,"minecraft:oak_stairs":2,"iceandfire:manuscript":4,"minecraft:music_disc_cat":1,"minecraft:string":19,"minecraft:dark_oak_trapdoor":5,"minecraft:oak_sign":6,"minecraft:diamond_leggings":1,"minecraft:cobbled_deepslate":2,"minecraft:gold_nugget":73,"minecraft:spruce_planks":2,"minecraft:cobblestone_slab":1,"minecraft:calcite":2,"minecraft:furnace":2,"minecraft:iron_boots":1,"minecraft:dark_oak_door":1,"minecraft:golden_helmet":2,"minecraft:tipped_arrow":5,"minecraft:stick":2,"minecraft:jukebox":1,"minecraft:torch":70,"minecraft:acacia_log":3,"minecraft:spruce_stairs":3,"minecraft:cherry_log":2,"iceandfire:rotten_egg":1,"minecraft:golden_chestplate":1,"minecraft:rotten_flesh":24,"iceandfire:fire_dragon_heart":1,"minecraft:iron_bars":9,"minecraft:cobblestone":198,"minecraft:leather_chestplate":2,"minecraft:iron_door":2,"minecraft:potato":1,"minecraft:flint":1,"minecraft:tuff":8,"minecraft:dirt":142,"minecraft:bone":26,"minecraft:chipped_anvil":1,"minecraft:wheat_seeds":674,"minecraft:mossy_stone_bricks":3,"minecraft:bamboo":7,"minecraft:oak_planks":4,"minecraft:mossy_stone_brick_stairs":2,"iceandfire:dragon_skull_fire":4,"minecraft:grass_block":28,"minecraft:dark_oak_log":2,"minecraft:mossy_cobblestone":8,"minecraft:crossbow":1,"minecraft:granite":1,"minecraft:bread":1,"minecraft:emerald":27,"minecraft:chainmail_helmet":2,"sophisticatedbackpacks:gold_backpack":2,"minecraft:charcoal":2,"minecraft:coarse_dirt":1,"minecraft:crafting_table":2,"minecraft:ladder":6,"minecraft:turtle_helmet":1,"minecraft:leather_leggings":1,"minecraft:wooden_pickaxe":2,"minecraft:chain":2,"gravestone:obituary":1,"minecraft:shield":3,"minecraft:cornflower":4,"minecraft:red_bed":1,"minecraft:iron_axe":1,"minecraft:wooden_sword":1,"minecraft:blackstone":1,"minecraft:cracked_stone_bricks":4,"minecraft:beef":1,"minecraft:poppy":1,"minecraft:spruce_slab":4,"minecraft:chest":4,"minecraft:egg":1,"minecraft:raw_iron":39,"iceandfire:dragonbone":7,"iceandfire:dragonscales_gray":4,"minecraft:bowl":2,"minecraft:trident":1,"minecraft:tnt":4,"minecraft:diamond_chestplate":1,"minecraft:arrow":33,"minecraft:cooked_cod":2,"minecraft:diamond_boots":1,"minecraft:hay_block":63,"minecraft:mutton":1,"minecraft:skeleton_skull":1,"minecraft:white_wool":7,"minecraft:stripped_oak_log":2,"minecraft:tripwire_hook":1,"minecraft:salmon":2,"minecraft:leather":11,"minecraft:oak_log":5,"scalinghealth:bandages":1,"minecraft:nether_wart_block":1,"minecraft:gunpowder":2,"scalinghealth:heart_crystal":2,"minecraft:apple":14,"minecraft:stone_bricks":13,"minecraft:iron_ingot":21,"minecraft:stone_pickaxe":1,"minecraft:glass_bottle":3,"minecraft:iron_sword":1,"minecraft:acacia_sapling":1,"minecraft:dark_oak_stairs":6,"minecraft:oak_slab":2,"minecraft:dark_oak_slab":12,"minecraft:pumpkin":1,"minecraft:sweet_berries":20,"minecraft:stone_brick_slab":2,"minecraft:gravel":16,"minecraft:white_bed":2,"minecraft:spider_eye":9,"minecraft:diamond_shovel":1,"minecraft:mossy_cobblestone_stairs":4,"minecraft:coal":32,"minecraft:stripped_dark_oak_log":5},"minecraft:killed":{"minecraft:cave_spider":1,"minecraft:witch":1,"minecraft:spider":16,"minecraft:skeleton":19,"minecraft:pig":1,"minecraft:zombie_villager":6,"minecraft:salmon":2,"minecraft:creeper":3,"minecraft:pillager":2,"minecraft:donkey":1,"minecraft:zombie":26,"minecraft:stray":6,"minecraft:cow":2,"minecraft:horse":1,"minecraft:drowned":1,"minecraft:wither_skeleton":2,"minecraft:enderman":1},"minecraft:used":{"minecraft:iron_shovel":136,"minecraft:poppy":1,"minecraft:diamond_hoe":46,"minecraft:oak_sign":4,"minecraft:shield":47,"minecraft:iron_sword":110,"minecraft:lava_bucket":14,"minecraft:grass_block":18,"minecraft:bow":117,"minecraft:sweet_berries":31,"minecraft:furnace":2,"minecraft:cooked_cod":13,"minecraft:egg":1,"minecraft:stone_pickaxe":103,"minecraft:leather_chestplate":1,"minecraft:wooden_pickaxe":8,"minecraft:crossbow":1,"easy_villagers:villager":2,"minecraft:dark_oak_log":1,"minecraft:bread":91,"minecraft:gravel":15,"minecraft:nether_wart_block":1,"minecraft:diamond_sword":427,"minecraft:wooden_sword":106,"minecraft:coarse_dirt":1,"minecraft:experience_bottle":23,"minecraft:trident":17,"minecraft:flint_and_steel":43,"minecraft:tropical_fish":2,"minecraft:dried_kelp":1,"minecraft:cooked_salmon":2,"minecraft:torch":25,"minecraft:dirt":61,"minecraft:spyglass":11,"scalinghealth:heart_crystal":2,"minecraft:granite":1,"minecraft:iron_axe":48,"minecraft:cooked_beef":12,"minecraft:acacia_planks":3,"minecraft:cobblestone_slab":1,"minecraft:leather_boots":1,"minecraft:mossy_cobblestone":1,"minecraft:music_disc_cat":1,"minecraft:tnt":4,"minecraft:crafting_table":2,"minecraft:red_bed":1,"minecraft:white_bed":4,"minecraft:cod":29,"minecraft:cornflower":3,"minecraft:diamond_shovel":17,"minecraft:suspicious_stew":2,"minecraft:iron_pickaxe":246,"minecraft:stone_axe":5,"minecraft:cobblestone":69,"minecraft:potion":3,"minecraft:bucket":15,"minecraft:jukebox":1,"minecraft:splash_potion":1},"minecraft:custom":{"lootr:looted_stat":158,"minecraft:interact_with_crafting_table":19,"minecraft:open_barrel":6,"minecraft:bell_ring":1,"minecraft:eat_cake_slice":3,"minecraft:leave_game":3,"minecraft:time_since_death":75746,"minecraft:sprint_one_cm":1236647,"minecraft:damage_blocked_by_shield":1284,"minecraft:drop":253,"minecraft:talked_to_villager":9,"minecraft:play_time":318906,"minecraft:deaths":9,"minecraft:jump":8165,"minecraft:interact_with_brewingstand":1,"minecraft:walk_on_water_one_cm":65352,"minecraft:interact_with_furnace":19,"minecraft:play_record":1,"minecraft:sleep_in_bed":7,"minecraft:waystone_activated":1,"minecraft:open_enderchest":1,"minecraft:damage_dealt":23052,"minecraft:crouch_one_cm":35286,"minecraft:interact_with_smoker":1,"minecraft:mob_kills":98,"minecraft:damage_dealt_resisted":407,"minecraft:climb_one_cm":39225,"minecraft:walk_one_cm":571127,"minecraft:sneak_time":16723,"minecraft:walk_under_water_one_cm":28691,"minecraft:boat_one_cm":61574,"minecraft:total_world_time":318906,"minecraft:time_since_rest":7257,"minecraft:damage_taken":13490,"minecraft:swim_one_cm":104594,"minecraft:fly_one_cm":1656428,"minecraft:open_chest":5,"minecraft:fall_one_cm":304711}},"DataVersion":3465}