{"stat.useItem.minecraft.bow":2,"stat.leaveGame":3,"stat.pickup.gravestone.death_info":3,"stat.craftItem.blockarmor.furnace_chestplate":1,"stat.useItem.minecraft.mutton":3,"stat.mineBlock.minecraft.web":1,"stat.pickup.minecraft.porkchop":13,"stat.pickup.minecraft.glass":15,"stat.pickup.minecraft.rotten_flesh":4,"stat.pickup.minecraft.sand":1,"stat.craftItem.minecraft.stone_axe":2,"stat.useItem.spectrite.spectrite_sword":2,"stat.craftItem.blockarmor.stone_3_boots":1,"stat.craftItem.minecraft.stone_sword":1,"stat.pickup.spectrite.spectrite_bow":1,"stat.mineBlock.minecraft.sand":15,"stat.drop.minecraft.sand":1,"stat.craftItem.spartanshields.shield_basic_wood":1,"stat.useItem.minecraft.iron_pickaxe":148,"stat.craftItem.minecraft.wooden_pickaxe":1,"stat.drop.minecraft.cooked_mutton":3,"stat.craftItem.minecraft.bed":1,"stat.drop.gravestone.death_info":4,"stat.craftItem.blockarmor.furnace_leggings":1,"stat.furnaceInteraction":39,"stat.mineBlock.minecraft.rail":1,"stat.pickup.srparasites.lurecomponent1":13,"stat.pickup.blockarmor.furnace_leggings":1,"stat.useItem.minecraft.cooked_mutton":8,"stat.pickup.minecraft.furnace":6,"stat.pickup.blockarmor.stone_3_boots":1,"stat.pickup.spectrite.spectrite_bone":13,"stat.deaths":1,"stat.playOneMinute":221530,"stat.craftItem.minecraft.iron_pickaxe":1,"stat.drop.minecraft.torch":32,"stat.mineBlock.minecraft.tallgrass":3,"stat.craftItem.minecraft.cooked_mutton":14,"stat.chestOpened":49,"stat.drop.srparasites.lurecomponent1":8,"stat.useItem.minecraft.stone":35,"stat.pickup.minecraft.arrow":17,"stat.pickup.minecraft.iron_sword":1,"stat.craftItem.minecraft.coal":84,"stat.drop.minecraft.iron_pickaxe":1,"stat.fallOneCm":29546,"stat.drop.minecraft.stone":101,"stat.craftItem.supertools.hammerstone":1,"stat.crouchOneCm":33166,"stat.pickup.minecraft.rail":2,"stat.mineBlock.minecraft.chest":1,"stat.craftItem.minecraft.iron_ingot":17,"stat.craftItem.minecraft.chest":4,"stat.drop.blockarmor.furnace_chestplate":1,"stat.craftingTableInteraction":43,"stat.useItem.minecraft.furnace":1,"stat.pickup.minecraft.dye":51,"stat.pickup.blockarmor.stone_3_helmet":1,"stat.mineBlock.minecraft.gravel":3,"stat.useItem.minecraft.stone_pickaxe":131,"stat.mineBlock.minecraft.glass":1,"stat.useItem.minecraft.stone_sword":25,"stat.mineBlock.minecraft.dirt":82,"stat.drop.minecraft.reeds":3,"stat.useItem.minecraft.torch":29,"stat.pickup.blockarmor.furnace_boots":1,"stat.craftItem.minecraft.redstone_block":3,"stat.drop.minecraft.porkchop":3,"stat.pickup.minecraft.crafting_table":7,"stat.useItem.minecraft.cobblestone":140,"stat.craftItem.minecraft.crafting_table":2,"stat.pickup.blockarmor.furnace_chestplate":1,"stat.pickup.minecraft.log":64,"stat.pickup.minecraft.iron_pickaxe":1,"stat.craftItem.minecraft.gold_ingot":18,"stat.drop.minecraft.planks":10,"stat.pickup.spectrite.spectrite_bone_block":1,"stat.pickup.minecraft.sapling":12,"stat.craftItem.blockarmor.furnace_boots":1,"stat.craftItem.blockarmor.stone_3_chestplate":1,"stat.craftItem.minecraft.planks":100,"stat.useItem.minecraft.iron_sword":1,"stat.pickup.spectrite.spectrite_helmet":1,"stat.mineBlock.minecraft.log":67,"stat.sneakTime":15181,"stat.pickup.minecraft.wool":13,"stat.pickup.spectrite.spectrite_sword":1,"stat.pickup.minecraft.chest":1,"stat.drop.minecraft.stone_pickaxe":2,"stat.pickup.minecraft.bone":4,"stat.mineBlock.minecraft.cobblestone":53,"stat.pickup.minecraft.stone_pickaxe":1,"stat.mineBlock.srparasites.gore":2,"stat.swimOneCm":42182,"stat.drop.minecraft.cobblestone":64,"stat.useItem.minecraft.dirt":61,"stat.useItem.minecraft.stone_slab2":49,"stat.pickup.minecraft.bow":3,"stat.craftItem.minecraft.furnace":26,"stat.craftItem.minecraft.lapis_block":6,"stat.craftItem.spartanshields.shield_basic_iron":1,"stat.craftItem.minecraft.spruce_boat":1,"stat.pickup.minecraft.anvil":1,"stat.craftItem.minecraft.stone_pickaxe":11,"stat.pickup.minecraft.cobblestone":993,"stat.useItem.minecraft.stone_shovel":39,"stat.flyOneCm":198942,"stat.useItem.minecraft.cooked_beef":3,"stat.craftItem.blockarmor.stone_3_leggings":1,"stat.mineBlock.minecraft.iron_ore":108,"stat.timeSinceDeath":124715,"stat.pickup.minecraft.mutton":17,"stat.killEntity.Bat":1,"stat.drop.minecraft.dirt":5,"stat.mineBlock.minecraft.coal_ore":65,"stat.drop.minecraft.wool":2,"stat.pickup.minecraft.string":1,"stat.pickup.blockarmor.stone_3_leggings":1,"stat.craftItem.minecraft.stone_slab2":0,"stat.sprintOneCm":248767,"stat.craftItem.minecraft.stick":40,"stat.useItem.carryon.tile_item":3,"stat.craftItem.minecraft.stone":65,"stat.craftItem.minecraft.gold_nugget":108,"stat.mineBlock.minecraft.crafting_table":7,"stat.pickup.minecraft.spawn_egg":1,"stat.drop":39,"stat.killEntity.Sheep":7,"stat.killEntity.Zombie":1,"stat.craftItem.minecraft.dye":54,"stat.mineBlock.minecraft.gold_ore":6,"stat.diveOneCm":28613,"stat.pickup.minecraft.gravel":1,"stat.craftItem.minecraft.cooked_porkchop":6,"stat.mineBlock.minecraft.anvil":1,"stat.pickup.minecraft.stone_axe":1,"stat.useItem.minecraft.porkchop":4,"stat.jump":2254,"stat.pickup.minecraft.coal":222,"stat.pickup.minecraft.iron_ingot":90,"stat.useItem.minecraft.stone_axe":81,"stat.pickup.minecraft.gunpowder":1,"stat.craftItem.minecraft.torch":28,"stat.useItem.spectrite.spectrite_bow":4,"stat.pickup.minecraft.dirt":86,"stat.pickup.minecraft.iron_ore":18,"stat.useItem.minecraft.glass":14,"stat.boatOneCm":345469,"stat.mineBlock.minecraft.lapis_ore":9,"stat.damageTaken":678,"stat.mineBlock.minecraft.torch":9,"stat.mineBlock.minecraft.furnace":7,"stat.useItem.minecraft.wooden_pickaxe":32,"stat.pickup.srparasites.assimilated_flesh":1,"stat.pickup.minecraft.reeds":3,"stat.pickup.minecraft.bed":7,"stat.damageDealt":2284,"stat.sleepInBed":10,"stat.killEntity.Pig":5,"stat.craftItem.minecraft.stone_shovel":1,"stat.pickup.blockarmor.stone_3_chestplate":1,"stat.walkOneCm":344070,"stat.useItem.minecraft.spruce_boat":1,"stat.pickup.minecraft.stone":435,"stat.mineBlock.minecraft.wool":2,"stat.craftItem.minecraft.redstone":27,"stat.pickup.minecraft.ender_pearl":1,"stat.useItem.supertools.hammerstone":131,"stat.pickup.minecraft.cooked_beef":3,"stat.pickup.minecraft.gold_ingot":6,"stat.killEntity.Skeleton":3,"stat.craftItem.blockarmor.furnace_helmet":1,"stat.mobKills":20,"stat.mineBlock.minecraft.leaves":9,"stat.pickup.minecraft.torch":52,"stat.craftItem.blockarmor.stone_3_helmet":1,"stat.craftItem.minecraft.coal_block":9,"stat.drop.minecraft.stone_axe":1,"stat.mineBlock.minecraft.stone":1187}