{"stats":{"minecraft:broken":{"minecraft:leather_leggings":1,"minecraft:iron_chestplate":1,"minecraft:iron_leggings":1,"minecraft:iron_sword":1,"minecraft:diamond_hoe":1,"minecraft:flint_and_steel":1,"minecraft:shield":2,"minecraft:golden_axe":1,"minecraft:diamond_axe":1,"minecraft:iron_axe":3,"minecraft:iron_pickaxe":1,"minecraft:iron_helmet":1},"minecraft:picked_up":{"minecraft:iron_chestplate":8,"minecraft:wheat":5,"minecraft:redstone_block":1,"minecraft:chainmail_boots":3,"minecraft:flower_pot":2,"minecraft:prismarine_shard":2,"minecraft:magenta_carpet":1,"minecraft:diamond_sword":2,"minecraft:brown_bed":1,"minecraft:potion":4,"minecraft:enchanted_book":8,"minecraft:stone_brick_stairs":3,"minecraft:crimson_planks":2,"minecraft:golden_sword":1,"iceandfire:tide_blue_helmet":2,"minecraft:music_disc_cat":2,"minecraft:string":84,"minecraft:raw_copper":4,"minecraft:red_nether_bricks":14,"minecraft:iron_leggings":5,"minecraft:pufferfish":2,"minecraft:beetroot":2,"minecraft:diamond_leggings":1,"minecraft:cobbled_deepslate":25,"minecraft:spruce_planks":10,"minecraft:eye_armor_trim_smithing_template":2,"minecraft:rose_bush":2,"minecraft:azalea":3,"iceandfire:frozen_gravel":7,"minecraft:melon_slice":9,"minecraft:coal_block":2,"minecraft:iron_boots":6,"minecraft:tipped_arrow":1,"iceandfire:pixie_dust":3,"minecraft:stick":9,"minecraft:composter":1,"minecraft:torch":15,"minecraft:spruce_stairs":13,"minecraft:porkchop":3,"minecraft:golden_axe":2,"iceandfire:tide_purple_leggings":1,"minecraft:golden_chestplate":2,"minecraft:honey_bottle":1,"minecraft:rotten_flesh":183,"minecraft:obsidian":38,"minecraft:iron_bars":8,"minecraft:cod":1,"minecraft:cobblestone":82,"iceandfire:sapphire_gem":1,"minecraft:leather_chestplate":1,"minecraft:andesite":294,"minecraft:golden_leggings":1,"minecraft:potato":29,"minecraft:flint":2,"minecraft:tuff":5,"minecraft:lapis_lazuli":18,"minecraft:dirt":89,"minecraft:lantern":2,"lootr:trophy":3,"minecraft:purple_carpet":4,"minecraft:leather_boots":2,"minecraft:bone":40,"minecraft:acacia_planks":2,"minecraft:bow":3,"minecraft:wheat_seeds":33,"iceandfire:tide_purple_boots":2,"minecraft:mossy_stone_bricks":1,"minecraft:diamond_helmet":1,"minecraft:bamboo":4,"minecraft:moss_block":10,"minecraft:oak_planks":78,"minecraft:mossy_stone_brick_stairs":1,"iceandfire:dragonscales_sapphire":12,"minecraft:poisonous_potato":3,"minecraft:stripped_spruce_log":2,"minecraft:nether_brick_stairs":54,"sophisticatedbackpacks:iron_backpack":1,"minecraft:jungle_slab":2,"iceandfire:frozen_dirt":2,"minecraft:barrel":3,"iceandfire:pixie_wings":1,"minecraft:dark_prismarine":6,"minecraft:polished_andesite":15,"minecraft:sugar":1,"minecraft:diamond":3,"improvableskills:skills_book":1,"waystones:waystone":1,"minecraft:granite":5,"minecraft:golden_apple":3,"minecraft:chainmail_helmet":2,"minecraft:emerald":7,"scalinghealth:cursed_heart":2,"minecraft:bread":16,"minecraft:rooted_dirt":2,"minecraft:plenty_pottery_sherd":6,"minecraft:netherrack":11,"iceandfire:silver_nugget":574,"minecraft:dark_oak_fence":2,"minecraft:bricks":3,"iceandfire:raw_silver":3,"minecraft:diamond_pickaxe":4,"minecraft:crafting_table":3,"minecraft:coarse_dirt":3,"minecraft:allium":1,"iceandfire:pixie_house_oak":2,"minecraft:ladder":2,"minecraft:clay_ball":4,"minecraft:leather_leggings":2,"gravestone:obituary":5,"minecraft:shield":2,"iceandfire:sea_serpent_scales_blue":6,"minecraft:red_bed":2,"minecraft:moss_carpet":1,"minecraft:item_frame":1,"minecraft:blackstone":19,"minecraft:cracked_stone_bricks":6,"improvableskills:scroll_normal":2,"minecraft:beef":1,"minecraft:spruce_slab":28,"minecraft:chest":1,"minecraft:birch_sapling":1,"minecraft:spruce_trapdoor":4,"minecraft:phantom_membrane":1,"iceandfire:ice_dragon_heart":1,"minecraft:egg":2,"minecraft:raw_iron":90,"iceandfire:dragonbone":11,"minecraft:stone":4,"minecraft:bowl":2,"minecraft:redstone":12,"minecraft:stone_pressure_plate":5,"minecraft:purple_terracotta":16,"minecraft:dark_oak_planks":3,"iceandfire:dragon_skull_ice":3,"minecraft:tnt":8,"minecraft:arrow":105,"iceandfire:sea_serpent_scales_purple":11,"minecraft:diamond_chestplate":1,"minecraft:nether_bricks":66,"minecraft:diamond_boots":1,"minecraft:hay_block":37,"minecraft:gold_ingot":41,"sophisticatedbackpacks:copper_backpack":3,"minecraft:glow_berries":2,"minecraft:skeleton_skull":1,"minecraft:white_wool":6,"minecraft:clock":1,"minecraft:basalt":2,"minecraft:tripwire_hook":1,"minecraft:salmon":1,"minecraft:leather":1,"minecraft:red_glazed_terracotta":2,"minecraft:acacia_wood":1,"minecraft:lily_pad":1,"minecraft:oak_log":18,"minecraft:chainmail_chestplate":1,"scalinghealth:bandages":7,"minecraft:golden_boots":6,"minecraft:nether_wart_block":4,"scalinghealth:heart_crystal":3,"minecraft:paper":4,"minecraft:white_banner":2,"iceandfire:pixie_house_mushroom_red":3,"minecraft:stone_bricks":8,"minecraft:apple":5,"minecraft:gray_carpet":2,"minecraft:iron_ingot":5,"minecraft:cobweb":2,"scalinghealth:power_crystal_shard":4,"minecraft:glass_bottle":10,"minecraft:gray_bed":2,"minecraft:polished_andesite_slab":2,"minecraft:iron_sword":3,"minecraft:soul_sand":5,"minecraft:book":18,"scalinghealth:heart_crystal_shard":10,"minecraft:smooth_basalt":18,"minecraft:dark_oak_slab":20,"minecraft:stone_brick_slab":3,"waystones:mossy_waystone":2,"minecraft:gravel":8,"minecraft:amethyst_shard":4,"minecraft:spruce_sapling":1,"minecraft:white_bed":2,"minecraft:spruce_log":2,"minecraft:nether_brick_slab":7,"minecraft:spruce_door":1,"minecraft:spider_eye":1,"minecraft:leather_helmet":3,"minecraft:brick_slab":1,"iceandfire:pixie_house_spruce":1,"minecraft:honey_block":1,"minecraft:chainmail_leggings":5,"minecraft:iron_helmet":5,"minecraft:diamond_axe":3,"minecraft:terracotta":10,"minecraft:coal":5,"minecraft:sunflower":1},"minecraft:used":{"minecraft:moss_block":6,"minecraft:iron_shovel":112,"minecraft:shield":158,"sophisticatedbackpacks:copper_backpack":2,"minecraft:spruce_slab":1,"minecraft:ladder":2,"minecraft:diamond_hoe":304,"minecraft:chest":1,"minecraft:iron_sword":411,"minecraft:stone":2,"lootr:trophy":2,"minecraft:rotten_flesh":12,"minecraft:soul_sand":3,"minecraft:nether_bricks":16,"minecraft:brick_slab":1,"minecraft:jungle_slab":1,"minecraft:tuff":1,"minecraft:stripped_spruce_log":1,"minecraft:honey_bottle":12,"minecraft:bricks":3,"minecraft:iron_helmet":1,"minecraft:golden_sword":55,"minecraft:bow":73,"minecraft:hay_block":4,"minecraft:gray_bed":2,"minecraft:potato":31,"minecraft:leather_leggings":1,"iceandfire:tide_purple_boots":1,"iceandfire:frozen_gravel":2,"minecraft:oak_planks":77,"minecraft:blackstone":15,"minecraft:ender_pearl":8,"minecraft:leather_chestplate":1,"minecraft:clay":1,"minecraft:diamond_axe":26,"minecraft:glow_berries":3,"minecraft:golden_hoe":26,"dungeons_plus:warped_axe":2,"minecraft:crossbow":23,"minecraft:purple_terracotta":14,"waystones:waystone":1,"minecraft:firework_rocket":3,"scalinghealth:enchanted_heart":1,"minecraft:bread":134,"minecraft:gravel":1,"minecraft:wooden_sword":13,"minecraft:andesite":23,"minecraft:poisonous_potato":1,"minecraft:coarse_dirt":3,"minecraft:bone_meal":1,"minecraft:experience_bottle":58,"minecraft:iron_bars":3,"iceandfire:silver_sword":419,"minecraft:flint_and_steel":83,"minecraft:dried_kelp":1,"minecraft:spruce_planks":3,"minecraft:netherrack":3,"minecraft:torch":5,"minecraft:dirt":70,"scalinghealth:heart_crystal":2,"iceandfire:pixie_dust":3,"minecraft:spruce_stairs":3,"minecraft:nether_brick_stairs":26,"minecraft:granite":5,"minecraft:dark_oak_planks":2,"minecraft:stone_brick_slab":3,"minecraft:iron_axe":1037,"minecraft:iron_boots":1,"minecraft:smooth_basalt":18,"minecraft:crimson_planks":2,"minecraft:goat_horn":7,"minecraft:brown_bed":1,"minecraft:cooked_beef":6,"minecraft:golden_axe":2,"minecraft:cobbled_deepslate":15,"minecraft:acacia_planks":2,"minecraft:wheat_seeds":23,"minecraft:water_bucket":1,"minecraft:glass_bottle":1,"minecraft:polished_andesite":9,"minecraft:red_nether_bricks":2,"minecraft:baked_potato":9,"minecraft:salmon":1,"minecraft:terracotta":4,"minecraft:tnt":8,"minecraft:crafting_table":7,"minecraft:red_bed":1,"minecraft:white_bed":2,"minecraft:dark_prismarine":6,"minecraft:diamond_pickaxe":21,"minecraft:apple":8,"waystones:mossy_waystone":2,"minecraft:iron_pickaxe":618,"minecraft:suspicious_stew":1,"minecraft:fishing_rod":1,"minecraft:cobblestone":37,"minecraft:potion":8,"minecraft:bucket":1},"minecraft:dropped":{"minecraft:nether_brick_stairs":14,"iceandfire:raw_silver":2,"minecraft:soul_sand":1,"minecraft:moss_block":4,"minecraft:baked_potato":1,"minecraft:ender_pearl":2,"minecraft:glass_bottle":17,"minecraft:dark_oak_slab":20,"iceandfire:frozen_dirt":2,"iceandfire:tide_purple_boots":1,"minecraft:lantern":2,"minecraft:rooted_dirt":2,"minecraft:leather":2,"minecraft:mossy_stone_brick_stairs":1,"minecraft:saddle":1,"iceandfire:pixie_house_oak":2,"minecraft:cod":2,"minecraft:dirt":14,"iceandfire:sea_serpent_scales_purple":11,"minecraft:dark_oak_fence":1,"minecraft:jungle_sapling":5,"gravestone:obituary":13,"minecraft:amethyst_shard":4,"minecraft:sunflower":1,"minecraft:iron_pickaxe":1,"minecraft:white_wool":6,"minecraft:gold_ingot":66,"minecraft:bone":5,"minecraft:red_glazed_terracotta":2,"lootr:trophy":1,"minecraft:blackstone":4,"minecraft:cooked_chicken":1,"minecraft:golden_chestplate":1,"minecraft:obsidian":38,"minecraft:beetroot":7,"minecraft:rotten_flesh":111,"minecraft:oak_planks":6,"iceandfire:pixie_house_spruce":1,"minecraft:honey_bottle":5,"minecraft:salmon":1,"minecraft:eye_armor_trim_smithing_template":1,"minecraft:leather_chestplate":1,"minecraft:skeleton_skull":2,"minecraft:jungle_log":3,"minecraft:honey_block":1,"minecraft:melon_seeds":8,"minecraft:leather_boots":1,"minecraft:azalea":2,"minecraft:leather_leggings":2,"minecraft:red_nether_bricks":6,"minecraft:basalt":2,"minecraft:iron_bars":4,"minecraft:arrow":5,"iceandfire:sea_serpent_scales_blue":6,"minecraft:stone_brick_stairs":2,"minecraft:netherrack":4,"minecraft:purple_carpet":4,"minecraft:egg":2,"minecraft:enchanted_book":10,"minecraft:golden_boots":4,"minecraft:bread":17,"iceandfire:dragonscales_sapphire":6,"minecraft:stripped_spruce_log":1,"iceandfire:pixie_house_mushroom_red":3,"minecraft:magenta_carpet":1,"minecraft:wheat_seeds":6,"minecraft:clock":1,"scalinghealth:cursed_heart":2,"minecraft:bookshelf":8,"minecraft:poisonous_potato":2,"minecraft:plenty_pottery_sherd":6,"minecraft:prismarine_shard":2,"minecraft:golden_axe":1,"minecraft:iron_helmet":4,"minecraft:cobblestone":11,"scalinghealth:heart_crystal_shard":4,"minecraft:book":19,"iceandfire:frozen_gravel":5,"minecraft:apple":10,"minecraft:spruce_stairs":10,"minecraft:coal_block":1,"minecraft:pufferfish":2,"minecraft:stick":12,"minecraft:polished_andesite":5,"minecraft:jungle_slab":1,"minecraft:torch":1,"scalinghealth:heart_crystal":1,"minecraft:nether_wart_block":2,"minecraft:melon_slice":6,"minecraft:rose_bush":2,"minecraft:cooked_salmon":5,"minecraft:fire_charge":1,"minecraft:potion":6,"minecraft:iron_leggings":2,"minecraft:white_banner":1,"minecraft:paper":3,"minecraft:string":14,"minecraft:lily_pad":1,"minecraft:tripwire_hook":1,"minecraft:gray_carpet":2,"minecraft:music_disc_cat":1,"minecraft:spruce_sapling":1,"iceandfire:dragonbone":3,"iceandfire:silver_nugget":18,"minecraft:nether_brick_slab":3,"minecraft:moss_carpet":1,"minecraft:wild_armor_trim_smithing_template":2,"minecraft:raw_copper":2,"minecraft:bowl":3,"minecraft:raw_iron":2,"minecraft:iron_boots":7,"iceandfire:dragon_skull_ice":1,"improvableskills:skills_book":1,"minecraft:ender_eye":3,"minecraft:nether_bricks":25,"minecraft:flint_and_steel":1,"minecraft:potato":3,"minecraft:hay_block":3,"minecraft:stone":2,"minecraft:flower_pot":2,"minecraft:allium":1,"minecraft:spruce_trapdoor":3,"minecraft:spruce_planks":1,"minecraft:iron_chestplate":3,"minecraft:andesite":19,"minecraft:stone_pressure_plate":5,"minecraft:spider_eye":1,"minecraft:bamboo":4,"sophisticatedbackpacks:copper_backpack":1,"minecraft:bow":3,"scalinghealth:bandages":6,"scalinghealth:enchanted_heart":1,"minecraft:terracotta":5},"minecraft:killed_by":{"minecraft:player":7},"minecraft:killed":{"minecraft:witch":4,"minecraft:spider":5,"minecraft:skeleton":38,"minecraft:bee":1,"minecraft:iron_golem":1,"minecraft:creeper":2,"minecraft:pillager":5,"minecraft:zombie":95,"minecraft:stray":2,"iceandfire:pixie":6,"minecraft:cow":2,"minecraft:vindicator":3,"minecraft:phantom":2,"minecraft:drowned":9,"minecraft:husk":1,"minecraft:bat":1,"iceandfire:myrmex_soldier":1,"iceandfire:ice_dragon":1,"minecraft:wither_skeleton":1},"minecraft:crafted":{"minecraft:oak_planks":72,"iceandfire:armor_silver_metal_leggings":1,"minecraft:raw_iron_block":9,"minecraft:emerald":36,"minecraft:crafting_table":5,"minecraft:spruce_planks":8,"minecraft:emerald_block":4,"sophisticatedbackpacks:diamond_backpack":3,"minecraft:stick":20,"minecraft:raw_iron":81,"minecraft:bone_meal":5,"minecraft:iron_axe":4,"minecraft:dark_oak_planks":8,"minecraft:wheat":270,"sophisticatedbackpacks:iron_backpack":2,"iceandfire:silver_ingot":64,"minecraft:iron_sword":2,"sophisticatedbackpacks:gold_backpack":3,"minecraft:bread":83,"minecraft:acacia_planks":4,"minecraft:clay":1,"minecraft:golden_hoe":1},"minecraft:mined":{"minecraft:dark_oak_planks":6,"minecraft:dark_prismarine_stairs":10,"minecraft:large_amethyst_bud":1,"minecraft:spruce_planks":12,"minecraft:white_bed":1,"minecraft:jungle_slab":1,"minecraft:sculk_vein":26,"minecraft:jungle_leaves":9,"minecraft:red_nether_bricks":11,"minecraft:spruce_trapdoor":1,"minecraft:cave_vines_plant":6,"minecraft:granite":6,"minecraft:stripped_crimson_hyphae":1,"minecraft:grass_block":43,"iceandfire:pixie_house_oak":2,"minecraft:coal_block":1,"minecraft:composter":1,"minecraft:spawner":4,"minecraft:light_blue_stained_glass":18,"minecraft:tall_seagrass":3,"minecraft:glowstone":1,"minecraft:iron_ore":63,"minecraft:fire":47,"minecraft:cobbled_deepslate":7,"minecraft:granite_slab":2,"minecraft:nether_brick_stairs":43,"minecraft:brown_bed":1,"minecraft:cave_vines":6,"minecraft:dirt_path":1,"scalinghealth:deepslate_power_crystal_ore":4,"minecraft:small_amethyst_bud":1,"minecraft:oak_stairs":1,"minecraft:iron_bars":7,"minecraft:purple_carpet":4,"minecraft:azalea":1,"sophisticatedbackpacks:copper_backpack":2,"minecraft:spruce_slab":2,"minecraft:deepslate_redstone_ore":1,"minecraft:magenta_carpet":1,"minecraft:red_bed":3,"minecraft:blackstone":15,"minecraft:soul_fire":9,"minecraft:amethyst_cluster":1,"minecraft:powder_snow":3,"minecraft:clay":5,"iceandfire:dragon_ice_spikes":2,"minecraft:torch":6,"minecraft:melon":1,"minecraft:chest":1,"minecraft:white_stained_glass_pane":1,"minecraft:nether_brick_slab":4,"iceandfire:frozen_dirt":2,"iceandfire:sapphire_ore":1,"minecraft:cobblestone":11,"minecraft:oak_planks":81,"minecraft:wall_torch":3,"minecraft:seagrass":1,"lootr:trophy":2,"minecraft:nether_wart_block":4,"minecraft:wheat":5,"minecraft:blue_ice":1,"minecraft:lilac":1,"minecraft:tnt":8,"minecraft:stone_brick_stairs":1,"minecraft:grass":103,"minecraft:oak_log":18,"minecraft:dirt":48,"minecraft:crimson_planks":2,"minecraft:smooth_basalt":22,"minecraft:tripwire_hook":2,"minecraft:netherrack":7,"minecraft:deepslate":8,"minecraft:oak_leaves":26,"minecraft:dark_prismarine":7,"minecraft:tuff":5,"iceandfire:silver_ore":2,"minecraft:mossy_cobblestone":1,"minecraft:deepslate_diamond_ore":3,"iceandfire:frozen_cobblestone":1,"minecraft:nether_bricks":53,"gravestone:gravestone":8,"minecraft:dark_oak_fence":2,"minecraft:ladder":1,"minecraft:purple_terracotta":16,"minecraft:decorated_pot":1,"minecraft:polished_andesite_slab":2,"minecraft:spruce_leaves":1,"iceandfire:dragon_ice":6,"minecraft:moss_block":15,"minecraft:kelp":1,"minecraft:rooted_dirt":2,"minecraft:large_fern":5,"minecraft:hay_block":38,"iceandfire:jungle_myrmex_cocoon":1,"minecraft:redstone_ore":1,"minecraft:acacia_wood":5,"minecraft:andesite":69,"minecraft:stripped_spruce_log":1,"minecraft:bookshelf":7,"minecraft:potatoes":6,"minecraft:deepslate_iron_ore":29,"minecraft:vine":1,"minecraft:brain_coral_wall_fan":1,"minecraft:packed_ice":8,"minecraft:bamboo":1,"minecraft:stone":36,"minecraft:white_wool":6,"minecraft:brain_coral":1,"minecraft:potted_allium":1,"minecraft:podzol":14,"minecraft:birch_stairs":1,"minecraft:oak_slab":1,"minecraft:acacia_leaves":1,"minecraft:redstone_block":1,"minecraft:flowering_azalea":1,"minecraft:glass_pane":1,"minecraft:hanging_roots":5,"minecraft:soul_sand":4,"iceandfire:frozen_gravel":4,"minecraft:crafting_table":3,"minecraft:cyan_stained_glass_pane":5,"minecraft:honey_block":1,"minecraft:rose_bush":2,"minecraft:sculk_sensor":4,"minecraft:copper_ore":1,"minecraft:tall_grass":17,"minecraft:dried_kelp_block":1,"minecraft:red_glazed_terracotta":1,"minecraft:green_stained_glass_pane":2,"minecraft:sculk":310,"minecraft:spruce_stairs":1,"minecraft:red_terracotta":5,"minecraft:coarse_dirt":8,"minecraft:brick_slab":2,"minecraft:ice":10,"iceandfire:myrmex_jungle_biolight":3,"minecraft:gray_bed":2,"minecraft:spruce_log":3,"minecraft:birch_leaves":18,"iceandfire:pixie_house_mushroom_red":3,"minecraft:bee_nest":1,"iceandfire:silver_pile":61,"minecraft:coal_ore":4,"minecraft:sunflower":5,"minecraft:gravel":13,"minecraft:cobweb":118,"minecraft:cracked_stone_bricks":3,"minecraft:terracotta":16,"minecraft:acacia_planks":2,"minecraft:polished_andesite":12,"minecraft:stone_bricks":7,"minecraft:mossy_stone_bricks":1,"minecraft:fern":45},"minecraft:custom":{"lootr:looted_stat":296,"minecraft:interact_with_crafting_table":29,"minecraft:open_barrel":2,"minecraft:bell_ring":2,"minecraft:eat_cake_slice":14,"minecraft:leave_game":3,"minecraft:time_since_death":295,"minecraft:sprint_one_cm":1274792,"minecraft:damage_blocked_by_shield":3419,"minecraft:drop":285,"minecraft:talked_to_villager":5,"minecraft:play_time":598123,"minecraft:deaths":11,"minecraft:jump":11456,"minecraft:interact_with_brewingstand":3,"minecraft:walk_on_water_one_cm":97364,"minecraft:sleep_in_bed":19,"minecraft:waystone_activated":9,"minecraft:damage_dealt":57204,"minecraft:crouch_one_cm":73014,"minecraft:interact_with_smoker":1,"minecraft:mob_kills":190,"minecraft:damage_dealt_resisted":1116,"minecraft:climb_one_cm":67673,"minecraft:walk_one_cm":1098541,"minecraft:damage_dealt_absorbed":120,"minecraft:sneak_time":31690,"minecraft:walk_under_water_one_cm":117902,"minecraft:boat_one_cm":874972,"minecraft:total_world_time":598123,"minecraft:time_since_rest":323,"minecraft:damage_absorbed":30,"minecraft:damage_taken":17507,"minecraft:swim_one_cm":378776,"minecraft:fly_one_cm":1896911,"minecraft:open_chest":41,"minecraft:fall_one_cm":383035}},"DataVersion":3465}