{"stats":{"minecraft:used":{"minecraft:moss_block":3,"minecraft:leather_leggings":1,"minecraft:leather_chestplate":1,"minecraft:shield":1,"minecraft:iron_sword":33,"minecraft:rotten_flesh":12,"minecraft:salmon":1,"minecraft:tuff":1,"minecraft:dark_prismarine":4,"minecraft:bread":16,"minecraft:iron_pickaxe":146,"minecraft:suspicious_stew":1,"minecraft:iron_helmet":1,"minecraft:fishing_rod":1,"minecraft:cobblestone":14,"minecraft:bone_meal":1},"minecraft:custom":{"lootr:looted_stat":32,"minecraft:mob_kills":3,"minecraft:interact_with_crafting_table":4,"minecraft:bell_ring":1,"minecraft:time_since_death":87721,"minecraft:sleep_in_bed":1,"minecraft:climb_one_cm":10237,"minecraft:time_since_rest":4268,"minecraft:waystone_activated":1,"minecraft:sprint_one_cm":176493,"minecraft:damage_taken":2015,"minecraft:walk_one_cm":215104,"minecraft:damage_blocked_by_shield":40,"minecraft:drop":29,"minecraft:damage_dealt":1249,"minecraft:swim_one_cm":49781,"minecraft:fly_one_cm":431783,"minecraft:crouch_one_cm":23114,"minecraft:play_time":87721,"minecraft:sneak_time":8829,"minecraft:walk_under_water_one_cm":10149,"minecraft:boat_one_cm":186642,"minecraft:jump":1929,"minecraft:walk_on_water_one_cm":23016,"minecraft:total_world_time":87721,"minecraft:fall_one_cm":36303},"minecraft:crafted":{"minecraft:oak_planks":4,"minecraft:bone_meal":5},"minecraft:picked_up":{"minecraft:iron_chestplate":2,"minecraft:leather_chestplate":1,"minecraft:salmon":1,"minecraft:leather_leggings":2,"minecraft:leather":1,"minecraft:lily_pad":1,"minecraft:tuff":5,"minecraft:stone_brick_stairs":1,"minecraft:oak_log":1,"scalinghealth:bandages":1,"minecraft:shield":1,"minecraft:string":1,"minecraft:lantern":2,"minecraft:iron_leggings":2,"minecraft:pufferfish":2,"minecraft:stone_bricks":7,"minecraft:cracked_stone_bricks":4,"minecraft:wheat_seeds":1,"minecraft:mossy_stone_bricks":1,"minecraft:bamboo":1,"minecraft:moss_block":5,"minecraft:polished_andesite_slab":2,"minecraft:iron_sword":1,"minecraft:iron_boots":1,"minecraft:raw_iron":87,"iceandfire:dragonbone":3,"minecraft:bowl":2,"minecraft:poisonous_potato":2,"minecraft:leather_helmet":1,"minecraft:stone_pressure_plate":5,"minecraft:dark_prismarine":4,"iceandfire:dragon_skull_ice":2,"minecraft:rotten_flesh":21,"minecraft:arrow":2,"minecraft:emerald":2,"minecraft:coal":1,"iceandfire:raw_silver":1,"minecraft:cobblestone":21,"minecraft:sunflower":1},"minecraft:killed":{"minecraft:skeleton":1,"minecraft:pillager":1,"minecraft:zombie":1},"minecraft:dropped":{"minecraft:moss_block":2,"minecraft:bowl":3,"minecraft:poisonous_potato":2,"minecraft:cobblestone":7,"minecraft:book":19,"minecraft:oak_planks":4,"minecraft:lantern":2,"minecraft:leather":2,"iceandfire:dragon_skull_ice":1,"minecraft:saddle":1,"minecraft:pufferfish":2,"minecraft:leather_leggings":2,"minecraft:stone_pressure_plate":5,"minecraft:bamboo":1,"minecraft:sunflower":1,"minecraft:arrow":1,"minecraft:bow":1,"minecraft:iron_pickaxe":1,"minecraft:string":8,"minecraft:lily_pad":1,"iceandfire:dragonbone":3},"minecraft:mined":{"minecraft:dark_prismarine_stairs":10,"minecraft:dark_prismarine":5,"minecraft:tuff":5,"minecraft:acacia_leaves":1,"iceandfire:silver_ore":1,"minecraft:polished_andesite_slab":2,"minecraft:cobblestone":4,"minecraft:moss_block":2,"minecraft:light_blue_stained_glass":6,"minecraft:seagrass":1,"minecraft:iron_ore":63,"minecraft:ice":10,"minecraft:stone_brick_stairs":1,"minecraft:grass":6,"minecraft:oak_log":1,"minecraft:coal_ore":1,"minecraft:deepslate_iron_ore":26,"minecraft:iron_bars":1,"minecraft:sunflower":5,"minecraft:packed_ice":8,"minecraft:cobweb":2,"minecraft:cracked_stone_bricks":3,"minecraft:smooth_basalt":2,"minecraft:stone":12,"minecraft:stone_bricks":7,"minecraft:mossy_stone_bricks":1}},"DataVersion":3465}