{"stats":{"minecraft:killed":{"minecraft:iron_golem":1},"minecraft:used":{"minecraft:wheat_seeds":4,"minecraft:bread":3,"minecraft:stone_pickaxe":88,"minecraft:wooden_pickaxe":11,"minecraft:spruce_sapling":1,"minecraft:golden_sword":21,"minecraft:stone_axe":23,"minecraft:sand":25,"minecraft:dirt":6,"minecraft:cobblestone":4,"minecraft:sweet_berries":2,"minecraft:crafting_table":1,"minecraft:andesite":1,"minecraft:pumpkin_pie":1,"minecraft:potato":1},"minecraft:custom":{"minecraft:time_since_rest":14624,"minecraft:sprint_one_cm":76617,"minecraft:damage_taken":465,"minecraft:walk_one_cm":58421,"minecraft:mob_kills":1,"minecraft:drop":31,"minecraft:damage_dealt":1147,"minecraft:swim_one_cm":2512,"minecraft:interact_with_crafting_table":3,"minecraft:fly_one_cm":100616,"minecraft:open_chest":11,"minecraft:crouch_one_cm":2084,"minecraft:play_time":28918,"minecraft:deaths":1,"minecraft:sneak_time":912,"minecraft:walk_under_water_one_cm":2668,"minecraft:boat_one_cm":95028,"minecraft:jump":901,"minecraft:leave_game":1,"minecraft:time_since_death":14595,"minecraft:walk_on_water_one_cm":3722,"minecraft:sleep_in_bed":1,"minecraft:total_world_time":28918,"minecraft:fall_one_cm":15802},"minecraft:crafted":{"minecraft:crafting_table":1,"minecraft:spruce_planks":24,"minecraft:stick":8,"minecraft:wooden_pickaxe":1,"minecraft:stone_pickaxe":1,"minecraft:stone_axe":1},"minecraft:killed_by":{"minecraft:drowned":1},"minecraft:dropped":{"minecraft:poppy":2,"minecraft:wheat_seeds":95,"minecraft:oak_sapling":1,"minecraft:cobblestone":17,"minecraft:stone_pickaxe":1,"minecraft:pumpkin_seeds":3},"minecraft:picked_up":{"minecraft:stick":1,"minecraft:wheat":18,"minecraft:andesite":1,"minecraft:potato":3,"minecraft:sand":25,"minecraft:spruce_sapling":1,"minecraft:golden_sword":1,"minecraft:spruce_log":23,"minecraft:dirt":6,"minecraft:pumpkin_seeds":3,"minecraft:wheat_seeds":99,"minecraft:iron_ingot":4,"minecraft:stone_pickaxe":1,"minecraft:poppy":2,"minecraft:oak_sapling":1,"minecraft:cobblestone":97},"minecraft:mined":{"minecraft:wheat":24,"minecraft:spruce_log":25,"minecraft:andesite":1,"minecraft:grass":1,"minecraft:grass_block":5,"minecraft:potatoes":2,"minecraft:dirt":4,"minecraft:sand":26,"minecraft:spruce_leaves":15,"minecraft:stone":97}},"DataVersion":3465}