{"stats":{"minecraft:dropped":{"minecraft:iron_sword":3,"minecraft:porkchop":14,"minecraft:glass_bottle":14,"minecraft:crafting_table":1,"minecraft:dark_oak_slab":12,"minecraft:crossbow":4,"minecraft:spider_spawn_egg":1,"minecraft:oxidized_cut_copper_slab":1,"minecraft:mossy_stone_brick_stairs":2,"minecraft:cracked_stone_bricks":7,"minecraft:saddle":1,"minecraft:leather_helmet":13,"sophisticatedbackpacks:gold_backpack":2,"minecraft:emerald":31,"minecraft:dirt":397,"minecraft:dark_oak_trapdoor":5,"minecraft:chain":2,"minecraft:wooden_sword":2,"minecraft:gold_nugget":99,"minecraft:iron_pickaxe":1,"minecraft:white_wool":5,"minecraft:bone":93,"minecraft:dark_oak_door":1,"minecraft:stone_axe":1,"minecraft:iron_nugget":9,"minecraft:golden_chestplate":7,"minecraft:cobbled_deepslate":538,"minecraft:birch_sapling":1,"minecraft:obsidian":19,"minecraft:stripped_dark_oak_log":4,"minecraft:rotten_flesh":109,"minecraft:oak_planks":16,"minecraft:salmon":2,"iceandfire:dragonscales_blue":15,"minecraft:echo_shard":3,"iceandfire:sapphire_gem":2,"minecraft:tipped_arrow":9,"minecraft:charcoal":2,"minecraft:quartz_block":6,"minecraft:leather_boots":12,"minecraft:acacia_sapling":1,"minecraft:ladder":6,"minecraft:leather_leggings":10,"improvableskills:scroll_normal":3,"minecraft:spruce_slab":8,"minecraft:beef":14,"minecraft:stone_brick_stairs":3,"iceandfire:manuscript":4,"minecraft:egg":2,"minecraft:golden_boots":12,"minecraft:wheat_seeds":766,"minecraft:tnt":3,"minecraft:oak_fence":2,"minecraft:feather":8,"minecraft:iron_helmet":3,"minecraft:cobblestone":1939,"minecraft:apple":29,"minecraft:chainmail_helmet":4,"minecraft:coal":46,"minecraft:polished_andesite":8,"minecraft:oxeye_daisy":4,"minecraft:iron_trapdoor":1,"iceandfire:copper_nugget":2,"minecraft:diamond_helmet":1,"minecraft:potion":4,"minecraft:oak_stairs":2,"minecraft:pumpkin":1,"iceandfire:dragonscales_white":9,"minecraft:mossy_cobblestone_stairs":3,"minecraft:chainmail_leggings":4,"minecraft:paper":1,"minecraft:string":44,"minecraft:exposed_cut_copper":1,"minecraft:acacia_planks":2,"iceandfire:dragon_skull_fire":3,"minecraft:spruce_sapling":1,"minecraft:stone_brick_slab":2,"iceandfire:frozen_cobblestone":32,"iceandfire:silver_nugget":152,"iceandfire:earplugs":1,"minecraft:furnace":2,"minecraft:zombie_spawn_egg":1,"minecraft:stone_sword":1,"minecraft:dark_oak_sign":4,"minecraft:bowl":4,"minecraft:deepslate":28,"minecraft:chicken":4,"minecraft:white_carpet":3,"minecraft:iron_boots":4,"minecraft:name_tag":2,"minecraft:oak_sign":2,"scalinghealth:power_crystal_shard":14,"minecraft:nether_bricks":1,"minecraft:lily_of_the_valley":1,"minecraft:diamond_sword":1,"minecraft:cobblestone_slab":13,"minecraft:potato":2,"minecraft:hay_block":9,"minecraft:stone":5,"minecraft:allium":1,"minecraft:peony":1,"minecraft:spruce_planks":3,"minecraft:stone_pressure_plate":2,"minecraft:spider_eye":14,"minecraft:stone_bricks":27,"minecraft:bamboo":7,"minecraft:bow":275,"scalinghealth:bandages":7,"minecraft:nether_brick_stairs":2,"minecraft:moss_block":4,"minecraft:dark_oak_stairs":6,"minecraft:oak_log":2,"minecraft:lantern":1,"minecraft:leather":14,"minecraft:cobblestone_stairs":5,"minecraft:flint":11,"minecraft:cracked_polished_blackstone_bricks":11,"minecraft:cornflower":1,"minecraft:mutton":6,"minecraft:seagrass":6,"minecraft:cooked_cod":2,"gravestone:obituary":23,"minecraft:amethyst_shard":12,"minecraft:polished_blackstone_bricks":27,"minecraft:gravel":77,"minecraft:blackstone":1,"iceandfire:frozen_stone":13,"minecraft:diamond_shovel":1,"sophisticatedbackpacks:diamond_backpack":2,"minecraft:chainmail_chestplate":4,"minecraft:leather_chestplate":10,"minecraft:turtle_helmet":1,"minecraft:gunpowder":8,"minecraft:skeleton_skull":1,"minecraft:stone_brick_wall":4,"minecraft:chest":4,"minecraft:chainmail_boots":4,"minecraft:basalt":3,"minecraft:iron_bars":29,"minecraft:arrow":1,"minecraft:scaffolding":4,"minecraft:quartz":39,"minecraft:netherrack":180,"minecraft:purple_carpet":4,"minecraft:bread":1,"minecraft:oak_slab":3,"minecraft:cherry_log":2,"minecraft:golden_helmet":10,"minecraft:mossy_cobblestone":12,"minecraft:bookshelf":2,"scalinghealth:heart_crystal_shard":4,"minecraft:amethyst_block":4,"minecraft:copper_ingot":2,"minecraft:tropical_fish":1,"minecraft:spruce_stairs":5,"minecraft:grass_block":110,"minecraft:stick":10,"minecraft:deepslate_brick_stairs":2,"scalinghealth:heart_crystal":1,"minecraft:torch":80,"iceandfire:dragonegg_white":2,"minecraft:iron_door":2,"minecraft:tripwire_hook":3,"minecraft:music_disc_cat":1,"iceandfire:dragonbone":4,"minecraft:polished_deepslate":1,"minecraft:sweet_berries":2,"minecraft:kelp":1,"minecraft:oak_trapdoor":2,"minecraft:coarse_dirt":54,"minecraft:raw_copper":8,"minecraft:tuff":4,"iceandfire:witherbone":5,"minecraft:raw_iron":2,"minecraft:stripped_oak_log":1,"improvableskills:skills_book":1,"minecraft:skeleton_spawn_egg":1,"minecraft:flint_and_steel":1,"minecraft:deepslate_bricks":2,"minecraft:shield":9,"minecraft:andesite":235,"minecraft:mossy_stone_bricks":7,"minecraft:golden_leggings":16,"minecraft:oak_sapling":2,"minecraft:slime_ball":4,"minecraft:spruce_log":1,"minecraft:stone_pickaxe":2,"minecraft:wooden_pickaxe":3,"minecraft:calcite":2},"minecraft:crafted":{"minecraft:bookshelf":2,"minecraft:emerald":153,"minecraft:hay_block":299,"iceandfire:earplugs":1,"iceandfire:tide_deepblue_boots":1,"iceandfire:copper_nugget":9,"minecraft:stone_pickaxe":1,"minecraft:dark_oak_planks":8,"iceandfire:tide_deepblue_helmet":4,"minecraft:wheat":1737,"sophisticatedbackpacks:gold_backpack":3,"minecraft:enchanted_book":1,"minecraft:white_bed":2,"minecraft:oak_planks":36,"iceandfire:tide_deepblue_chestplate":1,"minecraft:iron_boots":2,"minecraft:chest":2,"sophisticatedbackpacks:backpack":2,"minecraft:crafting_table":4,"minecraft:spruce_planks":4,"minecraft:wooden_pickaxe":1,"iceandfire:tide_deepblue_leggings":1,"iceandfire:copper_pile":4,"minecraft:shield":1,"sophisticatedbackpacks:diamond_backpack":3,"minecraft:stick":8,"minecraft:iron_ingot":92,"minecraft:wooden_sword":1,"minecraft:furnace":4,"minecraft:flint_and_steel":1,"sophisticatedbackpacks:iron_backpack":3,"minecraft:cooked_cod":11,"minecraft:crimson_planks":4,"scalinghealth:heart_crystal":17,"minecraft:bucket":1,"minecraft:bread":346,"minecraft:air":0,"minecraft:acacia_planks":12},"minecraft:killed":{"minecraft:cave_spider":3,"minecraft:skeleton":956,"minecraft:chicken":5,"minecraft:salmon":2,"minecraft:iron_golem":2,"minecraft:pillager":15,"minecraft:donkey":1,"minecraft:zombie":78,"iceandfire:sea_serpent":1,"minecraft:cow":10,"minecraft:evoker":1,"minecraft:vindicator":5,"minecraft:horse":5,"iceandfire:cyclops":1,"minecraft:ravager":1,"iceandfire:ice_dragon":1,"minecraft:enderman":3,"minecraft:zombified_piglin":1,"minecraft:witch":1,"minecraft:spider":27,"minecraft:turtle":3,"minecraft:piglin_brute":2,"minecraft:pig":14,"minecraft:zombie_villager":9,"minecraft:creeper":629,"minecraft:sheep":6,"minecraft:stray":16,"minecraft:vex":1,"minecraft:slime":7,"minecraft:phantom":1,"iceandfire:fire_dragon":1,"minecraft:drowned":5,"minecraft:wither_skeleton":5},"minecraft:picked_up":{"minecraft:seagrass":6,"minecraft:iron_chestplate":2,"minecraft:chainmail_boots":2,"minecraft:diamond_sword":1,"minecraft:oak_stairs":3,"minecraft:stray_spawn_egg":2,"minecraft:amethyst_block":15,"minecraft:music_disc_cat":1,"iceandfire:manuscript":4,"minecraft:polished_deepslate":1,"minecraft:string":53,"minecraft:dark_oak_trapdoor":5,"minecraft:diamond_leggings":1,"minecraft:cobbled_deepslate":544,"minecraft:gold_nugget":100,"minecraft:spruce_planks":3,"minecraft:dark_oak_door":1,"minecraft:golden_helmet":9,"minecraft:jukebox":1,"minecraft:acacia_log":3,"iceandfire:armor_bronze_chestplate":1,"minecraft:cherry_log":2,"minecraft:golden_chestplate":6,"minecraft:zombie_spawn_egg":3,"minecraft:stone_sword":1,"iceandfire:fire_dragon_heart":3,"minecraft:iron_bars":32,"fabledweaponry:maul_diamond":1,"iceandfire:sapphire_gem":2,"minecraft:feather":8,"minecraft:iron_door":2,"minecraft:flint":12,"minecraft:lantern":3,"minecraft:zombie_villager_spawn_egg":1,"minecraft:purple_carpet":4,"minecraft:chipped_anvil":1,"minecraft:dark_oak_sign":4,"minecraft:diamond_helmet":3,"minecraft:moss_block":4,"iceandfire:dragon_skull_fire":8,"minecraft:dark_oak_log":2,"minecraft:polished_andesite":8,"minecraft:deepslate":43,"improvableskills:skills_book":1,"minecraft:granite":1,"minecraft:chainmail_helmet":3,"minecraft:bread":1,"sophisticatedbackpacks:gold_backpack":2,"minecraft:crafting_table":2,"minecraft:coarse_dirt":55,"iceandfire:witherbone":5,"minecraft:leather_leggings":7,"gravestone:obituary":8,"minecraft:spider_spawn_egg":2,"minecraft:cornflower":4,"minecraft:red_bed":2,"minecraft:flint_and_steel":1,"minecraft:white_carpet":3,"minecraft:cracked_stone_bricks":8,"minecraft:beef":14,"minecraft:poppy":1,"minecraft:spruce_slab":10,"minecraft:chest":4,"minecraft:birch_sapling":1,"minecraft:egg":4,"minecraft:stone":5,"minecraft:oak_door":1,"iceandfire:dragon_skull_ice":1,"minecraft:tnt":11,"minecraft:diamond_chestplate":3,"minecraft:cooked_cod":2,"minecraft:peony":1,"minecraft:deepslate_bricks":2,"minecraft:diamond_boots":2,"minecraft:hay_block":63,"minecraft:mutton":11,"iceandfire:earplugs":1,"sophisticatedbackpacks:copper_backpack":2,"minecraft:glow_berries":1,"minecraft:white_wool":11,"minecraft:oxeye_daisy":4,"minecraft:stripped_oak_log":2,"iceandfire:sea_serpent_fang":14,"minecraft:tripwire_hook":4,"minecraft:filled_map":1,"minecraft:oak_log":12,"iceandfire:armor_bronze_leggings":1,"scalinghealth:bandages":10,"minecraft:golden_boots":11,"iceandfire:dragonscales_blue":15,"minecraft:paper":1,"scalinghealth:medkit":3,"minecraft:apple":14,"minecraft:stone_bricks":46,"minecraft:kelp":1,"minecraft:creeper_spawn_egg":5,"minecraft:stone_pickaxe":1,"minecraft:iron_ore":1,"scalinghealth:power_crystal_shard":14,"minecraft:glass_bottle":7,"minecraft:iron_sword":5,"minecraft:dark_oak_stairs":6,"iceandfire:copper_nugget":1,"minecraft:smooth_basalt":7,"minecraft:dark_oak_slab":12,"iceandfire:armor_bronze_helmet":1,"minecraft:sweet_berries":20,"minecraft:gravel":99,"minecraft:spruce_sapling":1,"minecraft:spruce_log":2,"minecraft:leather_helmet":12,"minecraft:diamond_shovel":1,"minecraft:slime_ball":4,"iceandfire:ice_dragon_flesh":15,"minecraft:stripped_dark_oak_log":5,"minecraft:ender_pearl":1,"minecraft:wheat":1995,"minecraft:iron_trapdoor":1,"iceandfire:dragonegg_white":2,"minecraft:potion":1,"minecraft:stone_brick_stairs":7,"minecraft:raw_copper":13,"minecraft:iron_leggings":1,"minecraft:oak_sign":6,"minecraft:cobblestone_slab":14,"minecraft:calcite":7,"iceandfire:armor_bronze_boots":1,"minecraft:furnace":2,"minecraft:iron_boots":3,"minecraft:tipped_arrow":11,"minecraft:stick":7,"minecraft:oak_fence":2,"minecraft:torch":75,"iceandfire:dragonscales_white":9,"minecraft:spruce_stairs":6,"minecraft:porkchop":14,"minecraft:target":1,"iceandfire:rotten_egg":1,"minecraft:quartz_block":6,"minecraft:rotten_flesh":104,"minecraft:deepslate_brick_stairs":3,"minecraft:obsidian":13,"minecraft:cobblestone":2367,"minecraft:leather_chestplate":8,"minecraft:andesite":246,"minecraft:golden_leggings":13,"minecraft:potato":3,"minecraft:tuff":39,"minecraft:lapis_lazuli":1,"minecraft:dirt":600,"minecraft:name_tag":1,"minecraft:leather_boots":6,"minecraft:bone":336,"minecraft:bow":185,"minecraft:wheat_seeds":763,"minecraft:raw_gold":8,"minecraft:mossy_stone_bricks":8,"minecraft:bamboo":7,"minecraft:oak_planks":16,"minecraft:mossy_stone_brick_stairs":2,"minecraft:sand":10,"minecraft:nether_brick_stairs":2,"minecraft:grass_block":149,"minecraft:oxidized_cut_copper_slab":1,"minecraft:mossy_cobblestone":14,"minecraft:exposed_cut_copper":1,"minecraft:skeleton_spawn_egg":12,"minecraft:diamond":3,"minecraft:netherite_helmet":1,"waystones:waystone":1,"minecraft:cracked_polished_blackstone_bricks":11,"minecraft:crossbow":3,"minecraft:emerald":62,"minecraft:oak_sapling":2,"minecraft:netherrack":263,"iceandfire:silver_nugget":152,"minecraft:charcoal":4,"minecraft:allium":1,"minecraft:chicken":4,"minecraft:ladder":6,"minecraft:turtle_helmet":2,"minecraft:wooden_pickaxe":2,"minecraft:stone_brick_wall":6,"minecraft:gold_block":7,"iceandfire:frozen_cobblestone":81,"minecraft:chain":2,"minecraft:shield":4,"minecraft:oak_trapdoor":2,"iceandfire:frozen_stone":15,"minecraft:iron_axe":2,"minecraft:wooden_sword":1,"minecraft:blackstone":1,"improvableskills:scroll_normal":3,"minecraft:player_head":1,"iceandfire:ice_dragon_heart":2,"minecraft:raw_iron":72,"iceandfire:dragonscales_gray":30,"iceandfire:dragonbone":58,"iceandfire:dragonscales_green":15,"minecraft:copper_ingot":3,"minecraft:bowl":2,"minecraft:polished_blackstone_bricks":27,"minecraft:trident":2,"minecraft:stone_pressure_plate":2,"minecraft:purple_candle":12,"minecraft:arrow":268,"minecraft:nether_bricks":1,"minecraft:saddle":1,"minecraft:turtle_spawn_egg":1,"minecraft:skeleton_skull":1,"minecraft:basalt":3,"minecraft:crimson_stem":1,"minecraft:salmon":2,"minecraft:leather":22,"minecraft:chainmail_chestplate":3,"minecraft:nether_wart_block":1,"minecraft:gunpowder":184,"minecraft:cobblestone_stairs":5,"scalinghealth:heart_crystal":23,"minecraft:iron_ingot":26,"iceandfire:sea_serpent_scales_deepblue":47,"iceandfire:fire_dragon_flesh":6,"minecraft:acacia_sapling":1,"sophisticatedbackpacks:diamond_backpack":3,"minecraft:book":14,"minecraft:scaffolding":26,"minecraft:oak_slab":3,"scalinghealth:heart_crystal_shard":81,"minecraft:black_candle":4,"minecraft:pumpkin":1,"minecraft:stone_brick_slab":2,"minecraft:quartz":39,"minecraft:amethyst_shard":12,"minecraft:white_bed":2,"minecraft:spider_eye":14,"minecraft:chainmail_leggings":2,"minecraft:iron_helmet":2,"minecraft:mossy_cobblestone_stairs":5,"minecraft:damaged_anvil":1,"minecraft:coal":138},"minecraft:custom":{"minecraft:interact_with_crafting_table":53,"minecraft:open_barrel":10,"minecraft:bell_ring":1,"minecraft:eat_cake_slice":3,"minecraft:leave_game":11,"minecraft:time_since_death":213080,"minecraft:damage_blocked_by_shield":6244,"minecraft:play_time":925177,"minecraft:deaths":15,"minecraft:jump":22575,"minecraft:enchant_item":1,"minecraft:interact_with_furnace":28,"minecraft:play_record":1,"minecraft:traded_with_villager":3,"minecraft:sleep_in_bed":27,"minecraft:waystone_activated":8,"minecraft:damage_dealt":221263,"minecraft:interact_with_smoker":1,"minecraft:interact_with_anvil":4,"minecraft:damage_dealt_absorbed":406,"minecraft:target_hit":2,"minecraft:sneak_time":51206,"minecraft:total_world_time":925177,"minecraft:time_since_rest":40288,"minecraft:swim_one_cm":526724,"minecraft:fly_one_cm":4964247,"minecraft:open_chest":177,"minecraft:fall_one_cm":1603347,"lootr:looted_stat":325,"minecraft:damage_resisted":174,"minecraft:sprint_one_cm":2721151,"minecraft:drop":1093,"minecraft:talked_to_villager":15,"minecraft:interact_with_brewingstand":1,"minecraft:walk_on_water_one_cm":187863,"minecraft:interact_with_loom":1,"minecraft:open_enderchest":1,"minecraft:crouch_one_cm":106783,"minecraft:mob_kills":1910,"minecraft:damage_dealt_resisted":13079,"minecraft:climb_one_cm":78756,"minecraft:walk_one_cm":1493354,"minecraft:raid_win":1,"minecraft:walk_under_water_one_cm":127930,"minecraft:boat_one_cm":61574,"minecraft:interact_with_grindstone":2,"minecraft:damage_taken":40916,"minecraft:damage_absorbed":76},"minecraft:broken":{"minecraft:golden_boots":1,"iceandfire:tide_deepblue_boots":1,"minecraft:iron_boots":2,"minecraft:iron_chestplate":1,"minecraft:iron_leggings":1,"iceandfire:armor_bronze_boots":1,"iceandfire:tide_deepblue_chestplate":1,"minecraft:wooden_sword":1,"minecraft:iron_sword":2,"iceandfire:armor_bronze_helmet":1,"minecraft:shield":1,"minecraft:iron_helmet":1,"iceandfire:tide_deepblue_helmet":1,"iceandfire:armor_bronze_leggings":1,"minecraft:diamond_boots":1,"iceandfire:armor_bronze_chestplate":1,"minecraft:flint_and_steel":1,"minecraft:leather_chestplate":1,"iceandfire:earplugs":1,"iceandfire:tide_deepblue_leggings":1},"minecraft:used":{"minecraft:spruce_slab":2,"minecraft:poppy":1,"minecraft:lava_bucket":15,"minecraft:grass_block":19,"minecraft:stone_brick_stairs":4,"minecraft:bow":251,"minecraft:sweet_berries":31,"minecraft:furnace":4,"minecraft:cooked_cod":13,"minecraft:egg":2,"iceandfire:frozen_cobblestone":49,"minecraft:spider_spawn_egg":1,"minecraft:mossy_stone_bricks":1,"minecraft:leather_chestplate":1,"minecraft:wooden_pickaxe":8,"minecraft:glow_berries":1,"minecraft:sand":4,"minecraft:deepslate_brick_stairs":1,"minecraft:nether_wart_block":1,"minecraft:diamond_sword":427,"minecraft:wooden_sword":106,"minecraft:iron_bars":3,"minecraft:cooked_salmon":2,"minecraft:netherrack":37,"minecraft:torch":35,"minecraft:target":1,"minecraft:chipped_anvil":1,"minecraft:iron_axe":78,"minecraft:smooth_basalt":7,"minecraft:acacia_planks":3,"minecraft:cobbled_deepslate":34,"fabledweaponry:maul_diamond":1182,"minecraft:calcite":5,"minecraft:water_bucket":2,"minecraft:leather_boots":1,"minecraft:mossy_cobblestone":1,"minecraft:crafting_table":5,"minecraft:tnt":15,"minecraft:red_bed":2,"minecraft:white_bed":4,"minecraft:cod":29,"minecraft:diamond_pickaxe":213,"minecraft:cornflower":3,"minecraft:diamond_shovel":29,"minecraft:suspicious_stew":2,"minecraft:iron_pickaxe":746,"scalinghealth:medkit":1,"minecraft:cobblestone":298,"minecraft:potion":13,"minecraft:black_candle":4,"minecraft:jukebox":1,"minecraft:purple_candle":8,"minecraft:iron_shovel":439,"minecraft:diamond_hoe":46,"minecraft:oak_sign":4,"minecraft:shield":122,"minecraft:iron_sword":1066,"minecraft:zombie_spawn_egg":1,"minecraft:stray_spawn_egg":2,"iceandfire:frozen_stone":2,"minecraft:tuff":31,"sophisticatedbackpacks:diamond_backpack":1,"minecraft:stone_bricks":14,"iceandfire:earplugs":2,"minecraft:scaffolding":22,"minecraft:stone_pickaxe":103,"minecraft:ender_pearl":1,"minecraft:crossbow":2,"minecraft:stone_brick_wall":2,"waystones:waystone":1,"easy_villagers:villager":9,"minecraft:dark_oak_log":1,"minecraft:bread":324,"minecraft:deepslate":15,"minecraft:gravel":21,"iceandfire:dragon_skull_fire":1,"minecraft:andesite":14,"minecraft:coarse_dirt":1,"minecraft:experience_bottle":28,"minecraft:trident":73,"minecraft:flint_and_steel":101,"minecraft:tropical_fish":2,"minecraft:dried_kelp":1,"minecraft:oak_door":1,"minecraft:dirt":216,"minecraft:spyglass":11,"scalinghealth:heart_crystal":94,"minecraft:diamond_helmet":1,"minecraft:granite":1,"minecraft:oak_stairs":1,"minecraft:golden_carrot":23,"minecraft:cooked_beef":12,"minecraft:turtle_spawn_egg":1,"iceandfire:fire_dragon_flesh":1,"minecraft:amethyst_block":11,"minecraft:iron_ore":1,"scalinghealth:chance_heart":5,"minecraft:cobblestone_slab":6,"minecraft:music_disc_cat":1,"iceandfire:copper_pile":4,"minecraft:stone_axe":5,"minecraft:bucket":17,"minecraft:splash_potion":1},"minecraft:mined":{"minecraft:white_bed":2,"minecraft:cherry_log":2,"minecraft:obsidian":14,"minecraft:granite":1,"minecraft:acacia_log":3,"minecraft:stone_brick_wall":7,"minecraft:oak_wall_sign":2,"minecraft:oxeye_daisy":2,"minecraft:red_stained_glass_pane":2,"minecraft:spawner":23,"minecraft:polished_blackstone_bricks":17,"minecraft:magma_block":3,"minecraft:mossy_cobblestone_stairs":3,"minecraft:cobbled_deepslate":20,"minecraft:fire":79,"minecraft:pumpkin":1,"minecraft:nether_brick_stairs":1,"minecraft:oak_stairs":1,"minecraft:small_amethyst_bud":2,"scalinghealth:deepslate_power_crystal_ore":4,"minecraft:player_head":1,"minecraft:tripwire":1,"minecraft:red_bed":3,"minecraft:kelp_plant":1,"minecraft:soul_fire":1,"minecraft:amethyst_cluster":3,"minecraft:torch":5,"minecraft:white_stained_glass_pane":5,"iceandfire:sapphire_ore":1,"minecraft:damaged_anvil":1,"minecraft:amethyst_block":16,"sophisticatedbackpacks:diamond_backpack":1,"minecraft:wheat":2229,"minecraft:jukebox":1,"minecraft:stone_brick_stairs":20,"minecraft:grass":266,"minecraft:smooth_basalt":7,"minecraft:deepslate":32,"minecraft:exposed_cut_copper":1,"minecraft:mossy_cobblestone":4,"minecraft:dark_oak_log":5,"minecraft:purple_candle":6,"minecraft:nether_bricks":1,"minecraft:allium":1,"iceandfire:frozen_grass":1,"minecraft:moss_block":3,"minecraft:kelp":1,"minecraft:packed_mud":3,"minecraft:andesite":16,"minecraft:mossy_stone_brick_stairs":2,"minecraft:vine":10,"minecraft:bamboo":2,"minecraft:white_wool":6,"minecraft:glass_pane":2,"minecraft:brown_stained_glass_pane":2,"minecraft:potted_lily_of_the_valley":1,"minecraft:stone_brick_slab":1,"minecraft:dandelion":1,"minecraft:cornflower":3,"minecraft:campfire":2,"minecraft:tall_grass":63,"minecraft:deepslate_gold_ore":3,"minecraft:coarse_dirt":30,"minecraft:spruce_log":1,"minecraft:birch_leaves":9,"minecraft:weathered_cut_copper":1,"minecraft:gravel":46,"minecraft:cobweb":13,"minecraft:acacia_planks":2,"minecraft:stone_bricks":43,"minecraft:chipped_anvil":1,"minecraft:gold_ore":5,"minecraft:iron_trapdoor":2,"minecraft:fern":10,"minecraft:large_amethyst_bud":2,"minecraft:stone_pressure_plate":1,"minecraft:spruce_planks":1,"minecraft:cobblestone_stairs":3,"minecraft:cave_vines_plant":2,"minecraft:grass_block":177,"minecraft:cracked_polished_blackstone_bricks":6,"minecraft:gilded_blackstone":8,"minecraft:iron_ore":50,"minecraft:target":1,"minecraft:dark_oak_stairs":1,"minecraft:iron_bars":23,"minecraft:black_candle":1,"minecraft:azalea_leaves":2,"minecraft:spruce_slab":3,"minecraft:quartz_block":1,"minecraft:blackstone":1,"iceandfire:dragon_ice_spikes":31,"minecraft:calcite":10,"minecraft:poppy":2,"minecraft:chest":4,"minecraft:cobblestone":103,"minecraft:oak_planks":13,"minecraft:iron_door":1,"minecraft:pink_petals":1,"minecraft:nether_wart_block":1,"minecraft:tnt":8,"minecraft:oak_log":12,"minecraft:sand":10,"minecraft:dirt":259,"structure_gel:dynamic_spawner":1,"minecraft:tripwire_hook":1,"minecraft:netherrack":47,"minecraft:oak_leaves":5,"minecraft:diamond_ore":1,"minecraft:tuff":41,"minecraft:dark_oak_leaves":1,"minecraft:deepslate_diamond_ore":2,"iceandfire:frozen_cobblestone":29,"minecraft:gray_stained_glass_pane":4,"minecraft:glow_lichen":4,"gravestone:gravestone":11,"iceandfire:frozen_stone":7,"minecraft:decorated_pot":1,"minecraft:spruce_leaves":6,"minecraft:large_fern":2,"minecraft:hay_block":52,"minecraft:furnace":2,"minecraft:gold_block":8,"minecraft:bookshelf":2,"minecraft:deepslate_iron_ore":17,"minecraft:oxidized_cut_copper_slab":1,"minecraft:stone":320,"minecraft:acacia_leaves":2,"minecraft:scaffolding":18,"minecraft:stripped_dark_oak_log":1,"minecraft:crafting_table":2,"minecraft:sculk_sensor":1,"minecraft:stone_slab":1,"minecraft:sculk":1,"minecraft:spruce_stairs":2,"minecraft:sweet_berry_bush":12,"minecraft:bee_nest":2,"minecraft:coal_ore":42,"minecraft:cracked_stone_bricks":8,"minecraft:polished_andesite":8,"minecraft:mossy_stone_bricks":6}},"DataVersion":3465}