{"stats":{"minecraft:broken":{"minecraft:leather_leggings":1,"minecraft:iron_leggings":1,"minecraft:iron_sword":1,"minecraft:diamond_hoe":1,"minecraft:shield":2,"minecraft:iron_axe":1,"minecraft:iron_pickaxe":1,"minecraft:iron_helmet":1},"minecraft:picked_up":{"minecraft:iron_chestplate":8,"minecraft:chainmail_boots":3,"minecraft:redstone_block":1,"minecraft:flower_pot":2,"minecraft:magenta_carpet":1,"minecraft:diamond_sword":2,"minecraft:brown_bed":1,"minecraft:potion":4,"minecraft:enchanted_book":7,"minecraft:stone_brick_stairs":3,"minecraft:music_disc_cat":2,"minecraft:string":6,"minecraft:raw_copper":4,"minecraft:red_nether_bricks":14,"minecraft:iron_leggings":4,"minecraft:pufferfish":2,"minecraft:diamond_leggings":1,"minecraft:cobbled_deepslate":25,"minecraft:spruce_planks":10,"minecraft:eye_armor_trim_smithing_template":2,"minecraft:rose_bush":2,"minecraft:azalea":3,"iceandfire:frozen_gravel":7,"minecraft:coal_block":2,"minecraft:iron_boots":2,"minecraft:tipped_arrow":1,"iceandfire:pixie_dust":3,"minecraft:stick":9,"minecraft:torch":13,"minecraft:spruce_stairs":2,"minecraft:porkchop":3,"minecraft:golden_chestplate":2,"minecraft:rotten_flesh":179,"minecraft:honey_bottle":1,"minecraft:obsidian":38,"minecraft:iron_bars":5,"minecraft:cod":1,"minecraft:cobblestone":82,"iceandfire:sapphire_gem":1,"minecraft:leather_chestplate":1,"minecraft:andesite":294,"minecraft:golden_leggings":1,"minecraft:potato":1,"minecraft:flint":2,"minecraft:tuff":5,"minecraft:lapis_lazuli":18,"minecraft:dirt":82,"lootr:trophy":2,"minecraft:lantern":2,"minecraft:leather_boots":2,"minecraft:purple_carpet":4,"minecraft:bone":38,"minecraft:acacia_planks":2,"minecraft:bow":3,"minecraft:wheat_seeds":10,"minecraft:mossy_stone_bricks":1,"minecraft:diamond_helmet":1,"minecraft:bamboo":4,"minecraft:moss_block":10,"minecraft:oak_planks":3,"minecraft:mossy_stone_brick_stairs":1,"iceandfire:dragonscales_sapphire":12,"minecraft:poisonous_potato":2,"minecraft:stripped_spruce_log":2,"minecraft:nether_brick_stairs":54,"iceandfire:frozen_dirt":2,"iceandfire:pixie_wings":1,"minecraft:dark_prismarine":6,"minecraft:polished_andesite":15,"minecraft:sugar":1,"minecraft:diamond":3,"improvableskills:skills_book":1,"waystones:waystone":1,"minecraft:granite":5,"minecraft:golden_apple":2,"minecraft:chainmail_helmet":2,"minecraft:bread":16,"scalinghealth:cursed_heart":2,"minecraft:emerald":4,"minecraft:netherrack":11,"minecraft:rooted_dirt":2,"iceandfire:silver_nugget":574,"minecraft:bricks":3,"iceandfire:raw_silver":2,"minecraft:diamond_pickaxe":4,"minecraft:coarse_dirt":3,"minecraft:crafting_table":3,"minecraft:allium":1,"minecraft:clay_ball":4,"minecraft:ladder":2,"iceandfire:pixie_house_oak":2,"minecraft:leather_leggings":2,"minecraft:shield":2,"minecraft:red_bed":2,"minecraft:moss_carpet":1,"minecraft:blackstone":19,"minecraft:cracked_stone_bricks":6,"improvableskills:scroll_normal":2,"minecraft:chest":1,"minecraft:birch_sapling":1,"iceandfire:ice_dragon_heart":1,"minecraft:spruce_trapdoor":3,"minecraft:phantom_membrane":1,"minecraft:raw_iron":90,"iceandfire:dragonbone":11,"minecraft:bowl":2,"minecraft:redstone":12,"minecraft:stone_pressure_plate":5,"minecraft:purple_terracotta":16,"iceandfire:dragon_skull_ice":3,"minecraft:tnt":2,"minecraft:diamond_chestplate":1,"minecraft:arrow":82,"minecraft:nether_bricks":66,"minecraft:diamond_boots":1,"minecraft:hay_block":7,"sophisticatedbackpacks:copper_backpack":1,"minecraft:glow_berries":2,"minecraft:clock":1,"minecraft:salmon":1,"minecraft:leather":1,"minecraft:red_glazed_terracotta":2,"minecraft:acacia_wood":1,"minecraft:chainmail_chestplate":1,"minecraft:lily_pad":1,"minecraft:oak_log":2,"scalinghealth:bandages":7,"minecraft:golden_boots":3,"minecraft:nether_wart_block":4,"scalinghealth:heart_crystal":3,"iceandfire:pixie_house_mushroom_red":3,"minecraft:apple":5,"minecraft:stone_bricks":8,"minecraft:iron_ingot":5,"scalinghealth:power_crystal_shard":4,"minecraft:glass_bottle":10,"minecraft:polished_andesite_slab":2,"minecraft:gray_bed":2,"minecraft:iron_sword":3,"minecraft:soul_sand":5,"minecraft:book":18,"minecraft:smooth_basalt":18,"scalinghealth:heart_crystal_shard":10,"minecraft:stone_brick_slab":3,"waystones:mossy_waystone":2,"minecraft:gravel":7,"minecraft:amethyst_shard":4,"minecraft:spruce_sapling":1,"minecraft:spruce_log":2,"minecraft:nether_brick_slab":7,"minecraft:spider_eye":1,"minecraft:leather_helmet":3,"minecraft:brick_slab":1,"iceandfire:pixie_house_spruce":1,"minecraft:chainmail_leggings":5,"minecraft:iron_helmet":2,"minecraft:diamond_axe":3,"minecraft:terracotta":10,"minecraft:coal":5,"minecraft:sunflower":1},"minecraft:used":{"minecraft:moss_block":6,"minecraft:iron_shovel":112,"minecraft:diamond_hoe":304,"sophisticatedbackpacks:copper_backpack":1,"minecraft:ladder":2,"minecraft:chest":1,"minecraft:shield":141,"minecraft:iron_sword":411,"lootr:trophy":1,"minecraft:rotten_flesh":12,"minecraft:soul_sand":3,"minecraft:nether_bricks":16,"minecraft:brick_slab":1,"minecraft:tuff":1,"minecraft:stripped_spruce_log":1,"minecraft:honey_bottle":12,"minecraft:bricks":3,"minecraft:iron_helmet":1,"minecraft:bow":69,"minecraft:hay_block":4,"minecraft:gray_bed":2,"minecraft:leather_leggings":1,"iceandfire:frozen_gravel":2,"minecraft:oak_planks":2,"minecraft:blackstone":15,"minecraft:ender_pearl":8,"minecraft:leather_chestplate":1,"minecraft:diamond_axe":2,"minecraft:clay":1,"minecraft:glow_berries":3,"minecraft:crossbow":3,"minecraft:purple_terracotta":14,"waystones:waystone":1,"minecraft:firework_rocket":3,"scalinghealth:enchanted_heart":1,"minecraft:bread":97,"minecraft:andesite":23,"minecraft:coarse_dirt":3,"minecraft:bone_meal":1,"minecraft:experience_bottle":58,"iceandfire:silver_sword":215,"minecraft:flint_and_steel":62,"minecraft:spruce_planks":3,"minecraft:netherrack":3,"minecraft:torch":5,"minecraft:dirt":63,"scalinghealth:heart_crystal":2,"iceandfire:pixie_dust":3,"minecraft:spruce_stairs":2,"minecraft:granite":5,"minecraft:nether_brick_stairs":26,"minecraft:stone_brick_slab":3,"minecraft:iron_axe":148,"minecraft:smooth_basalt":18,"minecraft:cooked_beef":6,"minecraft:acacia_planks":2,"minecraft:cobbled_deepslate":15,"minecraft:brown_bed":1,"minecraft:polished_andesite":9,"minecraft:red_nether_bricks":2,"minecraft:baked_potato":1,"minecraft:salmon":1,"minecraft:terracotta":4,"minecraft:tnt":4,"minecraft:crafting_table":6,"minecraft:red_bed":1,"minecraft:diamond_pickaxe":21,"minecraft:dark_prismarine":6,"minecraft:apple":8,"minecraft:suspicious_stew":1,"minecraft:iron_pickaxe":613,"waystones:mossy_waystone":2,"minecraft:fishing_rod":1,"minecraft:cobblestone":37,"minecraft:potion":6},"minecraft:dropped":{"minecraft:nether_brick_stairs":14,"iceandfire:raw_silver":2,"minecraft:soul_sand":1,"minecraft:moss_block":4,"minecraft:baked_potato":1,"minecraft:ender_pearl":2,"minecraft:glass_bottle":16,"iceandfire:frozen_dirt":2,"minecraft:lantern":2,"minecraft:rooted_dirt":2,"minecraft:leather":2,"minecraft:mossy_stone_brick_stairs":1,"minecraft:saddle":1,"iceandfire:pixie_house_oak":2,"minecraft:dirt":14,"minecraft:jungle_sapling":5,"gravestone:obituary":2,"minecraft:amethyst_shard":4,"minecraft:sunflower":1,"minecraft:iron_pickaxe":1,"minecraft:bone":5,"minecraft:red_glazed_terracotta":2,"lootr:trophy":1,"minecraft:blackstone":4,"minecraft:cooked_chicken":1,"minecraft:golden_chestplate":1,"minecraft:obsidian":38,"minecraft:rotten_flesh":107,"minecraft:oak_planks":5,"iceandfire:pixie_house_spruce":1,"minecraft:honey_bottle":5,"minecraft:eye_armor_trim_smithing_template":1,"minecraft:leather_chestplate":1,"minecraft:melon_seeds":8,"minecraft:jungle_log":3,"minecraft:leather_boots":1,"minecraft:azalea":2,"minecraft:leather_leggings":2,"minecraft:red_nether_bricks":6,"minecraft:iron_bars":4,"minecraft:arrow":5,"minecraft:stone_brick_stairs":2,"minecraft:netherrack":4,"minecraft:purple_carpet":4,"minecraft:golden_boots":1,"minecraft:enchanted_book":8,"minecraft:bread":17,"iceandfire:dragonscales_sapphire":6,"minecraft:stripped_spruce_log":1,"minecraft:wheat_seeds":6,"iceandfire:pixie_house_mushroom_red":3,"minecraft:magenta_carpet":1,"minecraft:clock":1,"scalinghealth:cursed_heart":2,"minecraft:bookshelf":8,"minecraft:poisonous_potato":2,"minecraft:book":19,"minecraft:iron_helmet":1,"minecraft:cobblestone":11,"scalinghealth:heart_crystal_shard":4,"iceandfire:frozen_gravel":5,"minecraft:apple":10,"minecraft:coal_block":1,"minecraft:polished_andesite":5,"minecraft:stick":12,"minecraft:pufferfish":2,"minecraft:torch":1,"scalinghealth:heart_crystal":1,"minecraft:nether_wart_block":2,"minecraft:rose_bush":2,"minecraft:cooked_salmon":5,"minecraft:potion":5,"minecraft:string":10,"minecraft:lily_pad":1,"minecraft:music_disc_cat":1,"minecraft:spruce_sapling":1,"iceandfire:dragonbone":3,"iceandfire:silver_nugget":18,"minecraft:nether_brick_slab":3,"minecraft:moss_carpet":1,"minecraft:wild_armor_trim_smithing_template":2,"minecraft:raw_copper":2,"minecraft:bowl":3,"minecraft:raw_iron":2,"minecraft:iron_boots":1,"iceandfire:dragon_skull_ice":1,"improvableskills:skills_book":1,"minecraft:ender_eye":3,"minecraft:nether_bricks":25,"minecraft:hay_block":3,"minecraft:potato":3,"minecraft:flower_pot":2,"minecraft:allium":1,"minecraft:spruce_planks":1,"minecraft:spruce_trapdoor":3,"minecraft:iron_chestplate":3,"minecraft:andesite":19,"minecraft:stone_pressure_plate":5,"minecraft:spider_eye":1,"minecraft:bamboo":4,"minecraft:bow":3,"scalinghealth:bandages":6,"scalinghealth:enchanted_heart":1,"minecraft:terracotta":5},"minecraft:killed_by":{"minecraft:player":1},"minecraft:killed":{"minecraft:witch":3,"minecraft:spider":4,"minecraft:skeleton":35,"minecraft:iron_golem":1,"minecraft:creeper":2,"minecraft:pillager":2,"minecraft:zombie":95,"minecraft:stray":2,"iceandfire:pixie":6,"minecraft:cow":1,"minecraft:phantom":2,"minecraft:husk":1,"minecraft:bat":1,"iceandfire:myrmex_soldier":1,"iceandfire:ice_dragon":1,"minecraft:wither_skeleton":1},"minecraft:crafted":{"minecraft:oak_planks":8,"iceandfire:armor_silver_metal_leggings":1,"minecraft:raw_iron_block":9,"minecraft:emerald":36,"minecraft:crafting_table":4,"minecraft:spruce_planks":8,"minecraft:emerald_block":4,"sophisticatedbackpacks:diamond_backpack":1,"minecraft:stick":12,"minecraft:raw_iron":81,"minecraft:bone_meal":5,"minecraft:iron_axe":1,"sophisticatedbackpacks:iron_backpack":1,"iceandfire:silver_ingot":64,"minecraft:iron_sword":2,"sophisticatedbackpacks:gold_backpack":1,"minecraft:bread":2,"minecraft:acacia_planks":4,"minecraft:clay":1},"minecraft:mined":{"minecraft:dark_prismarine_stairs":10,"minecraft:large_amethyst_bud":1,"minecraft:spruce_planks":11,"minecraft:sculk_vein":26,"minecraft:jungle_leaves":9,"minecraft:red_nether_bricks":11,"minecraft:cave_vines_plant":6,"minecraft:granite":6,"minecraft:stripped_crimson_hyphae":1,"minecraft:grass_block":43,"iceandfire:pixie_house_oak":2,"minecraft:coal_block":1,"minecraft:spawner":4,"minecraft:light_blue_stained_glass":6,"minecraft:glowstone":1,"minecraft:iron_ore":63,"minecraft:cobbled_deepslate":7,"minecraft:fire":35,"minecraft:granite_slab":2,"minecraft:nether_brick_stairs":43,"minecraft:brown_bed":1,"minecraft:cave_vines":6,"minecraft:dirt_path":1,"minecraft:small_amethyst_bud":1,"scalinghealth:deepslate_power_crystal_ore":4,"minecraft:iron_bars":4,"minecraft:purple_carpet":4,"minecraft:azalea":1,"sophisticatedbackpacks:copper_backpack":1,"minecraft:deepslate_redstone_ore":1,"minecraft:magenta_carpet":1,"minecraft:red_bed":3,"minecraft:blackstone":15,"minecraft:soul_fire":9,"minecraft:amethyst_cluster":1,"minecraft:powder_snow":3,"minecraft:torch":6,"iceandfire:dragon_ice_spikes":2,"minecraft:clay":5,"minecraft:chest":1,"minecraft:white_stained_glass_pane":1,"minecraft:nether_brick_slab":4,"iceandfire:frozen_dirt":2,"iceandfire:sapphire_ore":1,"minecraft:cobblestone":11,"minecraft:oak_planks":5,"minecraft:wall_torch":3,"minecraft:seagrass":1,"lootr:trophy":1,"minecraft:nether_wart_block":4,"minecraft:blue_ice":1,"minecraft:lilac":1,"minecraft:tnt":2,"minecraft:stone_brick_stairs":1,"minecraft:grass":47,"minecraft:oak_log":2,"minecraft:dirt":48,"minecraft:smooth_basalt":22,"minecraft:netherrack":7,"minecraft:deepslate":8,"minecraft:oak_leaves":24,"minecraft:dark_prismarine":7,"minecraft:tuff":5,"iceandfire:silver_ore":1,"minecraft:mossy_cobblestone":1,"minecraft:deepslate_diamond_ore":3,"iceandfire:frozen_cobblestone":1,"minecraft:nether_bricks":53,"gravestone:gravestone":2,"minecraft:ladder":1,"minecraft:dark_oak_fence":1,"minecraft:purple_terracotta":16,"minecraft:polished_andesite_slab":2,"iceandfire:dragon_ice":6,"minecraft:moss_block":15,"minecraft:rooted_dirt":2,"minecraft:hay_block":7,"iceandfire:jungle_myrmex_cocoon":1,"minecraft:redstone_ore":1,"minecraft:acacia_wood":5,"minecraft:andesite":69,"minecraft:stripped_spruce_log":1,"minecraft:bookshelf":7,"minecraft:deepslate_iron_ore":29,"minecraft:vine":1,"minecraft:packed_ice":8,"minecraft:bamboo":1,"minecraft:stone":36,"minecraft:potted_allium":1,"minecraft:podzol":3,"minecraft:birch_stairs":1,"minecraft:acacia_leaves":1,"minecraft:flowering_azalea":1,"minecraft:redstone_block":1,"minecraft:glass_pane":1,"minecraft:soul_sand":4,"iceandfire:frozen_gravel":4,"minecraft:crafting_table":3,"minecraft:cyan_stained_glass_pane":5,"minecraft:sculk_sensor":4,"minecraft:rose_bush":2,"minecraft:copper_ore":1,"minecraft:tall_grass":7,"minecraft:red_glazed_terracotta":1,"minecraft:green_stained_glass_pane":2,"minecraft:sculk":310,"minecraft:red_terracotta":5,"minecraft:coarse_dirt":8,"minecraft:brick_slab":2,"minecraft:ice":10,"minecraft:gray_bed":2,"iceandfire:myrmex_jungle_biolight":3,"minecraft:spruce_log":3,"minecraft:birch_leaves":18,"iceandfire:pixie_house_mushroom_red":3,"iceandfire:silver_pile":61,"minecraft:coal_ore":4,"minecraft:sunflower":5,"minecraft:gravel":9,"minecraft:cobweb":6,"minecraft:cracked_stone_bricks":3,"minecraft:terracotta":16,"minecraft:acacia_planks":2,"minecraft:polished_andesite":12,"minecraft:stone_bricks":7,"minecraft:mossy_stone_bricks":1,"minecraft:fern":8},"minecraft:custom":{"lootr:looted_stat":211,"minecraft:interact_with_crafting_table":15,"minecraft:bell_ring":1,"minecraft:eat_cake_slice":11,"minecraft:leave_game":1,"minecraft:time_since_death":231986,"minecraft:sprint_one_cm":1057543,"minecraft:damage_blocked_by_shield":2953,"minecraft:drop":212,"minecraft:talked_to_villager":3,"minecraft:play_time":441387,"minecraft:deaths":2,"minecraft:jump":8651,"minecraft:walk_on_water_one_cm":66261,"minecraft:sleep_in_bed":9,"minecraft:waystone_activated":7,"minecraft:damage_dealt":46268,"minecraft:crouch_one_cm":66551,"minecraft:interact_with_smoker":1,"minecraft:mob_kills":168,"minecraft:climb_one_cm":60868,"minecraft:walk_one_cm":862722,"minecraft:sneak_time":28137,"minecraft:walk_under_water_one_cm":31020,"minecraft:boat_one_cm":196330,"minecraft:total_world_time":441387,"minecraft:time_since_rest":75054,"minecraft:damage_taken":9582,"minecraft:swim_one_cm":119002,"minecraft:fly_one_cm":1549692,"minecraft:open_chest":41,"minecraft:fall_one_cm":316258}},"DataVersion":3465}