{"stats":{"minecraft:dropped":{"minecraft:nether_brick_stairs":2,"minecraft:iron_sword":3,"minecraft:moss_block":4,"minecraft:dark_oak_stairs":6,"minecraft:oak_log":2,"minecraft:glass_bottle":14,"minecraft:crafting_table":1,"minecraft:dark_oak_slab":12,"minecraft:crossbow":4,"minecraft:spider_spawn_egg":1,"minecraft:leather":10,"minecraft:mossy_stone_brick_stairs":2,"minecraft:cracked_stone_bricks":7,"minecraft:saddle":1,"minecraft:leather_helmet":3,"minecraft:emerald":29,"sophisticatedbackpacks:gold_backpack":2,"minecraft:cobblestone_stairs":5,"minecraft:dirt":106,"minecraft:cornflower":1,"minecraft:dark_oak_trapdoor":5,"minecraft:mutton":6,"minecraft:cooked_cod":2,"minecraft:gold_nugget":93,"minecraft:chain":2,"gravestone:obituary":20,"minecraft:wooden_sword":2,"minecraft:amethyst_shard":12,"minecraft:white_wool":5,"minecraft:bone":44,"minecraft:gravel":74,"minecraft:dark_oak_door":1,"minecraft:stone_axe":1,"minecraft:blackstone":1,"minecraft:iron_nugget":9,"minecraft:golden_chestplate":4,"minecraft:cobbled_deepslate":538,"minecraft:birch_sapling":1,"minecraft:obsidian":19,"minecraft:stripped_dark_oak_log":4,"minecraft:rotten_flesh":67,"minecraft:oak_planks":16,"minecraft:diamond_shovel":1,"iceandfire:frozen_stone":13,"minecraft:salmon":2,"sophisticatedbackpacks:diamond_backpack":2,"iceandfire:dragonscales_blue":15,"minecraft:chainmail_chestplate":2,"minecraft:echo_shard":3,"minecraft:leather_chestplate":1,"minecraft:tipped_arrow":9,"minecraft:turtle_helmet":1,"minecraft:gunpowder":8,"minecraft:skeleton_skull":1,"minecraft:quartz_block":6,"minecraft:leather_boots":1,"minecraft:chest":4,"minecraft:acacia_sapling":1,"minecraft:ladder":6,"minecraft:leather_leggings":1,"improvableskills:scroll_normal":1,"minecraft:spruce_slab":8,"minecraft:iron_bars":26,"minecraft:arrow":1,"minecraft:beef":11,"minecraft:scaffolding":4,"minecraft:stone_brick_stairs":2,"minecraft:quartz":32,"minecraft:netherrack":64,"iceandfire:manuscript":4,"minecraft:purple_carpet":4,"minecraft:bread":1,"minecraft:oak_slab":2,"minecraft:wheat_seeds":709,"minecraft:golden_helmet":3,"minecraft:cherry_log":2,"minecraft:tnt":3,"minecraft:mossy_cobblestone":12,"minecraft:iron_helmet":1,"minecraft:feather":4,"minecraft:cobblestone":1024,"minecraft:amethyst_block":4,"minecraft:apple":29,"minecraft:tropical_fish":1,"minecraft:spruce_stairs":5,"minecraft:chainmail_helmet":2,"minecraft:grass_block":11,"minecraft:coal":46,"minecraft:stick":10,"minecraft:polished_andesite":8,"minecraft:torch":80,"scalinghealth:heart_crystal":1,"iceandfire:dragonegg_white":2,"minecraft:iron_door":2,"minecraft:diamond_helmet":1,"minecraft:potion":4,"minecraft:oak_stairs":2,"minecraft:pumpkin":1,"iceandfire:dragonscales_white":9,"minecraft:mossy_cobblestone_stairs":3,"minecraft:chainmail_leggings":1,"minecraft:paper":1,"minecraft:string":42,"minecraft:tripwire_hook":1,"minecraft:polished_deepslate":1,"minecraft:music_disc_cat":1,"minecraft:acacia_planks":2,"minecraft:spruce_sapling":1,"iceandfire:dragon_skull_fire":3,"iceandfire:frozen_cobblestone":32,"minecraft:stone_brick_slab":2,"iceandfire:dragonbone":4,"iceandfire:silver_nugget":152,"iceandfire:earplugs":1,"minecraft:furnace":2,"minecraft:kelp":1,"minecraft:zombie_spawn_egg":1,"minecraft:sweet_berries":2,"minecraft:coarse_dirt":4,"minecraft:stone_sword":1,"minecraft:raw_copper":8,"minecraft:bowl":4,"minecraft:deepslate":28,"minecraft:tuff":4,"minecraft:raw_iron":2,"iceandfire:witherbone":5,"minecraft:chicken":2,"minecraft:iron_boots":4,"minecraft:stripped_oak_log":1,"improvableskills:skills_book":1,"minecraft:skeleton_spawn_egg":1,"scalinghealth:power_crystal_shard":13,"minecraft:oak_sign":2,"minecraft:lily_of_the_valley":1,"minecraft:deepslate_bricks":2,"minecraft:diamond_sword":1,"minecraft:hay_block":9,"minecraft:stone":5,"minecraft:shield":9,"minecraft:allium":1,"minecraft:peony":1,"minecraft:spruce_planks":3,"minecraft:andesite":234,"minecraft:mossy_stone_bricks":7,"minecraft:golden_leggings":8,"minecraft:stone_pressure_plate":2,"minecraft:spider_eye":14,"minecraft:stone_bricks":19,"minecraft:bamboo":7,"minecraft:spruce_log":1,"minecraft:slime_ball":4,"minecraft:bow":2,"minecraft:stone_pickaxe":2,"minecraft:wooden_pickaxe":3,"minecraft:calcite":2,"scalinghealth:bandages":3},"minecraft:killed":{"minecraft:cave_spider":3,"minecraft:witch":1,"minecraft:spider":24,"minecraft:skeleton":55,"minecraft:chicken":2,"minecraft:pig":1,"minecraft:zombie_villager":6,"minecraft:salmon":2,"minecraft:iron_golem":2,"minecraft:creeper":4,"minecraft:sheep":5,"minecraft:pillager":12,"minecraft:donkey":1,"minecraft:zombie":53,"minecraft:stray":16,"iceandfire:sea_serpent":1,"minecraft:cow":6,"minecraft:evoker":1,"minecraft:vex":1,"minecraft:vindicator":3,"minecraft:slime":7,"minecraft:horse":1,"minecraft:drowned":1,"minecraft:ravager":1,"iceandfire:ice_dragon":1,"minecraft:wither_skeleton":5,"minecraft:enderman":3},"minecraft:crafted":{"minecraft:oak_planks":32,"minecraft:iron_boots":2,"minecraft:chest":2,"sophisticatedbackpacks:backpack":2,"minecraft:emerald":9,"minecraft:crafting_table":3,"minecraft:spruce_planks":4,"minecraft:wooden_pickaxe":1,"minecraft:hay_block":299,"iceandfire:earplugs":1,"minecraft:shield":1,"sophisticatedbackpacks:diamond_backpack":2,"minecraft:stick":8,"minecraft:iron_ingot":12,"minecraft:wooden_sword":1,"minecraft:furnace":2,"minecraft:flint_and_steel":1,"minecraft:stone_pickaxe":1,"minecraft:dark_oak_planks":8,"minecraft:wheat":1566,"sophisticatedbackpacks:iron_backpack":2,"minecraft:cooked_cod":11,"sophisticatedbackpacks:gold_backpack":2,"scalinghealth:heart_crystal":2,"minecraft:bucket":1,"minecraft:bread":289,"minecraft:air":0,"minecraft:white_bed":2,"minecraft:acacia_planks":12},"minecraft:picked_up":{"minecraft:iron_chestplate":2,"minecraft:wheat":1995,"minecraft:diamond_sword":1,"iceandfire:dragonegg_white":2,"minecraft:oak_stairs":3,"minecraft:potion":1,"minecraft:stone_brick_stairs":5,"minecraft:stray_spawn_egg":2,"minecraft:amethyst_block":15,"iceandfire:manuscript":4,"minecraft:polished_deepslate":1,"minecraft:music_disc_cat":1,"minecraft:string":50,"minecraft:dark_oak_trapdoor":5,"minecraft:raw_copper":13,"minecraft:oak_sign":6,"minecraft:diamond_leggings":1,"minecraft:gold_nugget":93,"minecraft:cobbled_deepslate":544,"minecraft:spruce_planks":3,"minecraft:cobblestone_slab":1,"minecraft:calcite":7,"iceandfire:armor_bronze_boots":1,"minecraft:iron_boots":3,"minecraft:furnace":2,"minecraft:dark_oak_door":1,"minecraft:golden_helmet":3,"minecraft:tipped_arrow":11,"minecraft:stick":7,"minecraft:jukebox":1,"minecraft:torch":75,"minecraft:acacia_log":3,"iceandfire:dragonscales_white":9,"minecraft:spruce_stairs":6,"iceandfire:rotten_egg":1,"minecraft:target":1,"minecraft:cherry_log":2,"iceandfire:armor_bronze_chestplate":1,"minecraft:golden_chestplate":4,"minecraft:zombie_spawn_egg":1,"minecraft:quartz_block":6,"minecraft:stone_sword":1,"minecraft:rotten_flesh":67,"iceandfire:fire_dragon_heart":1,"minecraft:iron_bars":29,"minecraft:cobblestone":2178,"fabledweaponry:maul_diamond":1,"iceandfire:sapphire_gem":1,"minecraft:leather_chestplate":2,"minecraft:feather":4,"minecraft:iron_door":2,"minecraft:andesite":212,"minecraft:golden_leggings":7,"minecraft:potato":1,"minecraft:flint":1,"minecraft:tuff":39,"minecraft:dirt":231,"minecraft:purple_carpet":4,"minecraft:bone":102,"minecraft:chipped_anvil":1,"minecraft:bow":2,"minecraft:wheat_seeds":705,"minecraft:raw_gold":8,"minecraft:mossy_stone_bricks":7,"minecraft:diamond_helmet":3,"minecraft:bamboo":7,"minecraft:moss_block":4,"minecraft:oak_planks":16,"minecraft:mossy_stone_brick_stairs":2,"iceandfire:dragon_skull_fire":6,"minecraft:sand":10,"minecraft:nether_brick_stairs":2,"minecraft:grass_block":30,"minecraft:dark_oak_log":2,"minecraft:mossy_cobblestone":14,"minecraft:skeleton_spawn_egg":1,"minecraft:polished_andesite":8,"minecraft:deepslate":43,"minecraft:diamond":3,"improvableskills:skills_book":1,"minecraft:netherite_helmet":1,"minecraft:crossbow":3,"minecraft:granite":1,"minecraft:chainmail_helmet":2,"minecraft:emerald":58,"minecraft:bread":1,"minecraft:netherrack":64,"iceandfire:silver_nugget":152,"minecraft:allium":1,"sophisticatedbackpacks:gold_backpack":2,"minecraft:charcoal":2,"minecraft:crafting_table":2,"minecraft:coarse_dirt":5,"minecraft:chicken":2,"iceandfire:witherbone":5,"minecraft:ladder":6,"minecraft:turtle_helmet":1,"minecraft:leather_leggings":1,"minecraft:wooden_pickaxe":2,"iceandfire:frozen_cobblestone":81,"gravestone:obituary":7,"minecraft:chain":2,"minecraft:spider_spawn_egg":2,"minecraft:shield":4,"minecraft:cornflower":4,"minecraft:red_bed":2,"iceandfire:frozen_stone":15,"minecraft:iron_axe":2,"minecraft:wooden_sword":1,"minecraft:blackstone":1,"minecraft:cracked_stone_bricks":8,"minecraft:beef":11,"minecraft:poppy":1,"minecraft:spruce_slab":10,"minecraft:chest":4,"minecraft:birch_sapling":1,"minecraft:egg":2,"iceandfire:ice_dragon_heart":2,"minecraft:raw_iron":72,"iceandfire:dragonbone":38,"iceandfire:dragonscales_gray":30,"minecraft:stone":5,"minecraft:bowl":2,"minecraft:trident":1,"minecraft:stone_pressure_plate":2,"iceandfire:dragon_skull_ice":1,"minecraft:tnt":5,"minecraft:purple_candle":12,"minecraft:arrow":84,"minecraft:diamond_chestplate":3,"minecraft:cooked_cod":2,"minecraft:peony":1,"minecraft:deepslate_bricks":2,"minecraft:diamond_boots":2,"minecraft:hay_block":63,"minecraft:saddle":1,"iceandfire:earplugs":1,"minecraft:glow_berries":1,"minecraft:mutton":6,"minecraft:skeleton_skull":1,"minecraft:white_wool":11,"minecraft:stripped_oak_log":2,"iceandfire:sea_serpent_fang":14,"minecraft:tripwire_hook":1,"minecraft:salmon":2,"minecraft:leather":18,"scalinghealth:bandages":3,"minecraft:chainmail_chestplate":1,"minecraft:oak_log":11,"iceandfire:armor_bronze_leggings":1,"minecraft:nether_wart_block":1,"minecraft:gunpowder":8,"minecraft:cobblestone_stairs":5,"scalinghealth:heart_crystal":7,"iceandfire:dragonscales_blue":15,"minecraft:paper":1,"scalinghealth:medkit":2,"minecraft:apple":14,"minecraft:stone_bricks":35,"minecraft:kelp":1,"minecraft:iron_ingot":26,"minecraft:stone_pickaxe":1,"minecraft:iron_ore":1,"scalinghealth:power_crystal_shard":13,"minecraft:glass_bottle":7,"iceandfire:sea_serpent_scales_deepblue":47,"minecraft:iron_sword":5,"minecraft:acacia_sapling":1,"minecraft:dark_oak_stairs":6,"sophisticatedbackpacks:diamond_backpack":3,"minecraft:scaffolding":26,"minecraft:oak_slab":2,"scalinghealth:heart_crystal_shard":20,"minecraft:dark_oak_slab":12,"minecraft:smooth_basalt":7,"minecraft:black_candle":4,"iceandfire:armor_bronze_helmet":1,"minecraft:pumpkin":1,"minecraft:sweet_berries":20,"minecraft:stone_brick_slab":2,"minecraft:quartz":32,"minecraft:gravel":92,"minecraft:amethyst_shard":12,"minecraft:spruce_sapling":1,"minecraft:white_bed":2,"minecraft:spruce_log":2,"minecraft:spider_eye":14,"minecraft:leather_helmet":3,"minecraft:diamond_shovel":1,"minecraft:slime_ball":4,"minecraft:mossy_cobblestone_stairs":5,"iceandfire:ice_dragon_flesh":15,"minecraft:damaged_anvil":1,"minecraft:stripped_dark_oak_log":5,"minecraft:coal":101,"minecraft:ender_pearl":1},"minecraft:custom":{"lootr:looted_stat":274,"minecraft:interact_with_crafting_table":38,"minecraft:open_barrel":10,"minecraft:bell_ring":1,"minecraft:eat_cake_slice":3,"minecraft:leave_game":10,"minecraft:time_since_death":53088,"minecraft:damage_resisted":174,"minecraft:sprint_one_cm":2280530,"minecraft:damage_blocked_by_shield":4472,"minecraft:drop":549,"minecraft:talked_to_villager":12,"minecraft:play_time":693028,"minecraft:deaths":13,"minecraft:jump":18176,"minecraft:interact_with_brewingstand":1,"minecraft:walk_on_water_one_cm":178635,"minecraft:interact_with_furnace":19,"minecraft:play_record":1,"minecraft:interact_with_loom":1,"minecraft:sleep_in_bed":21,"minecraft:waystone_activated":4,"minecraft:open_enderchest":1,"minecraft:damage_dealt":77248,"minecraft:crouch_one_cm":80863,"minecraft:interact_with_smoker":1,"minecraft:interact_with_anvil":3,"minecraft:mob_kills":230,"minecraft:damage_dealt_resisted":2593,"minecraft:climb_one_cm":65624,"minecraft:walk_one_cm":1146165,"minecraft:damage_dealt_absorbed":80,"minecraft:target_hit":2,"minecraft:raid_win":1,"minecraft:sneak_time":37556,"minecraft:walk_under_water_one_cm":115282,"minecraft:boat_one_cm":61574,"minecraft:total_world_time":693028,"minecraft:time_since_rest":22525,"minecraft:damage_absorbed":76,"minecraft:damage_taken":29710,"minecraft:swim_one_cm":482849,"minecraft:fly_one_cm":3669929,"minecraft:open_chest":20,"minecraft:fall_one_cm":826212},"minecraft:broken":{"minecraft:iron_boots":2,"minecraft:iron_chestplate":1,"minecraft:iron_leggings":1,"iceandfire:armor_bronze_boots":1,"iceandfire:armor_bronze_leggings":1,"minecraft:diamond_boots":1,"minecraft:wooden_sword":1,"iceandfire:armor_bronze_helmet":1,"minecraft:flint_and_steel":1,"minecraft:leather_chestplate":1,"minecraft:shield":1,"iceandfire:earplugs":1,"minecraft:iron_helmet":1},"minecraft:used":{"minecraft:purple_candle":8,"minecraft:iron_shovel":158,"minecraft:spruce_slab":2,"minecraft:oak_sign":4,"minecraft:poppy":1,"minecraft:diamond_hoe":46,"minecraft:shield":85,"minecraft:iron_sword":375,"minecraft:stray_spawn_egg":2,"iceandfire:frozen_stone":2,"minecraft:tuff":31,"sophisticatedbackpacks:diamond_backpack":1,"minecraft:lava_bucket":14,"minecraft:grass_block":19,"minecraft:stone_brick_stairs":3,"minecraft:stone_bricks":11,"iceandfire:earplugs":2,"minecraft:bow":194,"minecraft:sweet_berries":31,"minecraft:scaffolding":22,"minecraft:furnace":2,"minecraft:cooked_cod":13,"minecraft:egg":2,"iceandfire:frozen_cobblestone":49,"minecraft:spider_spawn_egg":1,"minecraft:stone_pickaxe":103,"minecraft:ender_pearl":1,"minecraft:wooden_pickaxe":8,"minecraft:leather_chestplate":1,"minecraft:glow_berries":1,"minecraft:sand":4,"minecraft:crossbow":2,"easy_villagers:villager":6,"minecraft:dark_oak_log":1,"minecraft:bread":252,"minecraft:deepslate":15,"minecraft:gravel":17,"minecraft:nether_wart_block":1,"minecraft:diamond_sword":427,"minecraft:wooden_sword":106,"iceandfire:dragon_skull_fire":1,"minecraft:andesite":14,"minecraft:coarse_dirt":1,"minecraft:experience_bottle":28,"minecraft:tropical_fish":2,"minecraft:trident":70,"minecraft:iron_bars":3,"minecraft:flint_and_steel":79,"minecraft:dried_kelp":1,"minecraft:cooked_salmon":2,"minecraft:torch":35,"minecraft:dirt":125,"minecraft:spyglass":11,"minecraft:target":1,"scalinghealth:heart_crystal":12,"minecraft:diamond_helmet":1,"minecraft:granite":1,"minecraft:chipped_anvil":1,"minecraft:iron_axe":76,"minecraft:oak_stairs":1,"minecraft:smooth_basalt":7,"minecraft:golden_carrot":9,"fabledweaponry:maul_diamond":417,"minecraft:cooked_beef":12,"minecraft:cobbled_deepslate":34,"minecraft:acacia_planks":3,"minecraft:calcite":5,"minecraft:iron_ore":1,"minecraft:amethyst_block":11,"scalinghealth:chance_heart":3,"minecraft:cobblestone_slab":1,"minecraft:leather_boots":1,"minecraft:mossy_cobblestone":1,"minecraft:music_disc_cat":1,"minecraft:tnt":5,"minecraft:crafting_table":4,"minecraft:red_bed":2,"minecraft:white_bed":4,"minecraft:cod":29,"minecraft:cornflower":3,"minecraft:diamond_shovel":17,"minecraft:iron_pickaxe":712,"minecraft:suspicious_stew":2,"minecraft:stone_axe":5,"minecraft:cobblestone":248,"minecraft:potion":12,"minecraft:bucket":15,"minecraft:black_candle":4,"minecraft:splash_potion":1,"minecraft:jukebox":1},"minecraft:mined":{"minecraft:large_amethyst_bud":2,"minecraft:spruce_planks":1,"minecraft:stone_pressure_plate":1,"minecraft:white_bed":2,"minecraft:cherry_log":2,"minecraft:cobblestone_stairs":3,"minecraft:cave_vines_plant":2,"minecraft:granite":1,"minecraft:acacia_log":3,"minecraft:grass_block":49,"minecraft:oak_wall_sign":2,"minecraft:red_stained_glass_pane":2,"minecraft:spawner":23,"minecraft:mossy_cobblestone_stairs":3,"minecraft:iron_ore":49,"minecraft:fire":48,"minecraft:cobbled_deepslate":20,"minecraft:target":1,"minecraft:pumpkin":1,"minecraft:nether_brick_stairs":1,"minecraft:dark_oak_stairs":1,"minecraft:oak_stairs":1,"scalinghealth:deepslate_power_crystal_ore":4,"minecraft:small_amethyst_bud":2,"minecraft:iron_bars":19,"minecraft:black_candle":1,"minecraft:azalea_leaves":2,"minecraft:spruce_slab":3,"minecraft:quartz_block":1,"minecraft:red_bed":2,"minecraft:blackstone":1,"minecraft:kelp_plant":1,"minecraft:soul_fire":1,"minecraft:amethyst_cluster":3,"iceandfire:dragon_ice_spikes":31,"minecraft:torch":5,"minecraft:poppy":2,"minecraft:calcite":10,"minecraft:chest":4,"minecraft:white_stained_glass_pane":4,"iceandfire:sapphire_ore":1,"minecraft:cobblestone":89,"minecraft:damaged_anvil":1,"minecraft:oak_planks":12,"minecraft:iron_door":1,"minecraft:amethyst_block":16,"minecraft:pink_petals":1,"minecraft:nether_wart_block":1,"sophisticatedbackpacks:diamond_backpack":1,"minecraft:wheat":2228,"minecraft:jukebox":1,"minecraft:tnt":2,"minecraft:stone_brick_stairs":17,"minecraft:grass":197,"minecraft:oak_log":11,"minecraft:sand":10,"minecraft:dirt":137,"minecraft:smooth_basalt":6,"minecraft:tripwire_hook":1,"minecraft:netherrack":1,"minecraft:deepslate":32,"minecraft:oak_leaves":4,"minecraft:diamond_ore":1,"minecraft:tuff":41,"minecraft:dark_oak_leaves":1,"minecraft:mossy_cobblestone":4,"minecraft:deepslate_diamond_ore":2,"minecraft:dark_oak_log":5,"iceandfire:frozen_cobblestone":29,"minecraft:purple_candle":6,"minecraft:nether_bricks":1,"gravestone:gravestone":9,"minecraft:allium":1,"iceandfire:frozen_stone":7,"minecraft:decorated_pot":1,"iceandfire:frozen_grass":1,"minecraft:spruce_leaves":6,"minecraft:moss_block":3,"minecraft:kelp":1,"minecraft:large_fern":2,"minecraft:hay_block":52,"minecraft:packed_mud":3,"minecraft:furnace":2,"minecraft:andesite":13,"minecraft:mossy_stone_brick_stairs":2,"minecraft:bookshelf":2,"minecraft:deepslate_iron_ore":17,"minecraft:vine":10,"minecraft:bamboo":2,"minecraft:stone":247,"minecraft:white_wool":6,"minecraft:scaffolding":18,"minecraft:acacia_leaves":2,"minecraft:glass_pane":2,"minecraft:brown_stained_glass_pane":2,"minecraft:potted_lily_of_the_valley":1,"minecraft:stripped_dark_oak_log":1,"minecraft:stone_brick_slab":1,"minecraft:crafting_table":2,"minecraft:cornflower":3,"minecraft:sculk_sensor":1,"minecraft:campfire":1,"minecraft:stone_slab":1,"minecraft:tall_grass":43,"minecraft:deepslate_gold_ore":3,"minecraft:sculk":1,"minecraft:spruce_stairs":2,"minecraft:coarse_dirt":4,"minecraft:sweet_berry_bush":12,"minecraft:spruce_log":1,"minecraft:birch_leaves":9,"minecraft:bee_nest":1,"minecraft:coal_ore":22,"minecraft:gravel":33,"minecraft:cobweb":12,"minecraft:cracked_stone_bricks":7,"minecraft:acacia_planks":2,"minecraft:polished_andesite":8,"minecraft:stone_bricks":35,"minecraft:mossy_stone_bricks":5,"minecraft:gold_ore":5,"minecraft:chipped_anvil":1,"minecraft:fern":8}},"DataVersion":3465}