{"stat.useItem.minecraft.bow":2,"stat.useItem.spectrite.spectrite_bow_special":45,"stat.leaveGame":11,"stat.craftItem.minecraft.iron_axe":1,"stat.pickup.gravestone.death_info":13,"stat.drop.spectrite.spectrite_bow":1,"stat.craftItem.blockarmor.furnace_chestplate":1,"stat.useItem.minecraft.mutton":3,"stat.killEntity.PigZombie":2,"stat.pickup.srparasites.parasitecanister":10,"stat.useItem.minecraft.planks":80,"stat.mineBlock.minecraft.web":2,"stat.pickup.minecraft.porkchop":331,"stat.pickup.minecraft.glass":30,"stat.mineBlock.gravestone.gravestone":5,"stat.pickup.srparasites.ada_arachnida_drop":3,"stat.pickup.srparasites.ada_longarms_drop":2,"stat.pickup.minecraft.rotten_flesh":4,"stat.pickup.minecraft.sand":6,"stat.drop.spectrite.spectrite_leggings":2,"stat.craftItem.minecraft.stone_axe":2,"stat.useItem.spectrite.spectrite_sword":23,"stat.useItem.srparasites.parasitecanister":5,"stat.craftItem.blockarmor.stone_3_boots":1,"stat.craftItem.minecraft.stone_sword":1,"stat.pickup.spectrite.spectrite_bow":19,"stat.mineBlock.minecraft.sand":84,"stat.drop.spectrite.spectrite_sword":1,"stat.pickup.securitycraft.reinforced_cobblestone":1,"stat.drop.minecraft.sand":1,"stat.killEntity.Villager":2,"stat.craftItem.spartanshields.shield_basic_wood":3,"stat.craftItem.spectrite.spectrite_sword":5,"stat.drop.srparasites.ada_yelloweye_drop":1,"stat.useItem.minecraft.iron_pickaxe":151,"stat.useItem.minecraft.spawn_egg":99,"stat.craftItem.minecraft.wooden_pickaxe":1,"stat.drop.minecraft.cooked_mutton":3,"stat.craftItem.minecraft.bed":1,"stat.drop.gravestone.death_info":13,"stat.mineBlock.minecraft.vine":1,"stat.craftItem.blockarmor.furnace_leggings":1,"stat.furnaceInteraction":70,"stat.mineBlock.minecraft.rail":1,"stat.pickup.srparasites.lurecomponent1":13,"stat.pickup.blockarmor.furnace_leggings":1,"stat.pickup.srparasites.lurecomponent4":4,"stat.useItem.minecraft.cooked_mutton":25,"stat.pickup.minecraft.furnace":15,"stat.pickup.blockarmor.stone_3_boots":1,"stat.pickup.spectrite.spectrite_bone":3210,"stat.drop.minecraft.furnace":8,"stat.pickup.spectrite.spectrite_blaze_rod":15,"stat.drop.minecraft.jungle_boat":1,"stat.deaths":5,"stat.useItem.spectrite.spectrite_bone_block":68,"stat.pickup.minecraft.egg":5,"stat.playOneMinute":612814,"stat.craftItem.minecraft.iron_pickaxe":1,"stat.drop.minecraft.torch":32,"stat.mineBlock.minecraft.tallgrass":27,"stat.craftItem.minecraft.cooked_mutton":38,"stat.pickup.minecraft.netherrack":5,"stat.chestOpened":166,"stat.mineBlock.spectrite.spectrite_bone_block":3,"stat.drop.srparasites.lurecomponent1":8,"stat.useItem.minecraft.stone":42,"stat.drop.srparasites.lurecomponent4":3,"stat.mineBlock.minecraft.netherrack":5,"stat.pickup.minecraft.arrow":21,"stat.pickup.minecraft.iron_sword":2,"stat.pickup.spectrite.spectrite_sword_2":6,"stat.killEntity.Ghast":2,"stat.craftItem.minecraft.coal":87,"stat.drop.minecraft.iron_pickaxe":1,"stat.pickup.minecraft.cooked_chicken":1,"stat.drop.spectrite.spectrite_chestplate":1,"stat.fallOneCm":1293055,"stat.drop.minecraft.stone":154,"stat.craftItem.supertools.hammerstone":1,"stat.crouchOneCm":158728,"stat.pickup.minecraft.rail":2,"stat.mineBlock.minecraft.chest":1,"stat.craftItem.minecraft.iron_ingot":26,"stat.craftItem.minecraft.chest":4,"stat.drop.blockarmor.furnace_chestplate":1,"stat.useItem.spectrite.spectrite_sword_2":775,"stat.useItem.spectrite.spectrite_shovel":1643,"stat.craftingTableInteraction":59,"stat.killEntity.SpectriteCreeper":35,"stat.useItem.minecraft.furnace":8,"stat.pickup.minecraft.dye":51,"stat.pickup.minecraft.planks":129,"stat.pickup.blockarmor.stone_3_helmet":1,"stat.pickup.minecraft.wheat_seeds":2,"stat.mineBlock.minecraft.gravel":4,"stat.useItem.minecraft.stone_pickaxe":131,"stat.mineBlock.minecraft.glass":1,"stat.useItem.minecraft.stone_sword":25,"stat.mineBlock.minecraft.dirt":1649,"stat.drop.minecraft.reeds":3,"stat.pickup.spectrite.spectrite_leggings":12,"stat.drop.minecraft.stick":6,"stat.useItem.minecraft.torch":29,"stat.pickup.blockarmor.furnace_boots":1,"stat.craftItem.minecraft.redstone_block":3,"stat.drop.minecraft.porkchop":3,"stat.pickup.minecraft.crafting_table":7,"stat.useItem.minecraft.cobblestone":153,"stat.craftItem.minecraft.crafting_table":4,"stat.drop.srparasites.parasitecanister":1,"stat.craftItem.minecraft.boat":1,"stat.pickup.blockarmor.furnace_chestplate":1,"stat.pickup.minecraft.log":128,"stat.drop.spectrite.spectrite_shovel":1,"stat.drop.minecraft.stonebrick":1,"stat.pickup.minecraft.iron_pickaxe":2,"stat.craftItem.minecraft.gold_ingot":18,"stat.drop.minecraft.planks":39,"stat.pickup.spectrite.spectrite_bone_block":68,"stat.pickup.minecraft.sapling":14,"stat.craftItem.blockarmor.furnace_boots":1,"stat.craftItem.blockarmor.stone_3_chestplate":1,"stat.pickup.spectrite.spectrite_wither_skeleton_skull":18,"stat.craftItem.minecraft.planks":160,"stat.useItem.minecraft.iron_sword":1,"stat.pickup.spectrite.spectrite_helmet":15,"stat.useItem.minecraft.stonebrick":132,"stat.pickup.spectrite.spectrite_bow_special":10,"stat.mineBlock.minecraft.log":103,"stat.craftItem.minecraft.cooked_chicken":17,"stat.sneakTime":39467,"stat.pickup.minecraft.wool":32,"stat.pickup.spectrite.spectrite_sword":55,"stat.pickup.minecraft.chest":1,"stat.drop.minecraft.stone_pickaxe":2,"stat.pickup.minecraft.bone":200,"stat.craftItem.minecraft.jungle_boat":1,"stat.useItem.minecraft.iron_axe":89,"stat.mineBlock.minecraft.cobblestone":64,"stat.pickup.minecraft.stone_pickaxe":1,"stat.useItem.spectrite.spectrite_sword_special":16,"stat.drop.minecraft.mossy_cobblestone":3,"stat.craftItem.minecraft.bone":621,"stat.mineBlock.srparasites.gore":58,"stat.pickup.spectrite.spectrite_sword_special":13,"stat.swimOneCm":78061,"stat.pickup.spectrite.spectrite_boots":25,"stat.drop.spectrite.spectrite_bone":8,"stat.climbOneCm":24786,"stat.drop.minecraft.cobblestone":152,"stat.pickup.spartanshields.shield_basic_iron":4,"stat.pickup.minecraft.cooked_porkchop":127,"stat.craftItem.spectrite.spectrite_pickaxe":1,"stat.useItem.minecraft.dirt":134,"stat.useItem.minecraft.stone_slab2":88,"stat.pickup.minecraft.bow":3,"stat.useItem.minecraft.jungle_boat":2,"stat.craftItem.minecraft.furnace":35,"stat.craftItem.spectrite.spectrite_leggings":1,"stat.craftItem.minecraft.lapis_block":6,"stat.useItem.minecraft.egg":2,"stat.craftItem.spartanshields.shield_basic_iron":3,"stat.craftItem.minecraft.spruce_boat":1,"stat.pickup.minecraft.anvil":1,"stat.useItem.minecraft.iron_ore":9,"stat.craftItem.minecraft.stone_pickaxe":11,"stat.mineBlock.minecraft.obsidian":3,"stat.pickup.minecraft.cobblestone":1484,"stat.drop.spectrite.spectrite_bone_block":2,"stat.useItem.minecraft.stone_shovel":39,"stat.flyOneCm":2394727,"stat.useItem.minecraft.cooked_beef":3,"stat.craftItem.blockarmor.stone_3_leggings":1,"stat.mineBlock.minecraft.iron_ore":109,"stat.timeSinceDeath":265136,"stat.pickup.minecraft.mutton":101,"stat.pickup.minecraft.mossy_cobblestone":5,"stat.killEntity.Bat":1,"stat.craftItem.spectrite.spectrite_chestplate":3,"stat.pickup.spectrite.spectrite_arrow":88,"stat.pickup.minecraft.stonebrick":158,"stat.drop.minecraft.dirt":204,"stat.useItem.minecraft.cooked_porkchop":113,"stat.mineBlock.minecraft.coal_ore":65,"stat.drop.minecraft.wool":2,"stat.drop.minecraft.spawn_egg":2,"stat.pickup.minecraft.string":1,"stat.pickup.blockarmor.stone_3_leggings":1,"stat.pickup.spectrite.spectrite_brick":4,"stat.craftItem.minecraft.stone_slab2":0,"stat.sprintOneCm":691977,"stat.craftItem.minecraft.stick":52,"stat.useItem.carryon.tile_item":7,"stat.craftItem.minecraft.stone":65,"stat.craftItem.minecraft.gold_nugget":108,"stat.mineBlock.minecraft.crafting_table":7,"stat.drop.srparasites.ada_longarms_drop":1,"stat.useItem.spectrite.spectrite_pickaxe":62,"stat.pickup.minecraft.spawn_egg":165,"stat.mineBlock.minecraft.planks":51,"stat.drop":101,"stat.killEntity.Sheep":15,"stat.pickup.spectrite.spectrite_gem":96,"stat.pickup.spectrite.spectrite_shovel":6,"stat.killEntity.Zombie":4,"stat.craftItem.minecraft.dye":54,"stat.pickup.spectrite.spectrite_sand":162,"stat.mineBlock.minecraft.gold_ore":6,"stat.diveOneCm":80877,"stat.drop.improvableskills.skills_book":1,"stat.mineBlock.minecraft.mossy_cobblestone":5,"stat.pickup.minecraft.gravel":1,"stat.craftItem.minecraft.cooked_porkchop":121,"stat.mineBlock.minecraft.anvil":1,"stat.pickup.minecraft.stone_axe":2,"stat.craftItem.spectrite.spectrite_helmet":2,"stat.useItem.minecraft.porkchop":4,"stat.drop.minecraft.cooked_porkchop":36,"stat.jump":8113,"stat.pickup.minecraft.coal":222,"stat.drop.spectrite.spectrite_sword_2":2,"stat.pickup.minecraft.iron_ingot":98,"stat.drop.spectrite.spectrite_boots":1,"stat.useItem.minecraft.stone_axe":110,"stat.pickup.minecraft.gunpowder":8,"stat.craftItem.minecraft.torch":28,"stat.useItem.spectrite.spectrite_bow":37,"stat.pickup.minecraft.dirt":664,"stat.useItem.minecraft.cooked_chicken":17,"stat.pickup.minecraft.iron_ore":29,"stat.useItem.minecraft.glass":14,"stat.boatOneCm":508534,"stat.mineBlock.minecraft.lapis_ore":9,"stat.pickup.minecraft.iron_axe":3,"stat.mineBlock.minecraft.stone_stairs":4,"stat.damageTaken":15846,"stat.mineBlock.minecraft.torch":9,"stat.mineBlock.minecraft.furnace":7,"stat.useItem.minecraft.wooden_pickaxe":32,"stat.useItem.spectrite.spectrite_pickaxe_special":428,"stat.pickup.srparasites.ada_yelloweye_drop":2,"stat.pickup.srparasites.assimilated_flesh":4,"stat.pickup.minecraft.reeds":3,"stat.pickup.minecraft.bed":12,"stat.pickup.srparasites.canisteractive":1,"stat.damageDealt":209437,"stat.craftItem.minecraft.glass":20,"stat.sleepInBed":29,"stat.killEntity.Pig":35,"stat.pickup.spectrite.spectrite_pickaxe_special":3,"stat.craftItem.minecraft.stone_shovel":1,"stat.pickup.blockarmor.stone_3_chestplate":1,"stat.walkOneCm":881981,"stat.playerKills":2,"stat.pickup.minecraft.stick":3,"stat.killEntity.SpectriteWitherSkeleton":3135,"stat.useItem.minecraft.spruce_boat":1,"stat.mineBlock.srparasites.canisteractive":1,"stat.pickup.spectrite.spectrite_chestplate":14,"stat.drop.srparasites.ada_arachnida_drop":2,"stat.pickup.minecraft.stone":513,"stat.mineBlock.minecraft.wool":2,"stat.craftItem.minecraft.redstone":27,"stat.pickup.minecraft.ender_pearl":1,"stat.useItem.supertools.hammerstone":131,"stat.pickup.minecraft.cooked_beef":3,"stat.drop.srparasites.assimilated_flesh":1,"stat.pickup.minecraft.gold_ingot":6,"stat.useItem.minecraft.netherrack":1,"stat.killEntity.Skeleton":5,"stat.mineBlock.minecraft.stonebrick":36,"stat.killEntity.Chicken":1,"stat.mineBlock.minecraft.quartz_ore":1,"stat.craftItem.blockarmor.furnace_helmet":1,"stat.mobKills":3411,"stat.useItem.minecraft.boat":1,"stat.pickup.minecraft.diamond":30,"stat.mineBlock.minecraft.leaves":22,"stat.pickup.minecraft.torch":52,"stat.mineBlock.srparasites.parasitecanister":9,"stat.craftItem.blockarmor.stone_3_helmet":1,"stat.drop.spectrite.spectrite_bow_special":1,"stat.craftItem.minecraft.coal_block":9,"stat.drop.minecraft.stone_axe":2,"stat.pickup.minecraft.jungle_boat":2,"stat.mineBlock.minecraft.stone":1568}