{"stats":{"minecraft:used":{"minecraft:moss_block":3,"minecraft:iron_shovel":50,"minecraft:flint_and_steel":3,"minecraft:shield":23,"minecraft:iron_sword":140,"minecraft:rotten_flesh":12,"minecraft:torch":2,"minecraft:dirt":30,"iceandfire:pixie_dust":3,"minecraft:brick_slab":1,"minecraft:tuff":1,"minecraft:granite":1,"minecraft:stripped_spruce_log":1,"minecraft:honey_bottle":4,"minecraft:iron_helmet":1,"minecraft:bow":44,"minecraft:gray_bed":2,"minecraft:cooked_beef":5,"minecraft:brown_bed":1,"minecraft:leather_leggings":1,"minecraft:baked_potato":1,"minecraft:leather_chestplate":1,"minecraft:salmon":1,"minecraft:tnt":2,"minecraft:crafting_table":2,"minecraft:crossbow":3,"minecraft:dark_prismarine":4,"minecraft:apple":4,"minecraft:firework_rocket":3,"minecraft:bread":36,"waystones:mossy_waystone":2,"minecraft:iron_pickaxe":171,"minecraft:suspicious_stew":1,"minecraft:fishing_rod":1,"minecraft:cobblestone":21,"minecraft:experience_bottle":33,"minecraft:bone_meal":1},"minecraft:custom":{"lootr:looted_stat":81,"minecraft:mob_kills":20,"minecraft:interact_with_crafting_table":7,"minecraft:bell_ring":1,"minecraft:eat_cake_slice":11,"minecraft:leave_game":1,"minecraft:time_since_death":64567,"minecraft:climb_one_cm":30535,"minecraft:sprint_one_cm":394189,"minecraft:walk_one_cm":370934,"minecraft:damage_blocked_by_shield":670,"minecraft:drop":80,"minecraft:talked_to_villager":2,"minecraft:play_time":183720,"minecraft:deaths":1,"minecraft:sneak_time":12311,"minecraft:walk_under_water_one_cm":16579,"minecraft:boat_one_cm":186642,"minecraft:jump":4063,"minecraft:walk_on_water_one_cm":49125,"minecraft:total_world_time":183720,"minecraft:sleep_in_bed":7,"minecraft:time_since_rest":21291,"minecraft:waystone_activated":4,"minecraft:damage_taken":4519,"minecraft:damage_dealt":5574,"minecraft:swim_one_cm":94051,"minecraft:fly_one_cm":853664,"minecraft:open_chest":9,"minecraft:crouch_one_cm":27604,"minecraft:interact_with_smoker":1,"minecraft:fall_one_cm":112000},"minecraft:broken":{"minecraft:leather_leggings":1},"minecraft:crafted":{"minecraft:oak_planks":8,"minecraft:raw_iron":81,"minecraft:bone_meal":5,"minecraft:raw_iron_block":9,"minecraft:emerald":36,"minecraft:crafting_table":2,"minecraft:bread":2,"minecraft:emerald_block":4},"minecraft:picked_up":{"minecraft:iron_chestplate":2,"iceandfire:pixie_house_oak":2,"minecraft:leather_leggings":2,"minecraft:magenta_carpet":1,"minecraft:brown_bed":1,"minecraft:enchanted_book":4,"minecraft:stone_brick_stairs":1,"minecraft:shield":1,"minecraft:string":1,"minecraft:iron_leggings":2,"minecraft:pufferfish":2,"minecraft:cracked_stone_bricks":4,"improvableskills:scroll_normal":1,"minecraft:spruce_planks":5,"minecraft:eye_armor_trim_smithing_template":2,"minecraft:rose_bush":2,"minecraft:iron_boots":1,"iceandfire:pixie_dust":3,"minecraft:raw_iron":87,"iceandfire:dragonbone":3,"minecraft:torch":3,"minecraft:bowl":2,"minecraft:redstone":2,"minecraft:stone_pressure_plate":5,"iceandfire:dragon_skull_ice":2,"minecraft:tnt":1,"minecraft:honey_bottle":1,"minecraft:rotten_flesh":21,"minecraft:arrow":43,"minecraft:obsidian":36,"minecraft:cod":1,"minecraft:cobblestone":30,"minecraft:leather_chestplate":1,"minecraft:salmon":1,"minecraft:leather":1,"minecraft:lily_pad":1,"minecraft:tuff":5,"minecraft:oak_log":2,"scalinghealth:bandages":1,"minecraft:lapis_lazuli":18,"minecraft:dirt":33,"minecraft:lantern":2,"iceandfire:pixie_house_mushroom_red":3,"minecraft:purple_carpet":4,"minecraft:bone":10,"minecraft:stone_bricks":7,"minecraft:wheat_seeds":4,"minecraft:iron_ingot":5,"minecraft:mossy_stone_bricks":1,"minecraft:glass_bottle":1,"minecraft:bamboo":2,"minecraft:polished_andesite_slab":2,"minecraft:moss_block":5,"minecraft:gray_bed":2,"minecraft:iron_sword":1,"minecraft:book":15,"scalinghealth:heart_crystal_shard":4,"waystones:mossy_waystone":2,"minecraft:poisonous_potato":2,"minecraft:stripped_spruce_log":2,"iceandfire:pixie_wings":1,"minecraft:leather_helmet":1,"minecraft:dark_prismarine":4,"minecraft:brick_slab":1,"minecraft:sugar":1,"improvableskills:skills_book":1,"iceandfire:pixie_house_spruce":1,"minecraft:granite":1,"minecraft:golden_apple":2,"scalinghealth:cursed_heart":2,"minecraft:emerald":4,"minecraft:terracotta":5,"minecraft:rooted_dirt":2,"minecraft:coal":1,"iceandfire:raw_silver":2,"minecraft:sunflower":1},"minecraft:killed":{"minecraft:witch":3,"minecraft:skeleton":7,"minecraft:iron_golem":1,"minecraft:pillager":1,"minecraft:zombie":1,"iceandfire:pixie":6,"minecraft:cow":1},"minecraft:mined":{"minecraft:dark_prismarine_stairs":10,"minecraft:dark_prismarine":5,"minecraft:tuff":5,"minecraft:spruce_planks":5,"iceandfire:silver_ore":1,"gravestone:gravestone":1,"minecraft:grass_block":23,"iceandfire:pixie_house_oak":2,"minecraft:polished_andesite_slab":2,"minecraft:moss_block":2,"minecraft:rooted_dirt":1,"minecraft:spawner":1,"minecraft:light_blue_stained_glass":6,"minecraft:iron_ore":63,"minecraft:fire":6,"minecraft:acacia_wood":4,"minecraft:stripped_spruce_log":1,"minecraft:brown_bed":1,"minecraft:bookshelf":5,"minecraft:deepslate_iron_ore":26,"minecraft:iron_bars":1,"minecraft:purple_carpet":4,"minecraft:packed_ice":8,"minecraft:stone":13,"minecraft:acacia_leaves":1,"minecraft:magenta_carpet":1,"minecraft:cyan_stained_glass_pane":5,"minecraft:white_stained_glass_pane":1,"minecraft:rose_bush":2,"minecraft:tall_grass":3,"minecraft:cobblestone":10,"minecraft:green_stained_glass_pane":2,"minecraft:wall_torch":2,"minecraft:seagrass":1,"minecraft:coarse_dirt":1,"minecraft:brick_slab":2,"minecraft:ice":10,"minecraft:gray_bed":2,"minecraft:birch_leaves":1,"iceandfire:pixie_house_mushroom_red":3,"minecraft:tnt":1,"minecraft:stone_brick_stairs":1,"minecraft:grass":23,"minecraft:oak_log":2,"minecraft:coal_ore":1,"minecraft:sunflower":5,"minecraft:dirt":36,"minecraft:cobweb":2,"minecraft:cracked_stone_bricks":3,"minecraft:smooth_basalt":2,"minecraft:terracotta":6,"minecraft:stone_bricks":7,"minecraft:mossy_stone_bricks":1,"minecraft:oak_leaves":16,"minecraft:fern":4},"minecraft:dropped":{"minecraft:enchanted_book":3,"minecraft:bread":1,"minecraft:stripped_spruce_log":1,"iceandfire:raw_silver":2,"iceandfire:pixie_house_mushroom_red":3,"minecraft:moss_block":2,"minecraft:magenta_carpet":1,"scalinghealth:cursed_heart":2,"minecraft:bookshelf":8,"minecraft:poisonous_potato":2,"minecraft:cobblestone":8,"minecraft:book":19,"minecraft:lantern":2,"minecraft:rooted_dirt":2,"minecraft:leather":2,"minecraft:saddle":1,"iceandfire:pixie_house_oak":2,"minecraft:pufferfish":2,"minecraft:dirt":3,"minecraft:torch":1,"minecraft:rose_bush":2,"minecraft:jungle_sapling":5,"gravestone:obituary":1,"minecraft:sunflower":1,"minecraft:iron_pickaxe":1,"minecraft:string":8,"minecraft:lily_pad":1,"iceandfire:dragonbone":3,"minecraft:bowl":3,"minecraft:obsidian":36,"minecraft:oak_planks":4,"iceandfire:pixie_house_spruce":1,"iceandfire:dragon_skull_ice":1,"minecraft:honey_bottle":5,"minecraft:eye_armor_trim_smithing_template":1,"minecraft:leather_chestplate":1,"minecraft:potato":2,"minecraft:spruce_planks":1,"minecraft:jungle_log":3,"minecraft:melon_seeds":8,"minecraft:leather_boots":1,"minecraft:leather_leggings":2,"minecraft:stone_pressure_plate":5,"minecraft:bamboo":3,"minecraft:arrow":4,"minecraft:bow":1,"minecraft:purple_carpet":4,"minecraft:terracotta":5},"minecraft:killed_by":{"minecraft:player":1}},"DataVersion":3465}