{"stats":{"minecraft:used":{"minecraft:stone_axe":16,"minecraft:dirt":1,"minecraft:crafting_table":1,"minecraft:stone_pickaxe":54,"minecraft:wooden_pickaxe":11,"minecraft:spruce_sapling":1},"minecraft:custom":{"minecraft:time_since_rest":5045,"minecraft:crouch_one_cm":478,"minecraft:play_time":5045,"minecraft:sprint_one_cm":5850,"minecraft:damage_taken":20,"minecraft:walk_one_cm":7925,"minecraft:sneak_time":143,"minecraft:drop":1,"minecraft:jump":24,"minecraft:time_since_death":5045,"minecraft:total_world_time":5045,"minecraft:fall_one_cm":404,"minecraft:interact_with_crafting_table":3,"minecraft:fly_one_cm":2579},"minecraft:crafted":{"minecraft:stone_axe":1,"minecraft:crafting_table":1,"minecraft:spruce_planks":24,"minecraft:stick":8,"minecraft:wooden_pickaxe":1,"minecraft:stone_pickaxe":1},"minecraft:dropped":{"minecraft:stone_pickaxe":1},"minecraft:picked_up":{"minecraft:stick":1,"minecraft:spruce_sapling":1,"minecraft:spruce_log":22,"minecraft:cobblestone":62,"minecraft:dirt":1},"minecraft:mined":{"minecraft:grass_block":1,"minecraft:spruce_leaves":5,"minecraft:spruce_log":22,"minecraft:stone":64}},"DataVersion":3465}