{"stats":{"minecraft:broken":{"minecraft:leather_leggings":1,"minecraft:iron_sword":1},"minecraft:picked_up":{"minecraft:iron_chestplate":4,"minecraft:flower_pot":2,"minecraft:magenta_carpet":1,"minecraft:brown_bed":1,"minecraft:enchanted_book":7,"minecraft:stone_brick_stairs":1,"minecraft:string":4,"minecraft:iron_leggings":2,"minecraft:pufferfish":2,"minecraft:cobbled_deepslate":20,"minecraft:spruce_planks":10,"minecraft:eye_armor_trim_smithing_template":2,"minecraft:rose_bush":2,"minecraft:azalea":2,"minecraft:iron_boots":2,"iceandfire:pixie_dust":3,"minecraft:stick":3,"minecraft:torch":4,"minecraft:spruce_stairs":2,"minecraft:rotten_flesh":26,"minecraft:honey_bottle":1,"minecraft:obsidian":36,"minecraft:cod":1,"minecraft:cobblestone":34,"iceandfire:sapphire_gem":1,"minecraft:leather_chestplate":1,"minecraft:tuff":5,"minecraft:lapis_lazuli":18,"minecraft:dirt":65,"lootr:trophy":2,"minecraft:lantern":2,"minecraft:purple_carpet":4,"minecraft:bone":23,"minecraft:acacia_planks":2,"minecraft:bow":1,"minecraft:wheat_seeds":9,"minecraft:mossy_stone_bricks":1,"minecraft:bamboo":4,"minecraft:moss_block":7,"minecraft:oak_planks":3,"minecraft:mossy_stone_brick_stairs":1,"minecraft:poisonous_potato":2,"minecraft:stripped_spruce_log":2,"iceandfire:pixie_wings":1,"minecraft:dark_prismarine":6,"minecraft:polished_andesite":15,"minecraft:sugar":1,"improvableskills:skills_book":1,"waystones:waystone":1,"minecraft:granite":5,"minecraft:golden_apple":2,"minecraft:bread":16,"scalinghealth:cursed_heart":2,"minecraft:emerald":4,"minecraft:rooted_dirt":2,"minecraft:bricks":3,"iceandfire:raw_silver":2,"minecraft:crafting_table":1,"minecraft:allium":1,"minecraft:ladder":2,"iceandfire:pixie_house_oak":2,"minecraft:leather_leggings":2,"minecraft:shield":1,"minecraft:blackstone":19,"minecraft:cracked_stone_bricks":4,"improvableskills:scroll_normal":2,"minecraft:birch_sapling":1,"minecraft:spruce_trapdoor":3,"minecraft:phantom_membrane":1,"minecraft:raw_iron":88,"iceandfire:dragonbone":3,"minecraft:bowl":2,"minecraft:redstone":7,"minecraft:stone_pressure_plate":5,"minecraft:purple_terracotta":16,"iceandfire:dragon_skull_ice":2,"minecraft:tnt":2,"minecraft:arrow":68,"minecraft:hay_block":4,"sophisticatedbackpacks:copper_backpack":1,"minecraft:glow_berries":2,"minecraft:salmon":1,"minecraft:leather":1,"minecraft:red_glazed_terracotta":2,"minecraft:acacia_wood":1,"minecraft:lily_pad":1,"minecraft:oak_log":2,"scalinghealth:bandages":3,"scalinghealth:heart_crystal":1,"iceandfire:pixie_house_mushroom_red":3,"minecraft:apple":5,"minecraft:stone_bricks":7,"minecraft:iron_ingot":5,"scalinghealth:power_crystal_shard":4,"minecraft:glass_bottle":7,"minecraft:polished_andesite_slab":2,"minecraft:gray_bed":2,"minecraft:iron_sword":1,"minecraft:book":15,"minecraft:smooth_basalt":18,"scalinghealth:heart_crystal_shard":4,"minecraft:stone_brick_slab":3,"waystones:mossy_waystone":2,"minecraft:spider_eye":1,"minecraft:leather_helmet":1,"minecraft:brick_slab":1,"iceandfire:pixie_house_spruce":1,"minecraft:terracotta":10,"minecraft:coal":1,"minecraft:sunflower":1},"minecraft:used":{"minecraft:moss_block":3,"minecraft:iron_shovel":87,"sophisticatedbackpacks:copper_backpack":1,"minecraft:ladder":2,"minecraft:shield":28,"minecraft:iron_sword":381,"lootr:trophy":1,"minecraft:rotten_flesh":12,"minecraft:brick_slab":1,"minecraft:tuff":1,"minecraft:stripped_spruce_log":1,"minecraft:honey_bottle":12,"minecraft:bricks":3,"minecraft:iron_helmet":1,"minecraft:bow":55,"minecraft:hay_block":4,"minecraft:gray_bed":2,"minecraft:leather_leggings":1,"minecraft:oak_planks":2,"minecraft:blackstone":15,"minecraft:ender_pearl":8,"minecraft:leather_chestplate":1,"minecraft:glow_berries":3,"minecraft:crossbow":3,"minecraft:purple_terracotta":14,"waystones:waystone":1,"minecraft:firework_rocket":3,"scalinghealth:enchanted_heart":1,"minecraft:bread":67,"minecraft:bone_meal":1,"minecraft:experience_bottle":58,"minecraft:flint_and_steel":22,"minecraft:spruce_planks":3,"minecraft:torch":2,"minecraft:dirt":53,"iceandfire:pixie_dust":3,"minecraft:spruce_stairs":2,"minecraft:granite":5,"minecraft:stone_brick_slab":3,"minecraft:smooth_basalt":18,"minecraft:cooked_beef":6,"minecraft:acacia_planks":2,"minecraft:cobbled_deepslate":10,"minecraft:brown_bed":1,"minecraft:polished_andesite":9,"minecraft:baked_potato":1,"minecraft:salmon":1,"minecraft:terracotta":4,"minecraft:tnt":4,"minecraft:crafting_table":4,"minecraft:diamond_pickaxe":2,"minecraft:dark_prismarine":6,"minecraft:apple":8,"minecraft:suspicious_stew":1,"minecraft:iron_pickaxe":299,"waystones:mossy_waystone":2,"minecraft:fishing_rod":1,"minecraft:cobblestone":23,"minecraft:potion":1},"minecraft:dropped":{"iceandfire:raw_silver":2,"minecraft:moss_block":4,"minecraft:baked_potato":1,"minecraft:ender_pearl":2,"minecraft:glass_bottle":8,"minecraft:lantern":2,"minecraft:rooted_dirt":2,"minecraft:leather":2,"minecraft:mossy_stone_brick_stairs":1,"minecraft:saddle":1,"iceandfire:pixie_house_oak":2,"minecraft:dirt":12,"minecraft:jungle_sapling":5,"gravestone:obituary":2,"minecraft:sunflower":1,"minecraft:iron_pickaxe":1,"minecraft:bone":5,"minecraft:red_glazed_terracotta":2,"lootr:trophy":1,"minecraft:blackstone":4,"minecraft:cooked_chicken":1,"minecraft:obsidian":36,"minecraft:rotten_flesh":2,"minecraft:oak_planks":5,"iceandfire:pixie_house_spruce":1,"minecraft:honey_bottle":5,"minecraft:eye_armor_trim_smithing_template":1,"minecraft:leather_chestplate":1,"minecraft:melon_seeds":8,"minecraft:jungle_log":3,"minecraft:leather_boots":1,"minecraft:azalea":1,"minecraft:leather_leggings":2,"minecraft:arrow":5,"minecraft:purple_carpet":4,"minecraft:enchanted_book":8,"minecraft:bread":17,"minecraft:stripped_spruce_log":1,"minecraft:wheat_seeds":5,"iceandfire:pixie_house_mushroom_red":3,"minecraft:magenta_carpet":1,"scalinghealth:cursed_heart":2,"minecraft:bookshelf":8,"minecraft:poisonous_potato":2,"minecraft:book":19,"minecraft:iron_helmet":1,"minecraft:cobblestone":10,"scalinghealth:heart_crystal_shard":4,"minecraft:apple":10,"minecraft:polished_andesite":5,"minecraft:stick":6,"minecraft:pufferfish":2,"minecraft:torch":1,"scalinghealth:heart_crystal":1,"minecraft:rose_bush":2,"minecraft:string":9,"minecraft:lily_pad":1,"iceandfire:dragonbone":3,"minecraft:bowl":3,"minecraft:iron_boots":1,"iceandfire:dragon_skull_ice":1,"improvableskills:skills_book":1,"minecraft:ender_eye":3,"minecraft:potato":2,"minecraft:flower_pot":2,"minecraft:allium":1,"minecraft:spruce_planks":1,"minecraft:spruce_trapdoor":3,"minecraft:iron_chestplate":3,"minecraft:stone_pressure_plate":5,"minecraft:spider_eye":1,"minecraft:bamboo":4,"minecraft:bow":2,"scalinghealth:bandages":2,"scalinghealth:enchanted_heart":1,"minecraft:terracotta":5},"minecraft:killed_by":{"minecraft:player":1},"minecraft:killed":{"minecraft:witch":3,"minecraft:spider":2,"minecraft:skeleton":27,"minecraft:iron_golem":1,"minecraft:creeper":1,"minecraft:pillager":2,"minecraft:zombie":7,"iceandfire:pixie":6,"minecraft:cow":1,"minecraft:phantom":2,"minecraft:husk":1,"minecraft:bat":1,"iceandfire:myrmex_soldier":1},"minecraft:crafted":{"minecraft:oak_planks":8,"minecraft:raw_iron_block":9,"minecraft:emerald":36,"minecraft:crafting_table":3,"minecraft:emerald_block":4,"minecraft:stick":4,"minecraft:raw_iron":81,"minecraft:bone_meal":5,"sophisticatedbackpacks:iron_backpack":1,"minecraft:iron_sword":1,"sophisticatedbackpacks:gold_backpack":1,"minecraft:bread":2,"minecraft:acacia_planks":4},"minecraft:mined":{"minecraft:dark_prismarine_stairs":10,"minecraft:spruce_planks":11,"minecraft:jungle_leaves":9,"minecraft:cave_vines_plant":5,"minecraft:granite":6,"minecraft:stripped_crimson_hyphae":1,"minecraft:grass_block":42,"iceandfire:pixie_house_oak":2,"minecraft:spawner":2,"minecraft:light_blue_stained_glass":6,"minecraft:iron_ore":63,"minecraft:cobbled_deepslate":3,"minecraft:fire":14,"minecraft:granite_slab":2,"minecraft:brown_bed":1,"minecraft:cave_vines":6,"minecraft:dirt_path":1,"scalinghealth:deepslate_power_crystal_ore":4,"minecraft:iron_bars":1,"minecraft:purple_carpet":4,"minecraft:azalea":1,"sophisticatedbackpacks:copper_backpack":1,"minecraft:magenta_carpet":1,"minecraft:red_bed":1,"minecraft:blackstone":15,"minecraft:clay":4,"minecraft:white_stained_glass_pane":1,"iceandfire:sapphire_ore":1,"minecraft:cobblestone":11,"minecraft:oak_planks":5,"minecraft:wall_torch":3,"minecraft:seagrass":1,"lootr:trophy":1,"minecraft:lilac":1,"minecraft:tnt":2,"minecraft:stone_brick_stairs":1,"minecraft:grass":43,"minecraft:oak_log":2,"minecraft:dirt":36,"minecraft:smooth_basalt":22,"minecraft:deepslate":4,"minecraft:oak_leaves":23,"minecraft:dark_prismarine":7,"minecraft:tuff":5,"iceandfire:silver_ore":1,"gravestone:gravestone":2,"minecraft:ladder":1,"minecraft:dark_oak_fence":1,"minecraft:purple_terracotta":16,"minecraft:polished_andesite_slab":2,"minecraft:moss_block":7,"minecraft:rooted_dirt":2,"minecraft:hay_block":4,"iceandfire:jungle_myrmex_cocoon":1,"minecraft:redstone_ore":1,"minecraft:acacia_wood":5,"minecraft:stripped_spruce_log":1,"minecraft:bookshelf":5,"minecraft:deepslate_iron_ore":27,"minecraft:vine":1,"minecraft:packed_ice":8,"minecraft:bamboo":1,"minecraft:stone":16,"minecraft:potted_allium":1,"minecraft:acacia_leaves":1,"minecraft:glass_pane":1,"minecraft:crafting_table":1,"minecraft:cyan_stained_glass_pane":5,"minecraft:rose_bush":2,"minecraft:tall_grass":7,"minecraft:red_glazed_terracotta":1,"minecraft:green_stained_glass_pane":2,"minecraft:red_terracotta":5,"minecraft:coarse_dirt":5,"minecraft:brick_slab":2,"minecraft:ice":10,"minecraft:gray_bed":2,"iceandfire:myrmex_jungle_biolight":3,"minecraft:birch_leaves":18,"iceandfire:pixie_house_mushroom_red":3,"minecraft:coal_ore":1,"minecraft:sunflower":5,"minecraft:cobweb":6,"minecraft:cracked_stone_bricks":3,"minecraft:terracotta":16,"minecraft:acacia_planks":2,"minecraft:polished_andesite":12,"minecraft:stone_bricks":7,"minecraft:mossy_stone_bricks":1,"minecraft:fern":7},"minecraft:custom":{"lootr:looted_stat":182,"minecraft:interact_with_crafting_table":11,"minecraft:bell_ring":1,"minecraft:eat_cake_slice":11,"minecraft:leave_game":1,"minecraft:time_since_death":117986,"minecraft:sprint_one_cm":761342,"minecraft:damage_blocked_by_shield":880,"minecraft:drop":147,"minecraft:talked_to_villager":3,"minecraft:play_time":327387,"minecraft:deaths":2,"minecraft:jump":6241,"minecraft:walk_on_water_one_cm":64593,"minecraft:sleep_in_bed":8,"minecraft:waystone_activated":5,"minecraft:damage_dealt":20370,"minecraft:crouch_one_cm":45176,"minecraft:interact_with_smoker":1,"minecraft:mob_kills":56,"minecraft:climb_one_cm":58605,"minecraft:walk_one_cm":609919,"minecraft:sneak_time":21037,"minecraft:walk_under_water_one_cm":30541,"minecraft:boat_one_cm":186642,"minecraft:total_world_time":327387,"minecraft:time_since_rest":51086,"minecraft:damage_taken":7919,"minecraft:swim_one_cm":106039,"minecraft:fly_one_cm":1213090,"minecraft:open_chest":10,"minecraft:fall_one_cm":228918}},"DataVersion":3465}