{"stats":{"minecraft:broken":{"minecraft:wooden_axe":1,"minecraft:wooden_pickaxe":1},"minecraft:used":{"minecraft:wooden_axe":6,"minecraft:stone_shovel":1,"minecraft:stone_pickaxe":24,"minecraft:wooden_pickaxe":64,"minecraft:chest":2,"minecraft:clay":15,"minecraft:cobblestone_slab":25,"minecraft:stone_axe":31,"minecraft:dirt":13,"minecraft:cobblestone":21,"minecraft:oak_sapling":1,"minecraft:mushroom_stew":3},"minecraft:dropped":{"minecraft:andesite":4,"minecraft:cobblestone":12,"minecraft:granite":1,"minecraft:stone_pickaxe":2},"minecraft:custom":{"minecraft:time_since_rest":22585,"minecraft:sprint_one_cm":25829,"minecraft:damage_taken":5514,"minecraft:walk_one_cm":45824,"minecraft:mob_kills":2,"minecraft:drop":8,"minecraft:damage_dealt":598,"minecraft:interact_with_crafting_table":9,"minecraft:fly_one_cm":31313,"minecraft:open_chest":64,"minecraft:crouch_one_cm":26285,"minecraft:play_time":63084,"minecraft:deaths":8,"minecraft:sneak_time":13879,"minecraft:jump":246,"minecraft:leave_game":6,"minecraft:time_since_death":22313,"minecraft:total_world_time":63084,"minecraft:fall_one_cm":43481},"minecraft:picked_up":{"minecraft:birch_log":6,"minecraft:raw_iron":1,"minecraft:clay_ball":64,"minecraft:andesite":3,"minecraft:mushroom_stew":1,"minecraft:oak_log":28,"minecraft:diorite":5,"minecraft:dirt":33,"minecraft:stone_pickaxe":1,"minecraft:granite":3,"minecraft:cobblestone_slab":1,"minecraft:oak_sapling":2,"minecraft:chest":3,"minecraft:oak_planks":2,"minecraft:coal":1,"minecraft:cobblestone":66},"minecraft:killed":{"minecraft:zombie":2},"minecraft:crafted":{"minecraft:oak_planks":16,"minecraft:cobblestone_slab":24,"minecraft:stone_shovel":1,"minecraft:stick":12,"minecraft:wooden_pickaxe":1,"minecraft:stone_pickaxe":2,"minecraft:stone_axe":2,"minecraft:clay":15},"minecraft:mined":{"minecraft:iron_ore":1,"minecraft:birch_log":8,"minecraft:fire":2,"minecraft:andesite":10,"minecraft:clay":16,"minecraft:granite":3,"minecraft:coal_ore":2,"minecraft:grass_block":8,"minecraft:oak_log":28,"minecraft:cobblestone_slab":1,"minecraft:chest":3,"minecraft:dirt":19,"minecraft:cobblestone":21,"minecraft:stone":47,"minecraft:oak_leaves":6},"minecraft:killed_by":{"minecraft:player":1}},"DataVersion":3120}