{"stats":{"minecraft:mined":{"minecraft:oak_log":1,"minecraft:packed_ice":8,"minecraft:ice":10,"minecraft:light_blue_stained_glass":6,"minecraft:seagrass":1},"minecraft:picked_up":{"iceandfire:dragon_skull_ice":2,"minecraft:iron_leggings":1,"minecraft:leather_chestplate":1,"iceandfire:dragonbone":3,"minecraft:rotten_flesh":13,"minecraft:salmon":1,"minecraft:bowl":1,"minecraft:oak_log":1,"minecraft:bamboo":1},"minecraft:used":{"minecraft:rotten_flesh":12,"minecraft:salmon":1,"minecraft:leather_leggings":1,"minecraft:bread":7,"minecraft:suspicious_stew":1,"minecraft:iron_helmet":1,"minecraft:leather_chestplate":1,"minecraft:bone_meal":1},"minecraft:dropped":{"minecraft:moss_block":2,"iceandfire:dragon_skull_ice":1,"iceandfire:dragonbone":2},"minecraft:custom":{"minecraft:time_since_rest":41533,"minecraft:play_time":41533,"minecraft:crouch_one_cm":15271,"lootr:looted_stat":8,"minecraft:sprint_one_cm":86942,"minecraft:damage_taken":1129,"minecraft:walk_one_cm":93085,"minecraft:sneak_time":4782,"minecraft:walk_under_water_one_cm":9823,"minecraft:boat_one_cm":127737,"minecraft:drop":4,"minecraft:jump":841,"minecraft:damage_dealt":125,"minecraft:time_since_death":41533,"minecraft:walk_on_water_one_cm":11610,"minecraft:total_world_time":41533,"minecraft:interact_with_crafting_table":2,"minecraft:swim_one_cm":49259,"minecraft:fall_one_cm":3950,"minecraft:fly_one_cm":282798},"minecraft:crafted":{"minecraft:bone_meal":5}},"DataVersion":3465}