{"stats":{"minecraft:mined":{"gravestone:gravestone":1,"minecraft:dark_oak_log":3,"minecraft:dark_oak_stairs":1},"minecraft:picked_up":{"minecraft:bowl":2,"minecraft:dark_oak_log":2},"minecraft:used":{"minecraft:wooden_sword":20,"minecraft:dark_oak_log":1,"minecraft:cooked_cod":2,"minecraft:dried_kelp":1,"minecraft:suspicious_stew":2,"minecraft:cod":8,"minecraft:cooked_salmon":2},"minecraft:dropped":{"gravestone:obituary":1,"minecraft:tropical_fish":1,"minecraft:bowl":2},"minecraft:custom":{"minecraft:time_since_rest":9155,"minecraft:crouch_one_cm":2587,"minecraft:play_time":15907,"lootr:looted_stat":9,"minecraft:sprint_one_cm":6282,"minecraft:walk_one_cm":5305,"minecraft:damage_taken":1176,"minecraft:deaths":1,"minecraft:sneak_time":2191,"minecraft:walk_under_water_one_cm":12218,"minecraft:drop":4,"minecraft:damage_dealt_resisted":255,"minecraft:jump":86,"minecraft:damage_dealt":456,"minecraft:leave_game":1,"minecraft:time_since_death":9127,"minecraft:walk_on_water_one_cm":20698,"minecraft:total_world_time":15907,"minecraft:swim_one_cm":58968,"minecraft:interact_with_crafting_table":1,"minecraft:fall_one_cm":6660,"minecraft:fly_one_cm":9272,"minecraft:open_barrel":5},"minecraft:crafted":{"minecraft:wooden_sword":1,"minecraft:dark_oak_planks":4,"minecraft:stick":4}},"DataVersion":3465}