{"stats":{"minecraft:broken":{"minecraft:wooden_axe":1,"minecraft:wooden_pickaxe":1},"minecraft:used":{"minecraft:wheat_seeds":13,"minecraft:wooden_axe":6,"minecraft:stone_shovel":1,"minecraft:stone_pickaxe":24,"minecraft:iron_helmet":1,"minecraft:wooden_pickaxe":64,"minecraft:chest":2,"minecraft:clay":15,"minecraft:cobblestone_slab":25,"minecraft:stone_axe":33,"minecraft:dirt":13,"minecraft:cobblestone":21,"minecraft:oak_sapling":1,"minecraft:mushroom_stew":8,"minecraft:snowball":6},"minecraft:dropped":{"minecraft:andesite":4,"minecraft:cobblestone":12,"minecraft:granite":1,"minecraft:stone_pickaxe":2},"minecraft:custom":{"minecraft:time_since_rest":5117,"minecraft:interact_with_furnace":3,"minecraft:sprint_one_cm":100342,"minecraft:damage_taken":6104,"minecraft:walk_one_cm":88044,"minecraft:mob_kills":3,"minecraft:drop":8,"minecraft:damage_dealt":696,"minecraft:interact_with_crafting_table":9,"minecraft:fly_one_cm":61971,"minecraft:open_chest":119,"minecraft:crouch_one_cm":31919,"minecraft:play_time":99084,"minecraft:deaths":10,"minecraft:sneak_time":15928,"minecraft:boat_one_cm":2140,"minecraft:jump":377,"minecraft:leave_game":6,"minecraft:time_since_death":5077,"minecraft:total_world_time":99084,"minecraft:fall_one_cm":43899},"minecraft:picked_up":{"minecraft:birch_log":6,"minecraft:raw_iron":3,"minecraft:clay_ball":64,"minecraft:andesite":3,"minecraft:mushroom_stew":1,"minecraft:oak_log":30,"minecraft:diorite":5,"minecraft:dark_oak_log":2,"minecraft:dirt":34,"minecraft:bone":2,"minecraft:wheat_seeds":1,"minecraft:iron_helmet":1,"minecraft:stone_pickaxe":1,"minecraft:granite":4,"minecraft:cobblestone_slab":1,"minecraft:oak_sapling":2,"minecraft:chest":4,"minecraft:oak_planks":2,"minecraft:coal":1,"minecraft:cobblestone":77},"minecraft:killed":{"minecraft:zombie":2,"minecraft:stray":1},"minecraft:crafted":{"minecraft:oak_planks":16,"minecraft:cobblestone_slab":24,"minecraft:stone_shovel":1,"minecraft:stick":12,"minecraft:iron_ingot":11,"minecraft:wooden_pickaxe":1,"minecraft:stone_pickaxe":2,"minecraft:stone_axe":2,"minecraft:air":0,"minecraft:clay":15},"minecraft:mined":{"minecraft:iron_ore":1,"minecraft:birch_log":8,"minecraft:wheat":1,"minecraft:fire":7,"minecraft:dark_oak_log":1,"minecraft:andesite":10,"minecraft:clay":16,"minecraft:granite":3,"minecraft:coal_ore":2,"minecraft:grass_block":8,"minecraft:oak_log":28,"minecraft:cobblestone_slab":1,"minecraft:chest":3,"minecraft:dirt":19,"minecraft:cobblestone":21,"minecraft:spruce_leaves":1,"minecraft:stone":47,"minecraft:oak_leaves":6},"minecraft:killed_by":{"minecraft:player":1}},"DataVersion":3120}