{
  "minecraft:recipes/decorations/crafting_table": {
    "criteria": {
      "unlock_right_away": "2024-08-15 01:28:35 +0000"
    },
    "done": true
  },
  "lootr:root": {
    "criteria": {
      "always_true": "2024-08-15 01:28:35 +0000"
    },
    "done": true
  },
  "betterdeserttemples:root": {
    "criteria": {
      "always": "2024-08-15 01:28:35 +0000"
    },
    "done": true
  },
  "iceandfire:iceandfire/root": {
    "criteria": {
      "tick": "2024-08-15 01:28:35 +0000"
    },
    "done": true
  },
  "dungeons_arise:wda_root": {
    "criteria": {
      "WDA": "2024-08-15 01:28:35 +0000"
    },
    "done": true
  },
  "betterdungeons:root": {
    "criteria": {
      "always": "2024-08-15 01:28:35 +0000"
    },
    "done": true
  },
  "minecraft:adventure/adventuring_time": {
    "criteria": {
      "minecraft:deep_ocean": "2024-08-15 02:00:56 +0000",
      "minecraft:sunflower_plains": "2024-08-15 02:06:41 +0000",
      "minecraft:birch_forest": "2024-08-15 18:46:48 +0000",
      "minecraft:savanna_plateau": "2024-08-15 02:09:06 +0000",
      "minecraft:beach": "2024-08-15 02:06:57 +0000",
      "minecraft:stony_peaks": "2024-08-15 02:10:12 +0000",
      "minecraft:dark_forest": "2024-08-15 18:47:12 +0000",
      "minecraft:sparse_jungle": "2024-08-15 18:42:41 +0000",
      "minecraft:river": "2024-08-15 18:43:40 +0000",
      "minecraft:cold_ocean": "2024-08-15 01:29:23 +0000",
      "minecraft:deep_cold_ocean": "2024-08-15 01:59:22 +0000",
      "minecraft:frozen_ocean": "2024-08-15 01:28:38 +0000",
      "minecraft:deep_frozen_ocean": "2024-08-15 01:43:13 +0000",
      "minecraft:ocean": "2024-08-15 02:03:49 +0000",
      "minecraft:jungle": "2024-08-15 18:43:43 +0000",
      "minecraft:old_growth_spruce_taiga": "2024-08-15 18:46:49 +0000",
      "minecraft:savanna": "2024-08-15 18:12:01 +0000",
      "minecraft:plains": "2024-08-15 02:06:24 +0000"
    },
    "done": false
  },
  "minecraft:recipes/transportation/cherry_boat": {
    "criteria": {
      "in_water": "2024-08-15 01:29:11 +0000"
    },
    "done": true
  },
  "minecraft:recipes/transportation/bamboo_raft": {
    "criteria": {
      "in_water": "2024-08-15 01:29:11 +0000"
    },
    "done": true
  },
  "minecraft:recipes/transportation/spruce_boat": {
    "criteria": {
      "in_water": "2024-08-15 01:29:11 +0000"
    },
    "done": true
  },
  "minecraft:recipes/transportation/birch_boat": {
    "criteria": {
      "in_water": "2024-08-15 01:29:11 +0000"
    },
    "done": true
  },
  "minecraft:recipes/transportation/oak_boat": {
    "criteria": {
      "in_water": "2024-08-15 01:29:11 +0000"
    },
    "done": true
  },
  "minecraft:recipes/transportation/mangrove_boat": {
    "criteria": {
      "in_water": "2024-08-15 01:29:11 +0000"
    },
    "done": true
  },
  "minecraft:recipes/transportation/acacia_boat": {
    "criteria": {
      "in_water": "2024-08-15 01:29:11 +0000"
    },
    "done": true
  },
  "minecraft:recipes/transportation/jungle_boat": {
    "criteria": {
      "in_water": "2024-08-15 01:29:11 +0000"
    },
    "done": true
  },
  "minecraft:recipes/transportation/dark_oak_boat": {
    "criteria": {
      "in_water": "2024-08-15 01:29:11 +0000"
    },
    "done": true
  },
  "dungeons_arise:find_illager_corsair_or_illager_galley": {
    "criteria": {
      "location0": "2024-08-15 01:29:18 +0000"
    },
    "done": true
  },
  "lootr:social": {
    "criteria": {
      "opened_barrel": "2024-08-15 01:30:03 +0000",
      "opened_chest": "2024-08-15 01:47:55 +0000"
    },
    "done": false
  },
  "lootr:1barrel": {
    "criteria": {
      "opened_barrel": "2024-08-15 01:30:03 +0000"
    },
    "done": true
  },
  "minecraft:story/obtain_armor": {
    "criteria": {
      "iron_chestplate": "2024-08-15 01:30:04 +0000"
    },
    "done": true
  },
  "minecraft:recipes/misc/iron_nugget_from_smelting": {
    "criteria": {
      "has_iron_chestplate": "2024-08-15 01:30:04 +0000"
    },
    "done": true
  },
  "totw_modded:root": {
    "criteria": {
      "sample_trigger": "2024-08-15 01:30:04 +0000"
    },
    "done": true
  },
  "minecraft:recipes/misc/iron_nugget_from_blasting": {
    "criteria": {
      "has_iron_chestplate": "2024-08-15 01:30:04 +0000"
    },
    "done": true
  },
  "minecraft:recipes/combat/iron_leggings": {
    "criteria": {
      "has_iron_ingot": "2024-08-15 01:30:15 +0000"
    },
    "done": true
  },
  "minecraft:recipes/combat/iron_chestplate": {
    "criteria": {
      "has_iron_ingot": "2024-08-15 01:30:15 +0000"
    },
    "done": true
  },
  "ironchest:recipes/decorations/upgrades/wood_to_iron_chest_upgrade": {
    "criteria": {
      "has_iron_ingot": "2024-08-15 01:30:15 +0000"
    },
    "done": true
  },
  "constructionwand:recipes/tools/iron_wand": {
    "criteria": {
      "has_item": "2024-08-15 01:30:15 +0000"
    },
    "done": true
  },
  "minecraft:recipes/misc/iron_nugget": {
    "criteria": {
      "has_iron_ingot": "2024-08-15 01:30:15 +0000"
    },
    "done": true
  },
  "minecraft:recipes/misc/bucket": {
    "criteria": {
      "has_iron_ingot": "2024-08-15 01:30:15 +0000"
    },
    "done": true
  },
  "minecraft:recipes/combat/iron_helmet": {
    "criteria": {
      "has_iron_ingot": "2024-08-15 01:30:15 +0000"
    },
    "done": true
  },
  "minecraft:recipes/transportation/minecart": {
    "criteria": {
      "has_iron_ingot": "2024-08-15 01:30:15 +0000"
    },
    "done": true
  },
  "minecraft:recipes/tools/iron_hoe": {
    "criteria": {
      "has_iron_ingot": "2024-08-15 01:30:15 +0000"
    },
    "done": true
  },
  "minecraft:story/smelt_iron": {
    "criteria": {
      "iron": "2024-08-15 01:30:15 +0000"
    },
    "done": true
  },
  "ironchest:recipes/decorations/chests/copper_iron_chest": {
    "criteria": {
      "has_iron_ingot": "2024-08-15 01:30:15 +0000"
    },
    "done": true
  },
  "minecraft:recipes/tools/shears": {
    "criteria": {
      "has_iron_ingot": "2024-08-15 01:30:15 +0000"
    },
    "done": true
  },
  "minecraft:recipes/decorations/chain": {
    "criteria": {
      "has_iron_ingot": "2024-08-15 01:30:15 +0000"
    },
    "done": true
  },
  "minecraft:recipes/building_blocks/iron_block": {
    "criteria": {
      "has_iron_ingot": "2024-08-15 01:30:15 +0000"
    },
    "done": true
  },
  "minecraft:recipes/decorations/smithing_table": {
    "criteria": {
      "has_iron_ingot": "2024-08-15 01:30:15 +0000"
    },
    "done": true
  },
  "minecraft:recipes/combat/iron_sword": {
    "criteria": {
      "has_iron_ingot": "2024-08-15 01:30:15 +0000"
    },
    "done": true
  },
  "minecraft:recipes/tools/iron_pickaxe": {
    "criteria": {
      "has_iron_ingot": "2024-08-15 01:30:15 +0000"
    },
    "done": true
  },
  "minecraft:recipes/combat/shield": {
    "criteria": {
      "has_iron_ingot": "2024-08-15 01:30:15 +0000"
    },
    "done": true
  },
  "minecraft:recipes/redstone/hopper": {
    "criteria": {
      "has_iron_ingot": "2024-08-15 01:30:15 +0000"
    },
    "done": true
  },
  "minecraft:recipes/decorations/iron_bars": {
    "criteria": {
      "has_iron_ingot": "2024-08-15 01:30:15 +0000"
    },
    "done": true
  },
  "minecraft:recipes/combat/iron_boots": {
    "criteria": {
      "has_iron_ingot": "2024-08-15 01:30:15 +0000"
    },
    "done": true
  },
  "minecraft:recipes/decorations/lantern": {
    "criteria": {
      "has_iron_ingot": "2024-08-15 01:30:15 +0000"
    },
    "done": true
  },
  "minecraft:recipes/tools/iron_shovel": {
    "criteria": {
      "has_iron_ingot": "2024-08-15 01:30:15 +0000"
    },
    "done": true
  },
  "ironchest:recipes/decorations/upgrades/iron_to_gold_chest_upgrade": {
    "criteria": {
      "has_iron_ingot": "2024-08-15 01:30:15 +0000"
    },
    "done": true
  },
  "ironchest:recipes/decorations/upgrades/copper_to_iron_chest_upgrade": {
    "criteria": {
      "has_iron_ingot": "2024-08-15 01:30:15 +0000"
    },
    "done": true
  },
  "ironchest:recipes/decorations/chests/vanilla_iron_chest": {
    "criteria": {
      "has_iron_ingot": "2024-08-15 01:30:15 +0000"
    },
    "done": true
  },
  "minecraft:recipes/redstone/iron_trapdoor": {
    "criteria": {
      "has_iron_ingot": "2024-08-15 01:30:15 +0000"
    },
    "done": true
  },
  "minecraft:recipes/tools/iron_axe": {
    "criteria": {
      "has_iron_ingot": "2024-08-15 01:30:15 +0000"
    },
    "done": true
  },
  "minecraft:recipes/combat/crossbow": {
    "criteria": {
      "has_iron_ingot": "2024-08-15 01:30:15 +0000"
    },
    "done": true
  },
  "minecraft:recipes/redstone/iron_door": {
    "criteria": {
      "has_iron_ingot": "2024-08-15 01:30:15 +0000"
    },
    "done": true
  },
  "minecraft:recipes/redstone/heavy_weighted_pressure_plate": {
    "criteria": {
      "has_iron_ingot": "2024-08-15 01:30:15 +0000"
    },
    "done": true
  },
  "minecraft:husbandry/root": {
    "criteria": {
      "consumed_item": "2024-08-15 01:30:25 +0000"
    },
    "done": true
  },
  "minecraft:husbandry/balanced_diet": {
    "criteria": {
      "honey_bottle": "2024-08-15 19:38:55 +0000",
      "cooked_beef": "2024-08-15 19:36:22 +0000",
      "apple": "2024-08-15 02:09:52 +0000",
      "bread": "2024-08-15 01:30:25 +0000",
      "rotten_flesh": "2024-08-15 01:42:27 +0000",
      "suspicious_stew": "2024-08-15 01:58:46 +0000",
      "carrot": "2024-08-15 02:12:30 +0000"
    },
    "done": false
  },
  "minecraft:recipes/decorations/chest": {
    "criteria": {
      "has_lots_of_items": "2024-08-15 01:31:32 +0000"
    },
    "done": true
  },
  "minecraft:recipes/misc/coast_armor_trim_smithing_template_smithing_trim": {
    "criteria": {
      "has_smithing_trim_template": "2024-08-15 01:31:32 +0000"
    },
    "done": true
  },
  "minecraft:recipes/misc/coast_armor_trim_smithing_template": {
    "criteria": {
      "has_coast_armor_trim_smithing_template": "2024-08-15 01:31:32 +0000"
    },
    "done": true
  },
  "minecraft:recipes/transportation/carrot_on_a_stick": {
    "criteria": {
      "has_carrot": "2024-08-15 01:31:32 +0000"
    },
    "done": true
  },
  "minecraft:recipes/misc/stick_from_bamboo_item": {
    "criteria": {
      "has_bamboo": "2024-08-15 01:31:32 +0000"
    },
    "done": true
  },
  "minecraft:recipes/building_blocks/bamboo_block": {
    "criteria": {
      "has_bamboo": "2024-08-15 01:31:32 +0000"
    },
    "done": true
  },
  "minecraft:recipes/decorations/scaffolding": {
    "criteria": {
      "has_bamboo": "2024-08-15 01:31:32 +0000"
    },
    "done": true
  },
  "minecraft:recipes/building_blocks/mossy_cobblestone_from_moss_block": {
    "criteria": {
      "has_moss_block": "2024-08-15 01:31:33 +0000"
    },
    "done": true
  },
  "minecraft:recipes/decorations/moss_carpet": {
    "criteria": {
      "has_moss_block": "2024-08-15 01:31:33 +0000"
    },
    "done": true
  },
  "minecraft:recipes/building_blocks/mossy_stone_bricks_from_moss_block": {
    "criteria": {
      "has_moss_block": "2024-08-15 01:31:33 +0000"
    },
    "done": true
  },
  "iceandfire:recipes/misc/dragon_bone_wall": {
    "criteria": {
      "has_item": "2024-08-15 01:32:35 +0000"
    },
    "done": true
  },
  "iceandfire:recipes/tools/dragonbone_shovel": {
    "criteria": {
      "has_item": "2024-08-15 01:32:35 +0000"
    },
    "done": true
  },
  "iceandfire:recipes/misc/dragon_flute": {
    "criteria": {
      "has_item": "2024-08-15 01:32:35 +0000"
    },
    "done": true
  },
  "iceandfire:recipes/tools/dragonbone_axe": {
    "criteria": {
      "has_item": "2024-08-15 01:32:35 +0000"
    },
    "done": true
  },
  "iceandfire:recipes/tools/dragonbone_pickaxe": {
    "criteria": {
      "has_item": "2024-08-15 01:32:35 +0000"
    },
    "done": true
  },
  "iceandfire:recipes/misc/nest": {
    "criteria": {
      "has_item": "2024-08-15 01:32:35 +0000"
    },
    "done": true
  },
  "iceandfire:recipes/combat/dragonbone_bow": {
    "criteria": {
      "has_item": "2024-08-15 01:32:35 +0000"
    },
    "done": true
  },
  "iceandfire:recipes/building_blocks/dragon_bone_block": {
    "criteria": {
      "has_dragonbone": "2024-08-15 01:32:35 +0000"
    },
    "done": true
  },
  "iceandfire:recipes/tools/dragonbone_sword": {
    "criteria": {
      "has_item": "2024-08-15 01:32:35 +0000"
    },
    "done": true
  },
  "iceandfire:recipes/tools/dragonbone_hoe": {
    "criteria": {
      "has_item": "2024-08-15 01:32:35 +0000"
    },
    "done": true
  },
  "iceandfire:recipes/misc/dragon_horn": {
    "criteria": {
      "has_item": "2024-08-15 01:32:35 +0000"
    },
    "done": true
  },
  "iceandfire:iceandfire/kill_sea_serpent": {
    "criteria": {
      "killed_fire_dragon": "2024-08-15 01:35:34 +0000"
    },
    "done": true
  },
  "minecraft:adventure/root": {
    "criteria": {
      "killed_something": "2024-08-15 01:35:34 +0000"
    },
    "done": true
  },
  "iceandfire:recipes/combat/tide_trident": {
    "criteria": {
      "has_item": "2024-08-15 01:35:40 +0000"
    },
    "done": true
  },
  "iceandfire:recipes/combat/sea_serpent_arrow": {
    "criteria": {
      "has_item": "2024-08-15 01:35:40 +0000"
    },
    "done": true
  },
  "iceandfire:recipes/combat/tide_purple_helmet": {
    "criteria": {
      "has_item": "2024-08-15 01:35:47 +0000"
    },
    "done": true
  },
  "iceandfire:recipes/combat/tide_purple_leggings": {
    "criteria": {
      "has_item": "2024-08-15 01:35:47 +0000"
    },
    "done": true
  },
  "iceandfire:recipes/combat/tide_purple_chestplate": {
    "criteria": {
      "has_item": "2024-08-15 01:35:47 +0000"
    },
    "done": true
  },
  "iceandfire:recipes/combat/tide_purple_boots": {
    "criteria": {
      "has_item": "2024-08-15 01:35:47 +0000"
    },
    "done": true
  },
  "iceandfire:recipes/building_blocks/sea_serpent_scales_purple_to_sea_serpent_scale_block_purple": {
    "criteria": {
      "has_sea_serpent_scales_purple": "2024-08-15 01:35:47 +0000"
    },
    "done": true
  },
  "iceandfire:recipes/combat/tide_deepblue_helmet": {
    "criteria": {
      "has_item": "2024-08-15 01:40:57 +0000"
    },
    "done": true
  },
  "iceandfire:recipes/combat/tide_deepblue_chestplate": {
    "criteria": {
      "has_item": "2024-08-15 01:40:57 +0000"
    },
    "done": true
  },
  "iceandfire:recipes/building_blocks/sea_serpent_scales_deepblue_to_sea_serpent_scale_block_deepblue": {
    "criteria": {
      "has_sea_serpent_scales_deepblue": "2024-08-15 01:40:57 +0000"
    },
    "done": true
  },
  "iceandfire:recipes/combat/tide_deepblue_leggings": {
    "criteria": {
      "has_item": "2024-08-15 01:40:57 +0000"
    },
    "done": true
  },
  "iceandfire:recipes/combat/tide_deepblue_boots": {
    "criteria": {
      "has_item": "2024-08-15 01:40:57 +0000"
    },
    "done": true
  },
  "iceandfire:recipes/combat/tide_blue_leggings": {
    "criteria": {
      "has_item": "2024-08-15 01:41:44 +0000"
    },
    "done": true
  },
  "iceandfire:recipes/combat/tide_blue_boots": {
    "criteria": {
      "has_item": "2024-08-15 01:41:44 +0000"
    },
    "done": true
  },
  "iceandfire:recipes/combat/tide_blue_chestplate": {
    "criteria": {
      "has_item": "2024-08-15 01:41:44 +0000"
    },
    "done": true
  },
  "iceandfire:recipes/combat/tide_blue_helmet": {
    "criteria": {
      "has_item": "2024-08-15 01:41:44 +0000"
    },
    "done": true
  },
  "iceandfire:recipes/building_blocks/sea_serpent_scales_blue_to_sea_serpent_scale_block_blue": {
    "criteria": {
      "has_sea_serpent_scales_blue": "2024-08-15 01:41:44 +0000"
    },
    "done": true
  },
  "lootr:1chest": {
    "criteria": {
      "opened_chest": "2024-08-15 01:47:55 +0000"
    },
    "done": true
  },
  "minecraft:recipes/food/cooked_salmon": {
    "criteria": {
      "has_salmon": "2024-08-15 01:47:57 +0000"
    },
    "done": true
  },
  "minecraft:recipes/food/cooked_salmon_from_smoking": {
    "criteria": {
      "has_salmon": "2024-08-15 01:47:57 +0000"
    },
    "done": true
  },
  "minecraft:recipes/food/cooked_salmon_from_campfire_cooking": {
    "criteria": {
      "has_salmon": "2024-08-15 01:47:57 +0000"
    },
    "done": true
  },
  "naturescompass:natures_compass": {
    "criteria": {
      "has_recipe": "2024-08-15 01:51:31 +0000"
    },
    "done": true
  },
  "minecraft:recipes/misc/charcoal": {
    "criteria": {
      "has_log": "2024-08-15 01:51:31 +0000"
    },
    "done": true
  },
  "naturescompass:natures_compass_log": {
    "criteria": {
      "has_log": "2024-08-15 01:51:31 +0000"
    },
    "done": true
  },
  "naturescompass:natures_compass_sapling": {
    "criteria": {
      "has_recipe": "2024-08-15 01:51:31 +0000"
    },
    "done": true
  },
  "minecraft:recipes/building_blocks/oak_planks": {
    "criteria": {
      "has_logs": "2024-08-15 01:51:31 +0000"
    },
    "done": true
  },
  "minecraft:recipes/building_blocks/oak_wood": {
    "criteria": {
      "has_log": "2024-08-15 01:51:31 +0000"
    },
    "done": true
  },
  "minecraft:recipes/decorations/oak_sign": {
    "criteria": {
      "has_planks": "2024-08-15 01:51:43 +0000"
    },
    "done": true
  },
  "minecraft:recipes/redstone/oak_trapdoor": {
    "criteria": {
      "has_planks": "2024-08-15 01:51:43 +0000"
    },
    "done": true
  },
  "minecraft:recipes/misc/stick": {
    "criteria": {
      "has_planks": "2024-08-15 01:51:43 +0000"
    },
    "done": true
  },
  "minecraft:recipes/building_blocks/oak_stairs": {
    "criteria": {
      "has_planks": "2024-08-15 01:51:43 +0000"
    },
    "done": true
  },
  "minecraft:recipes/decorations/oak_fence": {
    "criteria": {
      "has_planks": "2024-08-15 01:51:43 +0000"
    },
    "done": true
  },
  "iceandfire:recipes/misc/earplugs": {
    "criteria": {
      "has_item": "2024-08-15 01:51:43 +0000"
    },
    "done": true
  },
  "minecraft:recipes/redstone/oak_button": {
    "criteria": {
      "has_planks": "2024-08-15 01:51:43 +0000"
    },
    "done": true
  },
  "minecraft:recipes/building_blocks/oak_slab": {
    "criteria": {
      "has_planks": "2024-08-15 01:51:43 +0000"
    },
    "done": true
  },
  "minecraft:recipes/redstone/oak_fence_gate": {
    "criteria": {
      "has_planks": "2024-08-15 01:51:43 +0000"
    },
    "done": true
  },
  "minecraft:recipes/redstone/oak_pressure_plate": {
    "criteria": {
      "has_planks": "2024-08-15 01:51:43 +0000"
    },
    "done": true
  },
  "minecraft:recipes/redstone/oak_door": {
    "criteria": {
      "has_planks": "2024-08-15 01:51:43 +0000"
    },
    "done": true
  },
  "minecraft:recipes/decorations/barrel": {
    "criteria": {
      "has_planks": "2024-08-15 01:51:43 +0000"
    },
    "done": true
  },
  "minecraft:story/root": {
    "criteria": {
      "crafting_table": "2024-08-15 01:51:44 +0000"
    },
    "done": true
  },
  "minecraft:recipes/transportation/spruce_chest_boat": {
    "criteria": {
      "has_boat": "2024-08-15 01:53:02 +0000"
    },
    "done": true
  },
  "minecraft:recipes/transportation/jungle_chest_boat": {
    "criteria": {
      "has_boat": "2024-08-15 01:53:02 +0000"
    },
    "done": true
  },
  "minecraft:recipes/transportation/acacia_chest_boat": {
    "criteria": {
      "has_boat": "2024-08-15 01:53:02 +0000"
    },
    "done": true
  },
  "minecraft:recipes/transportation/mangrove_chest_boat": {
    "criteria": {
      "has_boat": "2024-08-15 01:53:02 +0000"
    },
    "done": true
  },
  "minecraft:recipes/transportation/oak_chest_boat": {
    "criteria": {
      "has_boat": "2024-08-15 01:53:02 +0000"
    },
    "done": true
  },
  "minecraft:recipes/transportation/cherry_chest_boat": {
    "criteria": {
      "has_boat": "2024-08-15 01:53:02 +0000"
    },
    "done": true
  },
  "minecraft:recipes/transportation/birch_chest_boat": {
    "criteria": {
      "has_boat": "2024-08-15 01:53:02 +0000"
    },
    "done": true
  },
  "minecraft:recipes/transportation/dark_oak_chest_boat": {
    "criteria": {
      "has_boat": "2024-08-15 01:53:02 +0000"
    },
    "done": true
  },
  "minecraft:recipes/transportation/bamboo_chest_raft": {
    "criteria": {
      "has_boat": "2024-08-15 01:53:02 +0000"
    },
    "done": true
  },
  "minecraft:recipes/food/baked_potato_from_campfire_cooking": {
    "criteria": {
      "has_potato": "2024-08-15 01:53:43 +0000"
    },
    "done": true
  },
  "minecraft:recipes/food/baked_potato": {
    "criteria": {
      "has_potato": "2024-08-15 01:53:43 +0000"
    },
    "done": true
  },
  "minecraft:recipes/food/baked_potato_from_smoking": {
    "criteria": {
      "has_potato": "2024-08-15 01:53:43 +0000"
    },
    "done": true
  },
  "minecraft:recipes/food/bread": {
    "criteria": {
      "has_wheat": "2024-08-15 01:53:44 +0000"
    },
    "done": true
  },
  "minecraft:recipes/building_blocks/hay_block": {
    "criteria": {
      "has_wheat": "2024-08-15 01:53:44 +0000"
    },
    "done": true
  },
  "dungeons_plus:adventure/find_warped_garden": {
    "criteria": {
      "in_structure": "2024-08-15 01:54:50 +0000"
    },
    "done": true
  },
  "minecraft:recipes/food/mushroom_stew": {
    "criteria": {
      "has_bowl": "2024-08-15 01:58:46 +0000"
    },
    "done": true
  },
  "minecraft:recipes/food/cooked_cod_from_smoking": {
    "criteria": {
      "has_cod": "2024-08-15 01:59:38 +0000"
    },
    "done": true
  },
  "minecraft:recipes/food/cooked_cod_from_campfire_cooking": {
    "criteria": {
      "has_cod": "2024-08-15 01:59:38 +0000"
    },
    "done": true
  },
  "minecraft:recipes/food/cooked_cod": {
    "criteria": {
      "has_cod": "2024-08-15 01:59:38 +0000"
    },
    "done": true
  },
  "minecraft:recipes/decorations/ladder": {
    "criteria": {
      "has_stick": "2024-08-15 01:59:39 +0000"
    },
    "done": true
  },
  "minecraft:recipes/tools/wooden_axe": {
    "criteria": {
      "has_stick": "2024-08-15 01:59:39 +0000"
    },
    "done": true
  },
  "minecraft:recipes/decorations/campfire": {
    "criteria": {
      "has_stick": "2024-08-15 01:59:39 +0000"
    },
    "done": true
  },
  "minecraft:recipes/tools/wooden_hoe": {
    "criteria": {
      "has_stick": "2024-08-15 01:59:39 +0000"
    },
    "done": true
  },
  "minecraft:recipes/tools/wooden_pickaxe": {
    "criteria": {
      "has_stick": "2024-08-15 01:59:39 +0000"
    },
    "done": true
  },
  "minecraft:recipes/tools/wooden_shovel": {
    "criteria": {
      "has_stick": "2024-08-15 01:59:39 +0000"
    },
    "done": true
  },
  "minecraft:recipes/combat/wooden_sword": {
    "criteria": {
      "has_stick": "2024-08-15 01:59:39 +0000"
    },
    "done": true
  },
  "ironchest:recipes/decorations/chests/trapped_iron_chest": {
    "criteria": {
      "has_tripwire_hook": "2024-08-15 02:01:32 +0000"
    },
    "done": true
  },
  "ironchest:recipes/decorations/chests/trapped_diamond_chest": {
    "criteria": {
      "has_tripwire_hook": "2024-08-15 02:01:32 +0000"
    },
    "done": true
  },
  "ironchest:recipes/decorations/chests/trapped_copper_chest": {
    "criteria": {
      "has_tripwire_hook": "2024-08-15 02:01:32 +0000"
    },
    "done": true
  },
  "minecraft:recipes/redstone/trapped_chest": {
    "criteria": {
      "has_tripwire_hook": "2024-08-15 02:01:32 +0000"
    },
    "done": true
  },
  "ironchest:recipes/decorations/chests/trapped_dirt_chest": {
    "criteria": {
      "has_tripwire_hook": "2024-08-15 02:01:32 +0000"
    },
    "done": true
  },
  "ironchest:recipes/decorations/chests/trapped_crystal_chest": {
    "criteria": {
      "has_tripwire_hook": "2024-08-15 02:01:32 +0000"
    },
    "done": true
  },
  "ironchest:recipes/decorations/chests/trapped_gold_chest": {
    "criteria": {
      "has_tripwire_hook": "2024-08-15 02:01:32 +0000"
    },
    "done": true
  },
  "ironchest:recipes/decorations/chests/trapped_obsidian_chest": {
    "criteria": {
      "has_tripwire_hook": "2024-08-15 02:01:32 +0000"
    },
    "done": true
  },
  "minecraft:recipes/tools/spyglass": {
    "criteria": {
      "has_amethyst_shard": "2024-08-15 02:02:20 +0000"
    },
    "done": true
  },
  "minecraft:recipes/redstone/calibrated_sculk_sensor": {
    "criteria": {
      "has_amethyst_shard": "2024-08-15 02:02:20 +0000"
    },
    "done": true
  },
  "minecraft:recipes/building_blocks/tinted_glass": {
    "criteria": {
      "has_amethyst_shard": "2024-08-15 02:02:20 +0000"
    },
    "done": true
  },
  "minecraft:recipes/building_blocks/amethyst_block": {
    "criteria": {
      "has_amethyst_shard": "2024-08-15 02:02:20 +0000"
    },
    "done": true
  },
  "lootr:10loot": {
    "criteria": {
      "loot_stat": "2024-08-15 02:04:29 +0000"
    },
    "done": true
  },
  "minecraft:recipes/misc/pumpkin_seeds": {
    "criteria": {
      "has_pumpkin": "2024-08-15 02:04:41 +0000"
    },
    "done": true
  },
  "minecraft:recipes/food/pumpkin_pie": {
    "criteria": {
      "has_pumpkin": "2024-08-15 02:04:41 +0000"
    },
    "done": true
  },
  "minecraft:adventure/kill_all_mobs": {
    "criteria": {
      "minecraft:pillager": "2024-08-15 18:22:02 +0000",
      "minecraft:skeleton": "2024-08-15 02:17:46 +0000",
      "minecraft:guardian": "2024-08-15 18:24:31 +0000",
      "minecraft:vindicator": "2024-08-15 18:22:20 +0000",
      "minecraft:spider": "2024-08-15 02:17:45 +0000",
      "minecraft:creeper": "2024-08-15 19:19:55 +0000",
      "minecraft:witch": "2024-08-15 19:36:36 +0000",
      "minecraft:zombie": "2024-08-15 02:05:45 +0000",
      "minecraft:drowned": "2024-08-15 02:04:52 +0000"
    },
    "done": false
  },
  "minecraft:adventure/kill_a_mob": {
    "criteria": {
      "minecraft:drowned": "2024-08-15 02:04:52 +0000"
    },
    "done": true
  },
  "minecraft:story/iron_tools": {
    "criteria": {
      "iron_pickaxe": "2024-08-15 02:07:30 +0000"
    },
    "done": true
  },
  "minecraft:recipes/building_blocks/coal_block": {
    "criteria": {
      "has_coal": "2024-08-15 02:08:33 +0000"
    },
    "done": true
  },
  "minecraft:recipes/building_blocks/raw_iron_block": {
    "criteria": {
      "has_raw_iron": "2024-08-15 02:08:59 +0000"
    },
    "done": true
  },
  "minecraft:recipes/misc/iron_ingot_from_smelting_raw_iron": {
    "criteria": {
      "has_raw_iron": "2024-08-15 02:08:59 +0000"
    },
    "done": true
  },
  "minecraft:recipes/misc/iron_ingot_from_blasting_raw_iron": {
    "criteria": {
      "has_raw_iron": "2024-08-15 02:08:59 +0000"
    },
    "done": true
  },
  "minecraft:recipes/redstone/lever": {
    "criteria": {
      "has_cobblestone": "2024-08-15 02:10:23 +0000"
    },
    "done": true
  },
  "minecraft:recipes/combat/stone_sword": {
    "criteria": {
      "has_cobblestone": "2024-08-15 02:10:23 +0000"
    },
    "done": true
  },
  "minecraft:recipes/decorations/cobblestone_wall": {
    "criteria": {
      "has_cobblestone": "2024-08-15 02:10:23 +0000"
    },
    "done": true
  },
  "minecraft:recipes/tools/stone_axe": {
    "criteria": {
      "has_cobblestone": "2024-08-15 02:10:23 +0000"
    },
    "done": true
  },
  "constructionwand:recipes/tools/stone_wand": {
    "criteria": {
      "has_item": "2024-08-15 02:10:23 +0000"
    },
    "done": true
  },
  "minecraft:story/mine_stone": {
    "criteria": {
      "get_stone": "2024-08-15 02:10:23 +0000"
    },
    "done": true
  },
  "minecraft:recipes/decorations/furnace": {
    "criteria": {
      "has_cobblestone": "2024-08-15 02:10:23 +0000"
    },
    "done": true
  },
  "minecraft:recipes/building_blocks/cobblestone_slab_from_cobblestone_stonecutting": {
    "criteria": {
      "has_cobblestone": "2024-08-15 02:10:23 +0000"
    },
    "done": true
  },
  "minecraft:recipes/building_blocks/stone": {
    "criteria": {
      "has_cobblestone": "2024-08-15 02:10:23 +0000"
    },
    "done": true
  },
  "scalinghealth:recipes/misc/heart_crystal": {
    "criteria": {
      "cobblestone": "2024-08-15 02:10:23 +0000"
    },
    "done": true
  },
  "scalinghealth:recipes/combat/bandages": {
    "criteria": {
      "cobblestone": "2024-08-15 02:10:23 +0000"
    },
    "done": true
  },
  "scalinghealth:recipes/combat/medkit": {
    "criteria": {
      "cobblestone": "2024-08-15 02:10:23 +0000"
    },
    "done": true
  },
  "minecraft:recipes/tools/stone_pickaxe": {
    "criteria": {
      "has_cobblestone": "2024-08-15 02:10:23 +0000"
    },
    "done": true
  },
  "scalinghealth:recipes/misc/heart_dust": {
    "criteria": {
      "cobblestone": "2024-08-15 02:10:23 +0000"
    },
    "done": true
  },
  "minecraft:recipes/building_blocks/cobblestone_slab": {
    "criteria": {
      "has_cobblestone": "2024-08-15 02:10:23 +0000"
    },
    "done": true
  },
  "minecraft:recipes/decorations/cobblestone_wall_from_cobblestone_stonecutting": {
    "criteria": {
      "has_cobblestone": "2024-08-15 02:10:23 +0000"
    },
    "done": true
  },
  "minecraft:recipes/building_blocks/cobblestone_stairs_from_cobblestone_stonecutting": {
    "criteria": {
      "has_cobblestone": "2024-08-15 02:10:23 +0000"
    },
    "done": true
  },
  "minecraft:recipes/building_blocks/cobblestone_stairs": {
    "criteria": {
      "has_cobblestone": "2024-08-15 02:10:23 +0000"
    },
    "done": true
  },
  "minecraft:recipes/tools/stone_hoe": {
    "criteria": {
      "has_cobblestone": "2024-08-15 02:10:23 +0000"
    },
    "done": true
  },
  "minecraft:recipes/tools/stone_shovel": {
    "criteria": {
      "has_cobblestone": "2024-08-15 02:10:23 +0000"
    },
    "done": true
  },
  "scalinghealth:recipes/misc/power_crystal": {
    "criteria": {
      "cobblestone": "2024-08-15 02:10:23 +0000"
    },
    "done": true
  },
  "stoneworks:recipes/building_blocks/mossy_blackstone_brick_wall_from_blackstone_stonecutting": {
    "criteria": {
      "has_blackstone": "2024-08-15 02:11:07 +0000"
    },
    "done": true
  },
  "stoneworks:recipes/building_blocks/mossy_cobbled_blackstone_stairs_from_blackstone_stonecutting": {
    "criteria": {
      "has_blackstone": "2024-08-15 02:11:07 +0000"
    },
    "done": true
  },
  "stoneworks:recipes/building_blocks/blackstone_tile_wall_from_blackstone_stonecutting": {
    "criteria": {
      "has_blackstone": "2024-08-15 02:11:07 +0000"
    },
    "done": true
  },
  "minecraft:recipes/decorations/polished_blackstone_brick_wall_from_blackstone_stonecutting": {
    "criteria": {
      "has_blackstone": "2024-08-15 02:11:07 +0000"
    },
    "done": true
  },
  "stoneworks:recipes/building_blocks/cracked_blackstone_tiles_from_blackstone_stonecutting": {
    "criteria": {
      "has_blackstone": "2024-08-15 02:11:07 +0000"
    },
    "done": true
  },
  "minecraft:recipes/decorations/blackstone_wall": {
    "criteria": {
      "has_blackstone": "2024-08-15 02:11:07 +0000"
    },
    "done": true
  },
  "stoneworks:recipes/building_blocks/cobbled_blackstone_wall_from_blackstone_stonecutting": {
    "criteria": {
      "has_blackstone": "2024-08-15 02:11:07 +0000"
    },
    "done": true
  },
  "stoneworks:recipes/building_blocks/blackstone_paver_wall_from_blackstone_stonecutting": {
    "criteria": {
      "has_blackstone": "2024-08-15 02:11:07 +0000"
    },
    "done": true
  },
  "stoneworks:recipes/building_blocks/blackstone_shingles_from_blackstone_stonecutting": {
    "criteria": {
      "has_blackstone": "2024-08-15 02:11:07 +0000"
    },
    "done": true
  },
  "stoneworks:recipes/building_blocks/blackstone_plate_slab_from_blackstone_stonecutting": {
    "criteria": {
      "has_blackstone": "2024-08-15 02:11:07 +0000"
    },
    "done": true
  },
  "stoneworks:recipes/building_blocks/blackstone_shingle_stairs_from_blackstone_stonecutting": {
    "criteria": {
      "has_blackstone": "2024-08-15 02:11:07 +0000"
    },
    "done": true
  },
  "stoneworks:recipes/building_blocks/blackstone_shingle_slab_from_blackstone_stonecutting": {
    "criteria": {
      "has_blackstone": "2024-08-15 02:11:07 +0000"
    },
    "done": true
  },
  "minecraft:recipes/building_blocks/polished_blackstone_brick_stairs_from_blackstone_stonecutting": {
    "criteria": {
      "has_blackstone": "2024-08-15 02:11:07 +0000"
    },
    "done": true
  },
  "minecraft:recipes/building_blocks/polished_blackstone_bricks_from_blackstone_stonecutting": {
    "criteria": {
      "has_blackstone": "2024-08-15 02:11:07 +0000"
    },
    "done": true
  },
  "stoneworks:recipes/building_blocks/blackstone_paver_stairs_from_blackstone_stonecutting": {
    "criteria": {
      "has_blackstone": "2024-08-15 02:11:07 +0000"
    },
    "done": true
  },
  "minecraft:recipes/building_blocks/polished_blackstone_stairs_from_blackstone_stonecutting": {
    "criteria": {
      "has_blackstone": "2024-08-15 02:11:07 +0000"
    },
    "done": true
  },
  "stoneworks:recipes/building_blocks/mossy_cobbled_blackstone_slab_from_blackstone_stonecutting": {
    "criteria": {
      "has_blackstone": "2024-08-15 02:11:07 +0000"
    },
    "done": true
  },
  "stoneworks:recipes/building_blocks/cobbled_blackstone_from_blackstone_stonecutting": {
    "criteria": {
      "has_blackstone": "2024-08-15 02:11:07 +0000"
    },
    "done": true
  },
  "minecraft:recipes/decorations/polished_blackstone_wall_from_blackstone_stonecutting": {
    "criteria": {
      "has_blackstone": "2024-08-15 02:11:07 +0000"
    },
    "done": true
  },
  "minecraft:recipes/building_blocks/chiseled_polished_blackstone_from_blackstone_stonecutting": {
    "criteria": {
      "has_blackstone": "2024-08-15 02:11:07 +0000"
    },
    "done": true
  },
  "stoneworks:recipes/building_blocks/blackstone_tiles_from_blackstone_stonecutting": {
    "criteria": {
      "has_blackstone": "2024-08-15 02:11:07 +0000"
    },
    "done": true
  },
  "stoneworks:recipes/building_blocks/blackstone_plate_stairs_from_blackstone_stonecutting": {
    "criteria": {
      "has_blackstone": "2024-08-15 02:11:07 +0000"
    },
    "done": true
  },
  "stoneworks:recipes/building_blocks/blackstone_plate_wall_from_blackstone_stonecutting": {
    "criteria": {
      "has_blackstone": "2024-08-15 02:11:07 +0000"
    },
    "done": true
  },
  "stoneworks:recipes/building_blocks/blackstone_paver_slab_from_blackstone_stonecutting": {
    "criteria": {
      "has_blackstone": "2024-08-15 02:11:07 +0000"
    },
    "done": true
  },
  "minecraft:recipes/building_blocks/blackstone_stairs": {
    "criteria": {
      "has_blackstone": "2024-08-15 02:11:07 +0000"
    },
    "done": true
  },
  "minecraft:recipes/building_blocks/blackstone_slab_from_blackstone_stonecutting": {
    "criteria": {
      "has_blackstone": "2024-08-15 02:11:07 +0000"
    },
    "done": true
  },
  "stoneworks:recipes/building_blocks/mossy_cobbled_blackstone_from_blackstone_stonecutting": {
    "criteria": {
      "has_blackstone": "2024-08-15 02:11:07 +0000"
    },
    "done": true
  },
  "minecraft:recipes/building_blocks/polished_blackstone_slab_from_blackstone_stonecutting": {
    "criteria": {
      "has_blackstone": "2024-08-15 02:11:07 +0000"
    },
    "done": true
  },
  "stoneworks:recipes/building_blocks/blackstone_plates_from_blackstone_stonecutting": {
    "criteria": {
      "has_blackstone": "2024-08-15 02:11:07 +0000"
    },
    "done": true
  },
  "stoneworks:recipes/building_blocks/mossy_blackstone_bricks_from_blackstone_stonecutting": {
    "criteria": {
      "has_blackstone": "2024-08-15 02:11:07 +0000"
    },
    "done": true
  },
  "minecraft:recipes/building_blocks/polished_blackstone": {
    "criteria": {
      "has_blackstone": "2024-08-15 02:11:07 +0000"
    },
    "done": true
  },
  "stoneworks:recipes/building_blocks/blackstone_pillar_from_blackstone_stonecutting": {
    "criteria": {
      "has_blackstone": "2024-08-15 02:11:07 +0000"
    },
    "done": true
  },
  "stoneworks:recipes/building_blocks/blackstone_shingle_wall_from_blackstone_stonecutting": {
    "criteria": {
      "has_blackstone": "2024-08-15 02:11:07 +0000"
    },
    "done": true
  },
  "stoneworks:recipes/building_blocks/mossy_cobbled_blackstone_wall_from_blackstone_stonecutting": {
    "criteria": {
      "has_blackstone": "2024-08-15 02:11:07 +0000"
    },
    "done": true
  },
  "minecraft:recipes/building_blocks/blackstone_slab": {
    "criteria": {
      "has_blackstone": "2024-08-15 02:11:07 +0000"
    },
    "done": true
  },
  "minecraft:recipes/building_blocks/polished_blackstone_brick_slab_from_blackstone_stonecutting": {
    "criteria": {
      "has_blackstone": "2024-08-15 02:11:07 +0000"
    },
    "done": true
  },
  "stoneworks:recipes/building_blocks/mossy_blackstone_brick_slab_from_blackstone_stonecutting": {
    "criteria": {
      "has_blackstone": "2024-08-15 02:11:07 +0000"
    },
    "done": true
  },
  "minecraft:recipes/building_blocks/polished_blackstone_from_blackstone_stonecutting": {
    "criteria": {
      "has_blackstone": "2024-08-15 02:11:07 +0000"
    },
    "done": true
  },
  "stoneworks:recipes/building_blocks/blackstone_tile_slab_from_blackstone_stonecutting": {
    "criteria": {
      "has_blackstone": "2024-08-15 02:11:07 +0000"
    },
    "done": true
  },
  "stoneworks:recipes/building_blocks/mossy_blackstone_brick_stairs_from_blackstone_stonecutting": {
    "criteria": {
      "has_blackstone": "2024-08-15 02:11:07 +0000"
    },
    "done": true
  },
  "minecraft:recipes/decorations/blackstone_wall_from_blackstone_stonecutting": {
    "criteria": {
      "has_blackstone": "2024-08-15 02:11:07 +0000"
    },
    "done": true
  },
  "stoneworks:recipes/building_blocks/cobbled_blackstone_stairs_from_blackstone_stonecutting": {
    "criteria": {
      "has_blackstone": "2024-08-15 02:11:07 +0000"
    },
    "done": true
  },
  "stoneworks:recipes/building_blocks/blackstone_pavers_from_blackstone_stonecutting": {
    "criteria": {
      "has_blackstone": "2024-08-15 02:11:07 +0000"
    },
    "done": true
  },
  "stoneworks:recipes/building_blocks/cobbled_blackstone_slab_from_blackstone_stonecutting": {
    "criteria": {
      "has_blackstone": "2024-08-15 02:11:07 +0000"
    },
    "done": true
  },
  "stoneworks:recipes/building_blocks/blackstone_tile_stairs_from_blackstone_stonecutting": {
    "criteria": {
      "has_blackstone": "2024-08-15 02:11:07 +0000"
    },
    "done": true
  },
  "minecraft:recipes/building_blocks/blackstone_stairs_from_blackstone_stonecutting": {
    "criteria": {
      "has_blackstone": "2024-08-15 02:11:07 +0000"
    },
    "done": true
  },
  "minecraft:recipes/decorations/stone_brick_wall": {
    "criteria": {
      "has_stone_bricks": "2024-08-15 02:13:00 +0000"
    },
    "done": true
  },
  "minecraft:recipes/building_blocks/cracked_stone_bricks": {
    "criteria": {
      "has_stone_bricks": "2024-08-15 02:13:00 +0000"
    },
    "done": true
  },
  "minecraft:recipes/building_blocks/stone_brick_stairs_from_stone_bricks_stonecutting": {
    "criteria": {
      "has_stone_bricks": "2024-08-15 02:13:00 +0000"
    },
    "done": true
  },
  "iceandfire:recipes/building_blocks/dragonforge_ice_brick": {
    "criteria": {
      "has_item": "2024-08-15 02:13:00 +0000"
    },
    "done": true
  },
  "iceandfire:recipes/building_blocks/dragonforge_lightning_brick": {
    "criteria": {
      "has_item": "2024-08-15 02:13:00 +0000"
    },
    "done": true
  },
  "minecraft:recipes/building_blocks/stone_brick_stairs": {
    "criteria": {
      "has_stone_bricks": "2024-08-15 02:13:00 +0000"
    },
    "done": true
  },
  "iceandfire:recipes/building_blocks/dragonforge_fire_brick": {
    "criteria": {
      "has_item": "2024-08-15 02:13:00 +0000"
    },
    "done": true
  },
  "minecraft:recipes/building_blocks/chiseled_stone_bricks": {
    "criteria": {
      "has_tag": "2024-08-15 02:13:00 +0000"
    },
    "done": true
  },
  "minecraft:recipes/decorations/stone_brick_wall_from_stone_bricks_stonecutting": {
    "criteria": {
      "has_stone_bricks": "2024-08-15 02:13:00 +0000"
    },
    "done": true
  },
  "minecraft:recipes/building_blocks/stone_brick_slab_from_stone_bricks_stonecutting": {
    "criteria": {
      "has_stone_bricks": "2024-08-15 02:13:00 +0000"
    },
    "done": true
  },
  "minecraft:recipes/building_blocks/stone_brick_slab": {
    "criteria": {
      "has_stone_bricks": "2024-08-15 02:13:00 +0000"
    },
    "done": true
  },
  "minecraft:recipes/building_blocks/chiseled_stone_bricks_from_stone_bricks_stonecutting": {
    "criteria": {
      "has_stone_bricks": "2024-08-15 02:13:00 +0000"
    },
    "done": true
  },
  "explorerscompass:explorers_compass_cobweb": {
    "criteria": {
      "has_recipe": "2024-08-15 02:13:06 +0000"
    },
    "done": true
  },
  "explorerscompass:explorers_compass": {
    "criteria": {
      "has_recipe": "2024-08-15 02:13:06 +0000"
    },
    "done": true
  },
  "explorerscompass:explorers_compass_cracked_stone_bricks": {
    "criteria": {
      "has_cracked_stone_bricks": "2024-08-15 02:13:06 +0000"
    },
    "done": true
  },
  "stoneworks:recipes/building_blocks/granite_plates_from_granite_stonecutting": {
    "criteria": {
      "has_granite": "2024-08-15 02:14:26 +0000"
    },
    "done": true
  },
  "stoneworks:recipes/building_blocks/mossy_cobbled_granite_wall_from_granite_stonecutting": {
    "criteria": {
      "has_granite": "2024-08-15 02:14:26 +0000"
    },
    "done": true
  },
  "stoneworks:recipes/building_blocks/cobbled_granite_wall_from_granite_stonecutting": {
    "criteria": {
      "has_granite": "2024-08-15 02:14:26 +0000"
    },
    "done": true
  },
  "stoneworks:recipes/building_blocks/cobbled_granite_from_granite_stonecutting": {
    "criteria": {
      "has_granite": "2024-08-15 02:14:26 +0000"
    },
    "done": true
  },
  "stoneworks:recipes/building_blocks/cobbled_granite_slab_from_granite_stonecutting": {
    "criteria": {
      "has_granite": "2024-08-15 02:14:26 +0000"
    },
    "done": true
  },
  "stoneworks:recipes/building_blocks/mossy_granite_brick_stairs_from_granite_stonecutting": {
    "criteria": {
      "has_granite": "2024-08-15 02:14:26 +0000"
    },
    "done": true
  },
  "minecraft:recipes/building_blocks/granite_slab_from_granite_stonecutting": {
    "criteria": {
      "has_granite": "2024-08-15 02:14:26 +0000"
    },
    "done": true
  },
  "stoneworks:recipes/building_blocks/granite_paver_wall_from_granite_stonecutting": {
    "criteria": {
      "has_granite": "2024-08-15 02:14:26 +0000"
    },
    "done": true
  },
  "stoneworks:recipes/building_blocks/cracked_granite_bricks_from_granite_stonecutting": {
    "criteria": {
      "has_granite": "2024-08-15 02:14:26 +0000"
    },
    "done": true
  },
  "stoneworks:recipes/building_blocks/cracked_granite_tiles_from_granite_stonecutting": {
    "criteria": {
      "has_granite": "2024-08-15 02:14:26 +0000"
    },
    "done": true
  },
  "stoneworks:recipes/building_blocks/mossy_cobbled_granite_stairs_from_granite_stonecutting": {
    "criteria": {
      "has_granite": "2024-08-15 02:14:26 +0000"
    },
    "done": true
  },
  "stoneworks:recipes/building_blocks/granite_plate_wall_from_granite_stonecutting": {
    "criteria": {
      "has_granite": "2024-08-15 02:14:26 +0000"
    },
    "done": true
  },
  "minecraft:recipes/decorations/granite_wall_from_granite_stonecutting": {
    "criteria": {
      "has_granite": "2024-08-15 02:14:26 +0000"
    },
    "done": true
  },
  "stoneworks:recipes/building_blocks/granite_tile_slab_from_granite_stonecutting": {
    "criteria": {
      "has_granite": "2024-08-15 02:14:26 +0000"
    },
    "done": true
  },
  "minecraft:recipes/building_blocks/polished_granite_from_granite_stonecutting": {
    "criteria": {
      "has_granite": "2024-08-15 02:14:26 +0000"
    },
    "done": true
  },
  "stoneworks:recipes/building_blocks/granite_shingles_from_granite_stonecutting": {
    "criteria": {
      "has_granite": "2024-08-15 02:14:26 +0000"
    },
    "done": true
  },
  "stoneworks:recipes/building_blocks/granite_brick_slab_from_granite_stonecutting": {
    "criteria": {
      "has_granite": "2024-08-15 02:14:26 +0000"
    },
    "done": true
  },
  "stoneworks:recipes/building_blocks/mossy_cobbled_granite_from_granite_stonecutting": {
    "criteria": {
      "has_granite": "2024-08-15 02:14:26 +0000"
    },
    "done": true
  },
  "minecraft:recipes/building_blocks/granite_slab": {
    "criteria": {
      "has_granite": "2024-08-15 02:14:26 +0000"
    },
    "done": true
  },
  "stoneworks:recipes/building_blocks/granite_pavers_from_granite_stonecutting": {
    "criteria": {
      "has_granite": "2024-08-15 02:14:26 +0000"
    },
    "done": true
  },
  "stoneworks:recipes/building_blocks/mossy_granite_brick_slab_from_granite_stonecutting": {
    "criteria": {
      "has_granite": "2024-08-15 02:14:26 +0000"
    },
    "done": true
  },
  "stoneworks:recipes/building_blocks/granite_shingle_wall_from_granite_stonecutting": {
    "criteria": {
      "has_granite": "2024-08-15 02:14:26 +0000"
    },
    "done": true
  },
  "minecraft:recipes/building_blocks/granite_stairs": {
    "criteria": {
      "has_granite": "2024-08-15 02:14:26 +0000"
    },
    "done": true
  },
  "stoneworks:recipes/building_blocks/granite_plate_stairs_from_granite_stonecutting": {
    "criteria": {
      "has_granite": "2024-08-15 02:14:26 +0000"
    },
    "done": true
  },
  "minecraft:recipes/building_blocks/granite_stairs_from_granite_stonecutting": {
    "criteria": {
      "has_granite": "2024-08-15 02:14:26 +0000"
    },
    "done": true
  },
  "stoneworks:recipes/building_blocks/granite_bricks_from_granite_stonecutting": {
    "criteria": {
      "has_granite": "2024-08-15 02:14:26 +0000"
    },
    "done": true
  },
  "stoneworks:recipes/building_blocks/granite_paver_stairs_from_granite_stonecutting": {
    "criteria": {
      "has_granite": "2024-08-15 02:14:26 +0000"
    },
    "done": true
  },
  "minecraft:recipes/decorations/granite_wall": {
    "criteria": {
      "has_granite": "2024-08-15 02:14:26 +0000"
    },
    "done": true
  },
  "stoneworks:recipes/building_blocks/granite_paver_slab_from_granite_stonecutting": {
    "criteria": {
      "has_granite": "2024-08-15 02:14:26 +0000"
    },
    "done": true
  },
  "minecraft:recipes/building_blocks/polished_granite_slab_from_granite_stonecutting": {
    "criteria": {
      "has_granite": "2024-08-15 02:14:26 +0000"
    },
    "done": true
  },
  "stoneworks:recipes/building_blocks/granite_plate_slab_from_granite_stonecutting": {
    "criteria": {
      "has_granite": "2024-08-15 02:14:26 +0000"
    },
    "done": true
  },
  "stoneworks:recipes/building_blocks/cobbled_granite_stairs_from_granite_stonecutting": {
    "criteria": {
      "has_granite": "2024-08-15 02:14:26 +0000"
    },
    "done": true
  },
  "minecraft:recipes/building_blocks/polished_granite": {
    "criteria": {
      "has_granite": "2024-08-15 02:14:26 +0000"
    },
    "done": true
  },
  "stoneworks:recipes/building_blocks/granite_shingle_slab_from_granite_stonecutting": {
    "criteria": {
      "has_granite": "2024-08-15 02:14:26 +0000"
    },
    "done": true
  },
  "stoneworks:recipes/building_blocks/granite_tile_stairs_from_granite_stonecutting": {
    "criteria": {
      "has_granite": "2024-08-15 02:14:26 +0000"
    },
    "done": true
  },
  "stoneworks:recipes/building_blocks/granite_tiles_from_granite_stonecutting": {
    "criteria": {
      "has_granite": "2024-08-15 02:14:26 +0000"
    },
    "done": true
  },
  "stoneworks:recipes/building_blocks/granite_pillar_from_granite_stonecutting": {
    "criteria": {
      "has_granite": "2024-08-15 02:14:26 +0000"
    },
    "done": true
  },
  "stoneworks:recipes/building_blocks/mossy_granite_brick_wall_from_granite_stonecutting": {
    "criteria": {
      "has_granite": "2024-08-15 02:14:26 +0000"
    },
    "done": true
  },
  "stoneworks:recipes/building_blocks/granite_tile_wall_from_granite_stonecutting": {
    "criteria": {
      "has_granite": "2024-08-15 02:14:26 +0000"
    },
    "done": true
  },
  "stoneworks:recipes/building_blocks/granite_brick_wall_from_granite_stonecutting": {
    "criteria": {
      "has_granite": "2024-08-15 02:14:26 +0000"
    },
    "done": true
  },
  "stoneworks:recipes/building_blocks/granite_brick_stairs_from_granite_stonecutting": {
    "criteria": {
      "has_granite": "2024-08-15 02:14:26 +0000"
    },
    "done": true
  },
  "stoneworks:recipes/building_blocks/chiseled_granite_from_granite_stonecutting": {
    "criteria": {
      "has_granite": "2024-08-15 02:14:26 +0000"
    },
    "done": true
  },
  "minecraft:recipes/building_blocks/polished_granite_stairs_from_granite_stonecutting": {
    "criteria": {
      "has_granite": "2024-08-15 02:14:26 +0000"
    },
    "done": true
  },
  "stoneworks:recipes/building_blocks/mossy_granite_bricks_from_granite_stonecutting": {
    "criteria": {
      "has_granite": "2024-08-15 02:14:26 +0000"
    },
    "done": true
  },
  "stoneworks:recipes/building_blocks/granite_shingle_stairs_from_granite_stonecutting": {
    "criteria": {
      "has_granite": "2024-08-15 02:14:26 +0000"
    },
    "done": true
  },
  "stoneworks:recipes/building_blocks/mossy_cobbled_granite_slab_from_granite_stonecutting": {
    "criteria": {
      "has_granite": "2024-08-15 02:14:26 +0000"
    },
    "done": true
  },
  "minecraft:recipes/combat/bow": {
    "criteria": {
      "has_string": "2024-08-15 02:14:50 +0000"
    },
    "done": true
  },
  "minecraft:recipes/tools/fishing_rod": {
    "criteria": {
      "has_string": "2024-08-15 02:14:50 +0000"
    },
    "done": true
  },
  "minecraft:recipes/redstone/tripwire_hook": {
    "criteria": {
      "has_string": "2024-08-15 02:14:50 +0000"
    },
    "done": true
  },
  "minecraft:recipes/decorations/candle": {
    "criteria": {
      "has_string": "2024-08-15 02:14:50 +0000"
    },
    "done": true
  },
  "minecraft:recipes/building_blocks/white_wool_from_string": {
    "criteria": {
      "has_string": "2024-08-15 02:14:50 +0000"
    },
    "done": true
  },
  "minecraft:recipes/decorations/loom": {
    "criteria": {
      "has_string": "2024-08-15 02:14:50 +0000"
    },
    "done": true
  },
  "minecraft:recipes/tools/golden_axe": {
    "criteria": {
      "has_gold_ingot": "2024-08-15 02:15:31 +0000"
    },
    "done": true
  },
  "minecraft:recipes/tools/golden_pickaxe": {
    "criteria": {
      "has_gold_ingot": "2024-08-15 02:15:31 +0000"
    },
    "done": true
  },
  "minecraft:recipes/misc/gold_nugget": {
    "criteria": {
      "has_gold_ingot": "2024-08-15 02:15:31 +0000"
    },
    "done": true
  },
  "minecraft:recipes/tools/golden_shovel": {
    "criteria": {
      "has_gold_ingot": "2024-08-15 02:15:31 +0000"
    },
    "done": true
  },
  "minecraft:recipes/food/golden_apple": {
    "criteria": {
      "has_gold_ingot": "2024-08-15 02:15:31 +0000"
    },
    "done": true
  },
  "minecraft:recipes/combat/golden_boots": {
    "criteria": {
      "has_gold_ingot": "2024-08-15 02:15:31 +0000"
    },
    "done": true
  },
  "minecraft:recipes/combat/golden_helmet": {
    "criteria": {
      "has_gold_ingot": "2024-08-15 02:15:31 +0000"
    },
    "done": true
  },
  "minecraft:recipes/combat/golden_chestplate": {
    "criteria": {
      "has_gold_ingot": "2024-08-15 02:15:31 +0000"
    },
    "done": true
  },
  "minecraft:recipes/redstone/light_weighted_pressure_plate": {
    "criteria": {
      "has_gold_ingot": "2024-08-15 02:15:31 +0000"
    },
    "done": true
  },
  "ironchest:recipes/decorations/chests/iron_gold_chest": {
    "criteria": {
      "has_gold_ingot": "2024-08-15 02:15:31 +0000"
    },
    "done": true
  },
  "minecraft:recipes/combat/golden_sword": {
    "criteria": {
      "has_gold_ingot": "2024-08-15 02:15:31 +0000"
    },
    "done": true
  },
  "minecraft:recipes/building_blocks/gold_block": {
    "criteria": {
      "has_gold_ingot": "2024-08-15 02:15:31 +0000"
    },
    "done": true
  },
  "minecraft:recipes/tools/golden_hoe": {
    "criteria": {
      "has_gold_ingot": "2024-08-15 02:15:31 +0000"
    },
    "done": true
  },
  "minecraft:recipes/combat/golden_leggings": {
    "criteria": {
      "has_gold_ingot": "2024-08-15 02:15:31 +0000"
    },
    "done": true
  },
  "minecraft:recipes/misc/wild_armor_trim_smithing_template": {
    "criteria": {
      "has_wild_armor_trim_smithing_template": "2024-08-15 02:16:36 +0000"
    },
    "done": true
  },
  "minecraft:recipes/misc/wild_armor_trim_smithing_template_smithing_trim": {
    "criteria": {
      "has_smithing_trim_template": "2024-08-15 02:16:36 +0000"
    },
    "done": true
  },
  "minecraft:recipes/building_blocks/emerald_block": {
    "criteria": {
      "has_emerald": "2024-08-15 02:16:44 +0000"
    },
    "done": true
  },
  "minecraft:recipes/misc/bone_meal": {
    "criteria": {
      "has_bone": "2024-08-15 02:17:47 +0000"
    },
    "done": true
  },
  "minecraft:story/deflect_arrow": {
    "criteria": {
      "deflected_projectile": "2024-08-15 02:19:01 +0000"
    },
    "done": true
  },
  "minecraft:recipes/building_blocks/bookshelf": {
    "criteria": {
      "has_book": "2024-08-15 02:20:13 +0000"
    },
    "done": true
  },
  "minecraft:recipes/redstone/lectern": {
    "criteria": {
      "has_book": "2024-08-15 02:20:13 +0000"
    },
    "done": true
  },
  "minecraft:recipes/building_blocks/chiseled_bookshelf": {
    "criteria": {
      "has_book": "2024-08-15 02:20:13 +0000"
    },
    "done": true
  },
  "minecraft:recipes/misc/writable_book": {
    "criteria": {
      "has_book": "2024-08-15 02:20:13 +0000"
    },
    "done": true
  },
  "stoneworks:recipes/building_blocks/cracked_tuff_bricks_from_tuff_stonecutting": {
    "criteria": {
      "has_tuff": "2024-08-15 02:21:09 +0000"
    },
    "done": true
  },
  "stoneworks:recipes/building_blocks/tuff_plate_wall_from_tuff_stonecutting": {
    "criteria": {
      "has_tuff": "2024-08-15 02:21:09 +0000"
    },
    "done": true
  },
  "stoneworks:recipes/building_blocks/cobbled_tuff_stairs_from_tuff_stonecutting": {
    "criteria": {
      "has_tuff": "2024-08-15 02:21:09 +0000"
    },
    "done": true
  },
  "stoneworks:recipes/building_blocks/mossy_tuff_brick_stairs_from_tuff_stonecutting": {
    "criteria": {
      "has_tuff": "2024-08-15 02:21:09 +0000"
    },
    "done": true
  },
  "stoneworks:recipes/building_blocks/mossy_cobbled_tuff_wall_from_tuff_stonecutting": {
    "criteria": {
      "has_tuff": "2024-08-15 02:21:09 +0000"
    },
    "done": true
  },
  "stoneworks:recipes/building_blocks/mossy_cobbled_tuff_from_tuff_stonecutting": {
    "criteria": {
      "has_tuff": "2024-08-15 02:21:09 +0000"
    },
    "done": true
  },
  "stoneworks:recipes/building_blocks/tuff_brick_slab_from_tuff_stonecutting": {
    "criteria": {
      "has_tuff": "2024-08-15 02:21:09 +0000"
    },
    "done": true
  },
  "stoneworks:recipes/building_blocks/tuff_tile_stairs_from_tuff_stonecutting": {
    "criteria": {
      "has_tuff": "2024-08-15 02:21:09 +0000"
    },
    "done": true
  },
  "stoneworks:recipes/building_blocks/mossy_cobbled_tuff_slab_from_tuff_stonecutting": {
    "criteria": {
      "has_tuff": "2024-08-15 02:21:09 +0000"
    },
    "done": true
  },
  "stoneworks:recipes/building_blocks/tuff_plates_from_tuff_stonecutting": {
    "criteria": {
      "has_tuff": "2024-08-15 02:21:09 +0000"
    },
    "done": true
  },
  "stoneworks:recipes/building_blocks/mossy_cobbled_tuff_stairs_from_tuff_stonecutting": {
    "criteria": {
      "has_tuff": "2024-08-15 02:21:09 +0000"
    },
    "done": true
  },
  "stoneworks:recipes/building_blocks/tuff_paver_wall_from_tuff_stonecutting": {
    "criteria": {
      "has_tuff": "2024-08-15 02:21:09 +0000"
    },
    "done": true
  },
  "stoneworks:recipes/building_blocks/tuff_paver_stairs_from_tuff_stonecutting": {
    "criteria": {
      "has_tuff": "2024-08-15 02:21:09 +0000"
    },
    "done": true
  },
  "stoneworks:recipes/building_blocks/tuff_shingle_slab_from_tuff_stonecutting": {
    "criteria": {
      "has_tuff": "2024-08-15 02:21:09 +0000"
    },
    "done": true
  },
  "stoneworks:recipes/building_blocks/tuff_pillar_from_tuff_stonecutting": {
    "criteria": {
      "has_tuff": "2024-08-15 02:21:09 +0000"
    },
    "done": true
  },
  "stoneworks:recipes/building_blocks/tuff_tile_slab_from_tuff_stonecutting": {
    "criteria": {
      "has_tuff": "2024-08-15 02:21:09 +0000"
    },
    "done": true
  },
  "stoneworks:recipes/building_blocks/cobbled_tuff_from_tuff_stonecutting": {
    "criteria": {
      "has_tuff": "2024-08-15 02:21:09 +0000"
    },
    "done": true
  },
  "stoneworks:recipes/building_blocks/tuff_pavers_from_tuff_stonecutting": {
    "criteria": {
      "has_tuff": "2024-08-15 02:21:09 +0000"
    },
    "done": true
  },
  "stoneworks:recipes/building_blocks/polished_tuff_from_tuff_stonecutting": {
    "criteria": {
      "has_tuff": "2024-08-15 02:21:09 +0000"
    },
    "done": true
  },
  "stoneworks:recipes/building_blocks/tuff_paver_slab_from_tuff_stonecutting": {
    "criteria": {
      "has_tuff": "2024-08-15 02:21:09 +0000"
    },
    "done": true
  },
  "stoneworks:recipes/building_blocks/tuff_tiles_from_tuff_stonecutting": {
    "criteria": {
      "has_tuff": "2024-08-15 02:21:09 +0000"
    },
    "done": true
  },
  "stoneworks:recipes/building_blocks/mossy_tuff_bricks_from_tuff_stonecutting": {
    "criteria": {
      "has_tuff": "2024-08-15 02:21:09 +0000"
    },
    "done": true
  },
  "stoneworks:recipes/building_blocks/chiseled_tuff_from_tuff_stonecutting": {
    "criteria": {
      "has_tuff": "2024-08-15 02:21:09 +0000"
    },
    "done": true
  },
  "stoneworks:recipes/building_blocks/polished_tuff_stairs_from_tuff_stonecutting": {
    "criteria": {
      "has_tuff": "2024-08-15 02:21:09 +0000"
    },
    "done": true
  },
  "stoneworks:recipes/building_blocks/tuff_shingles_from_tuff_stonecutting": {
    "criteria": {
      "has_tuff": "2024-08-15 02:21:09 +0000"
    },
    "done": true
  },
  "stoneworks:recipes/building_blocks/cracked_tuff_tiles_from_tuff_stonecutting": {
    "criteria": {
      "has_tuff": "2024-08-15 02:21:09 +0000"
    },
    "done": true
  },
  "stoneworks:recipes/building_blocks/polished_tuff_slab_from_tuff_stonecutting": {
    "criteria": {
      "has_tuff": "2024-08-15 02:21:09 +0000"
    },
    "done": true
  },
  "stoneworks:recipes/building_blocks/mossy_tuff_brick_slab_from_tuff_stonecutting": {
    "criteria": {
      "has_tuff": "2024-08-15 02:21:09 +0000"
    },
    "done": true
  },
  "stoneworks:recipes/building_blocks/tuff_plate_stairs_from_tuff_stonecutting": {
    "criteria": {
      "has_tuff": "2024-08-15 02:21:09 +0000"
    },
    "done": true
  },
  "stoneworks:recipes/building_blocks/tuff_brick_stairs_from_tuff_stonecutting": {
    "criteria": {
      "has_tuff": "2024-08-15 02:21:09 +0000"
    },
    "done": true
  },
  "stoneworks:recipes/building_blocks/cobbled_tuff_slab_from_tuff_stonecutting": {
    "criteria": {
      "has_tuff": "2024-08-15 02:21:09 +0000"
    },
    "done": true
  },
  "stoneworks:recipes/building_blocks/polished_tuff_wall_from_tuff_stonecutting": {
    "criteria": {
      "has_tuff": "2024-08-15 02:21:09 +0000"
    },
    "done": true
  },
  "stoneworks:recipes/building_blocks/tuff_brick_wall_from_tuff_stonecutting": {
    "criteria": {
      "has_tuff": "2024-08-15 02:21:09 +0000"
    },
    "done": true
  },
  "stoneworks:recipes/building_blocks/tuff_tile_wall_from_tuff_stonecutting": {
    "criteria": {
      "has_tuff": "2024-08-15 02:21:09 +0000"
    },
    "done": true
  },
  "stoneworks:recipes/building_blocks/tuff_bricks_from_tuff_stonecutting": {
    "criteria": {
      "has_tuff": "2024-08-15 02:21:09 +0000"
    },
    "done": true
  },
  "stoneworks:recipes/building_blocks/tuff_plate_slab_from_tuff_stonecutting": {
    "criteria": {
      "has_tuff": "2024-08-15 02:21:09 +0000"
    },
    "done": true
  },
  "stoneworks:recipes/building_blocks/cobbled_tuff_wall_from_tuff_stonecutting": {
    "criteria": {
      "has_tuff": "2024-08-15 02:21:09 +0000"
    },
    "done": true
  },
  "stoneworks:recipes/building_blocks/tuff_shingle_wall_from_tuff_stonecutting": {
    "criteria": {
      "has_tuff": "2024-08-15 02:21:09 +0000"
    },
    "done": true
  },
  "stoneworks:recipes/building_blocks/tuff_shingle_stairs_from_tuff_stonecutting": {
    "criteria": {
      "has_tuff": "2024-08-15 02:21:09 +0000"
    },
    "done": true
  },
  "stoneworks:recipes/building_blocks/mossy_tuff_brick_wall_from_tuff_stonecutting": {
    "criteria": {
      "has_tuff": "2024-08-15 02:21:09 +0000"
    },
    "done": true
  },
  "dungeons_arise:find_abandoned_temple": {
    "criteria": {
      "location0": "2024-08-15 02:24:46 +0000"
    },
    "done": true
  },
  "totw_modded:regular_tower": {
    "criteria": {
      "regular": "2024-08-15 02:25:23 +0000"
    },
    "done": true
  },
  "stoneworks:recipes/building_blocks/dark_prismarine_plate_slab_from_dark_prismarine_stonecutting": {
    "criteria": {
      "has_dark_prismarine": "2024-08-15 02:26:19 +0000"
    },
    "done": true
  },
  "stoneworks:recipes/building_blocks/mossy_cobbled_dark_prismarine_slab_from_dark_prismarine_stonecutting": {
    "criteria": {
      "has_dark_prismarine": "2024-08-15 02:26:19 +0000"
    },
    "done": true
  },
  "stoneworks:recipes/building_blocks/raw_dark_prismarine_wall_from_dark_prismarine_stonecutting": {
    "criteria": {
      "has_dark_prismarine": "2024-08-15 02:26:19 +0000"
    },
    "done": true
  },
  "stoneworks:recipes/building_blocks/mossy_cobbled_dark_prismarine_stairs_from_dark_prismarine_stonecutting": {
    "criteria": {
      "has_dark_prismarine": "2024-08-15 02:26:19 +0000"
    },
    "done": true
  },
  "stoneworks:recipes/building_blocks/dark_prismarine_shingle_wall_from_dark_prismarine_stonecutting": {
    "criteria": {
      "has_dark_prismarine": "2024-08-15 02:26:19 +0000"
    },
    "done": true
  },
  "stoneworks:recipes/building_blocks/dark_prismarine_shingles_from_dark_prismarine_stonecutting": {
    "criteria": {
      "has_dark_prismarine": "2024-08-15 02:26:19 +0000"
    },
    "done": true
  },
  "stoneworks:recipes/building_blocks/dark_prismarine_tile_stairs_from_dark_prismarine_stonecutting": {
    "criteria": {
      "has_dark_prismarine": "2024-08-15 02:26:19 +0000"
    },
    "done": true
  },
  "stoneworks:recipes/building_blocks/raw_dark_prismarine_from_dark_prismarine_stonecutting": {
    "criteria": {
      "has_dark_prismarine": "2024-08-15 02:26:19 +0000"
    },
    "done": true
  },
  "stoneworks:recipes/building_blocks/raw_dark_prismarine_stairs_from_dark_prismarine_stonecutting": {
    "criteria": {
      "has_dark_prismarine": "2024-08-15 02:26:19 +0000"
    },
    "done": true
  },
  "minecraft:recipes/building_blocks/dark_prismarine_stairs": {
    "criteria": {
      "has_dark_prismarine": "2024-08-15 02:26:19 +0000"
    },
    "done": true
  },
  "stoneworks:recipes/building_blocks/cracked_dark_prismarine_tiles_from_dark_prismarine_stonecutting": {
    "criteria": {
      "has_dark_prismarine": "2024-08-15 02:26:19 +0000"
    },
    "done": true
  },
  "stoneworks:recipes/building_blocks/dark_prismarine_pillar_from_dark_prismarine_stonecutting": {
    "criteria": {
      "has_dark_prismarine": "2024-08-15 02:26:19 +0000"
    },
    "done": true
  },
  "stoneworks:recipes/building_blocks/cobbled_dark_prismarine_slab_from_dark_prismarine_stonecutting": {
    "criteria": {
      "has_dark_prismarine": "2024-08-15 02:26:19 +0000"
    },
    "done": true
  },
  "stoneworks:recipes/building_blocks/mossy_dark_prismarine_brick_slab_from_dark_prismarine_stonecutting": {
    "criteria": {
      "has_dark_prismarine": "2024-08-15 02:26:19 +0000"
    },
    "done": true
  },
  "stoneworks:recipes/building_blocks/dark_prismarine_tile_wall_from_dark_prismarine_stonecutting": {
    "criteria": {
      "has_dark_prismarine": "2024-08-15 02:26:19 +0000"
    },
    "done": true
  },
  "stoneworks:recipes/building_blocks/dark_prismarine_plate_stairs_from_dark_prismarine_stonecutting": {
    "criteria": {
      "has_dark_prismarine": "2024-08-15 02:26:19 +0000"
    },
    "done": true
  },
  "stoneworks:recipes/building_blocks/dark_prismarine_brick_slab_from_dark_prismarine_stonecutting": {
    "criteria": {
      "has_dark_prismarine": "2024-08-15 02:26:19 +0000"
    },
    "done": true
  },
  "stoneworks:recipes/building_blocks/dark_prismarine_brick_stairs_from_dark_prismarine_stonecutting": {
    "criteria": {
      "has_dark_prismarine": "2024-08-15 02:26:19 +0000"
    },
    "done": true
  },
  "stoneworks:recipes/building_blocks/cobbled_dark_prismarine_stairs_from_dark_prismarine_stonecutting": {
    "criteria": {
      "has_dark_prismarine": "2024-08-15 02:26:19 +0000"
    },
    "done": true
  },
  "stoneworks:recipes/building_blocks/raw_dark_prismarine_slab_from_dark_prismarine_stonecutting": {
    "criteria": {
      "has_dark_prismarine": "2024-08-15 02:26:19 +0000"
    },
    "done": true
  },
  "stoneworks:recipes/building_blocks/mossy_dark_prismarine_bricks_from_dark_prismarine_stonecutting": {
    "criteria": {
      "has_dark_prismarine": "2024-08-15 02:26:19 +0000"
    },
    "done": true
  },
  "stoneworks:recipes/building_blocks/chiseled_dark_prismarine_from_dark_prismarine_stonecutting": {
    "criteria": {
      "has_dark_prismarine": "2024-08-15 02:26:19 +0000"
    },
    "done": true
  },
  "stoneworks:recipes/building_blocks/cracked_dark_prismarine_bricks_from_dark_prismarine_stonecutting": {
    "criteria": {
      "has_dark_prismarine": "2024-08-15 02:26:19 +0000"
    },
    "done": true
  },
  "minecraft:recipes/building_blocks/dark_prismarine_slab": {
    "criteria": {
      "has_dark_prismarine": "2024-08-15 02:26:19 +0000"
    },
    "done": true
  },
  "stoneworks:recipes/building_blocks/cobbled_dark_prismarine_from_dark_prismarine_stonecutting": {
    "criteria": {
      "has_dark_prismarine": "2024-08-15 02:26:19 +0000"
    },
    "done": true
  },
  "stoneworks:recipes/building_blocks/polished_dark_prismarine_wall_from_dark_prismarine_stonecutting": {
    "criteria": {
      "has_dark_prismarine": "2024-08-15 02:26:19 +0000"
    },
    "done": true
  },
  "minecraft:recipes/building_blocks/dark_prismarine_stairs_from_dark_prismarine_stonecutting": {
    "criteria": {
      "has_dark_prismarine": "2024-08-15 02:26:19 +0000"
    },
    "done": true
  },
  "stoneworks:recipes/building_blocks/dark_prismarine_brick_wall_from_dark_prismarine_stonecutting": {
    "criteria": {
      "has_dark_prismarine": "2024-08-15 02:26:19 +0000"
    },
    "done": true
  },
  "stoneworks:recipes/building_blocks/polished_dark_prismarine_stairs_from_dark_prismarine_stonecutting": {
    "criteria": {
      "has_dark_prismarine": "2024-08-15 02:26:19 +0000"
    },
    "done": true
  },
  "stoneworks:recipes/building_blocks/dark_prismarine_tiles_from_dark_prismarine_stonecutting": {
    "criteria": {
      "has_dark_prismarine": "2024-08-15 02:26:19 +0000"
    },
    "done": true
  },
  "stoneworks:recipes/building_blocks/dark_prismarine_tile_slab_from_dark_prismarine_stonecutting": {
    "criteria": {
      "has_dark_prismarine": "2024-08-15 02:26:19 +0000"
    },
    "done": true
  },
  "stoneworks:recipes/building_blocks/dark_prismarine_shingle_stairs_from_dark_prismarine_stonecutting": {
    "criteria": {
      "has_dark_prismarine": "2024-08-15 02:26:19 +0000"
    },
    "done": true
  },
  "stoneworks:recipes/building_blocks/dark_prismarine_plates_from_dark_prismarine_stonecutting": {
    "criteria": {
      "has_dark_prismarine": "2024-08-15 02:26:19 +0000"
    },
    "done": true
  },
  "stoneworks:recipes/building_blocks/mossy_dark_prismarine_brick_stairs_from_dark_prismarine_stonecutting": {
    "criteria": {
      "has_dark_prismarine": "2024-08-15 02:26:19 +0000"
    },
    "done": true
  },
  "stoneworks:recipes/building_blocks/mossy_dark_prismarine_brick_wall_from_dark_prismarine_stonecutting": {
    "criteria": {
      "has_dark_prismarine": "2024-08-15 02:26:19 +0000"
    },
    "done": true
  },
  "stoneworks:recipes/building_blocks/polished_dark_prismarine_from_dark_prismarine_stonecutting": {
    "criteria": {
      "has_dark_prismarine": "2024-08-15 02:26:19 +0000"
    },
    "done": true
  },
  "stoneworks:recipes/building_blocks/polished_dark_prismarine_slab_from_dark_prismarine_stonecutting": {
    "criteria": {
      "has_dark_prismarine": "2024-08-15 02:26:19 +0000"
    },
    "done": true
  },
  "stoneworks:recipes/building_blocks/dark_prismarine_plate_wall_from_dark_prismarine_stonecutting": {
    "criteria": {
      "has_dark_prismarine": "2024-08-15 02:26:19 +0000"
    },
    "done": true
  },
  "stoneworks:recipes/building_blocks/mossy_cobbled_dark_prismarine_from_dark_prismarine_stonecutting": {
    "criteria": {
      "has_dark_prismarine": "2024-08-15 02:26:19 +0000"
    },
    "done": true
  },
  "minecraft:recipes/building_blocks/dark_prismarine_slab_from_dark_prismarine_stonecutting": {
    "criteria": {
      "has_dark_prismarine": "2024-08-15 02:26:19 +0000"
    },
    "done": true
  },
  "stoneworks:recipes/building_blocks/cobbled_dark_prismarine_wall_from_dark_prismarine_stonecutting": {
    "criteria": {
      "has_dark_prismarine": "2024-08-15 02:26:19 +0000"
    },
    "done": true
  },
  "stoneworks:recipes/building_blocks/dark_prismarine_bricks_from_dark_prismarine_stonecutting": {
    "criteria": {
      "has_dark_prismarine": "2024-08-15 02:26:19 +0000"
    },
    "done": true
  },
  "stoneworks:recipes/building_blocks/mossy_cobbled_dark_prismarine_wall_from_dark_prismarine_stonecutting": {
    "criteria": {
      "has_dark_prismarine": "2024-08-15 02:26:19 +0000"
    },
    "done": true
  },
  "stoneworks:recipes/building_blocks/dark_prismarine_shingle_slab_from_dark_prismarine_stonecutting": {
    "criteria": {
      "has_dark_prismarine": "2024-08-15 02:26:19 +0000"
    },
    "done": true
  },
  "minecraft:recipes/redstone/acacia_button": {
    "criteria": {
      "has_planks": "2024-08-15 19:40:59 +0000"
    },
    "done": true
  },
  "minecraft:recipes/building_blocks/stone_bricks": {
    "criteria": {
      "has_stone": "2024-08-15 19:00:50 +0000"
    },
    "done": true
  },
  "minecraft:recipes/building_blocks/polished_deepslate": {
    "criteria": {
      "has_cobbled_deepslate": "2024-08-15 19:02:30 +0000"
    },
    "done": true
  },
  "minecraft:recipes/combat/leather_helmet": {
    "criteria": {
      "has_leather": "2024-08-15 19:02:21 +0000"
    },
    "done": true
  },
  "stoneworks:recipes/building_blocks/stone_pavers_from_stone_stonecutting": {
    "criteria": {
      "has_stone": "2024-08-15 19:00:50 +0000"
    },
    "done": true
  },
  "minecraft:recipes/building_blocks/lime_terracotta": {
    "criteria": {
      "has_terracotta": "2024-08-15 19:19:42 +0000"
    },
    "done": true
  },
  "minecraft:recipes/building_blocks/light_gray_terracotta": {
    "criteria": {
      "has_terracotta": "2024-08-15 19:19:42 +0000"
    },
    "done": true
  },
  "minecraft:recipes/building_blocks/deepslate_tile_stairs_from_cobbled_deepslate_stonecutting": {
    "criteria": {
      "has_cobbled_deepslate": "2024-08-15 19:02:30 +0000"
    },
    "done": true
  },
  "iceandfire:recipes/misc/dragon_meal": {
    "criteria": {
      "has_item": "2024-08-15 19:00:10 +0000"
    },
    "done": true
  },
  "minecraft:recipes/combat/leather_leggings": {
    "criteria": {
      "has_leather": "2024-08-15 19:02:21 +0000"
    },
    "done": true
  },
  "stoneworks:recipes/building_blocks/stone_plates_from_stone_stonecutting": {
    "criteria": {
      "has_stone": "2024-08-15 19:00:50 +0000"
    },
    "done": true
  },
  "minecraft:recipes/combat/diamond_leggings": {
    "criteria": {
      "has_diamond": "2024-08-15 18:47:47 +0000"
    },
    "done": true
  },
  "dungeons_arise:find_thornborn_towers": {
    "criteria": {
      "location0": "2024-08-15 18:57:40 +0000"
    },
    "done": true
  },
  "minecraft:recipes/redstone/dark_oak_fence_gate": {
    "criteria": {
      "has_planks": "2024-08-15 19:22:20 +0000"
    },
    "done": true
  },
  "minecraft:recipes/misc/blue_dye": {
    "criteria": {
      "has_lapis_lazuli": "2024-08-15 18:24:32 +0000"
    },
    "done": true
  },
  "stoneworks:recipes/building_blocks/stone_shingle_slab_from_stone_stonecutting": {
    "criteria": {
      "has_stone": "2024-08-15 19:00:50 +0000"
    },
    "done": true
  },
  "nova_structures:adventure/find_all_illager_structures": {
    "criteria": {
      "illager_camp": "2024-08-15 18:22:22 +0000"
    },
    "done": false
  },
  "minecraft:recipes/redstone/acacia_pressure_plate": {
    "criteria": {
      "has_planks": "2024-08-15 19:40:59 +0000"
    },
    "done": true
  },
  "minecraft:recipes/building_blocks/jungle_wood": {
    "criteria": {
      "has_log": "2024-08-15 18:54:17 +0000"
    },
    "done": true
  },
  "minecraft:recipes/redstone/dark_oak_trapdoor": {
    "criteria": {
      "has_planks": "2024-08-15 19:22:20 +0000"
    },
    "done": true
  },
  "minecraft:recipes/building_blocks/deepslate_brick_stairs_from_cobbled_deepslate_stonecutting": {
    "criteria": {
      "has_cobbled_deepslate": "2024-08-15 19:02:30 +0000"
    },
    "done": true
  },
  "minecraft:recipes/misc/book": {
    "criteria": {
      "has_paper": "2024-08-15 19:27:44 +0000"
    },
    "done": true
  },
  "minecraft:recipes/building_blocks/lapis_block": {
    "criteria": {
      "has_lapis_lazuli": "2024-08-15 18:24:32 +0000"
    },
    "done": true
  },
  "minecraft:recipes/misc/gold_nugget_from_smelting": {
    "criteria": {
      "has_golden_pickaxe": "2024-08-15 18:21:30 +0000"
    },
    "done": true
  },
  "minecraft:recipes/combat/diamond_sword": {
    "criteria": {
      "has_diamond": "2024-08-15 18:47:47 +0000"
    },
    "done": true
  },
  "minecraft:recipes/decorations/jukebox": {
    "criteria": {
      "has_diamond": "2024-08-15 18:47:47 +0000"
    },
    "done": true
  },
  "ironchest:recipes/decorations/chests/diamond_obsidian_chest": {
    "criteria": {
      "has_obsidian": "2024-08-15 18:21:30 +0000"
    },
    "done": true
  },
  "iceandfire:recipes/misc/blindfold": {
    "criteria": {
      "has_item": "2024-08-15 19:02:21 +0000"
    },
    "done": true
  },
  "minecraft:recipes/building_blocks/acacia_slab": {
    "criteria": {
      "has_planks": "2024-08-15 19:40:59 +0000"
    },
    "done": true
  },
  "minecraft:recipes/combat/diamond_chestplate": {
    "criteria": {
      "has_diamond": "2024-08-15 18:47:47 +0000"
    },
    "done": true
  },
  "minecraft:recipes/decorations/end_crystal": {
    "criteria": {
      "has_ender_eye": "2024-08-15 19:34:55 +0000"
    },
    "done": true
  },
  "minecraft:recipes/decorations/spruce_sign": {
    "criteria": {
      "has_planks": "2024-08-15 18:38:13 +0000"
    },
    "done": true
  },
  "minecraft:recipes/building_blocks/stone_bricks_from_stone_stonecutting": {
    "criteria": {
      "has_stone": "2024-08-15 19:00:50 +0000"
    },
    "done": true
  },
  "minecraft:recipes/building_blocks/red_terracotta": {
    "criteria": {
      "has_terracotta": "2024-08-15 19:19:42 +0000"
    },
    "done": true
  },
  "minecraft:recipes/building_blocks/stone_slab": {
    "criteria": {
      "has_stone": "2024-08-15 19:00:50 +0000"
    },
    "done": true
  },
  "minecraft:recipes/misc/gold_nugget_from_blasting": {
    "criteria": {
      "has_golden_pickaxe": "2024-08-15 18:21:30 +0000"
    },
    "done": true
  },
  "minecraft:recipes/redstone/acacia_trapdoor": {
    "criteria": {
      "has_planks": "2024-08-15 19:40:59 +0000"
    },
    "done": true
  },
  "minecraft:recipes/building_blocks/black_terracotta": {
    "criteria": {
      "has_terracotta": "2024-08-15 19:19:42 +0000"
    },
    "done": true
  },
  "minecraft:recipes/combat/leather_chestplate": {
    "criteria": {
      "has_leather": "2024-08-15 19:02:21 +0000"
    },
    "done": true
  },
  "minecraft:adventure/shoot_arrow": {
    "criteria": {
      "shot_arrow": "2024-08-15 18:52:14 +0000"
    },
    "done": true
  },
  "stoneworks:recipes/building_blocks/stone_shingles_from_stone_stonecutting": {
    "criteria": {
      "has_stone": "2024-08-15 19:00:50 +0000"
    },
    "done": true
  },
  "stoneworks:recipes/building_blocks/stone_tile_stairs_from_stone_stonecutting": {
    "criteria": {
      "has_stone": "2024-08-15 19:00:50 +0000"
    },
    "done": true
  },
  "minecraft:recipes/building_blocks/chiseled_deepslate_from_cobbled_deepslate_stonecutting": {
    "criteria": {
      "has_cobbled_deepslate": "2024-08-15 19:02:30 +0000"
    },
    "done": true
  },
  "stoneworks:recipes/building_blocks/stone_paver_wall_from_stone_stonecutting": {
    "criteria": {
      "has_stone": "2024-08-15 19:00:50 +0000"
    },
    "done": true
  },
  "minecraft:recipes/building_blocks/cobbled_deepslate_slab": {
    "criteria": {
      "has_cobbled_deepslate": "2024-08-15 19:02:30 +0000"
    },
    "done": true
  },
  "minecraft:recipes/redstone/dark_oak_button": {
    "criteria": {
      "has_planks": "2024-08-15 19:22:20 +0000"
    },
    "done": true
  },
  "minecraft:recipes/building_blocks/pink_terracotta": {
    "criteria": {
      "has_terracotta": "2024-08-15 19:19:42 +0000"
    },
    "done": true
  },
  "minecraft:recipes/decorations/cobbled_deepslate_wall_from_cobbled_deepslate_stonecutting": {
    "criteria": {
      "has_cobbled_deepslate": "2024-08-15 19:02:30 +0000"
    },
    "done": true
  },
  "minecraft:recipes/building_blocks/stone_stairs_from_stone_stonecutting": {
    "criteria": {
      "has_stone": "2024-08-15 19:00:50 +0000"
    },
    "done": true
  },
  "minecraft:recipes/misc/red_dye_from_rose_bush": {
    "criteria": {
      "has_rose_bush": "2024-08-15 19:53:32 +0000"
    },
    "done": true
  },
  "minecraft:adventure/sleep_in_bed": {
    "criteria": {
      "slept_in_bed": "2024-08-15 18:20:37 +0000"
    },
    "done": true
  },
  "minecraft:recipes/tools/diamond_pickaxe": {
    "criteria": {
      "has_diamond": "2024-08-15 18:47:47 +0000"
    },
    "done": true
  },
  "minecraft:recipes/building_blocks/birch_wood": {
    "criteria": {
      "has_log": "2024-08-15 19:12:15 +0000"
    },
    "done": true
  },
  "minecraft:recipes/misc/black_dye_from_wither_rose": {
    "criteria": {
      "has_wither_rose": "2024-08-15 19:51:48 +0000"
    },
    "done": true
  },
  "minecraft:recipes/redstone/stone_button": {
    "criteria": {
      "has_stone": "2024-08-15 19:00:50 +0000"
    },
    "done": true
  },
  "minecraft:recipes/decorations/cobbled_deepslate_wall": {
    "criteria": {
      "has_cobbled_deepslate": "2024-08-15 19:02:30 +0000"
    },
    "done": true
  },
  "stoneworks:recipes/building_blocks/stone_paver_stairs_from_stone_stonecutting": {
    "criteria": {
      "has_stone": "2024-08-15 19:00:50 +0000"
    },
    "done": true
  },
  "minecraft:recipes/decorations/polished_deepslate_wall_from_cobbled_deepslate_stonecutting": {
    "criteria": {
      "has_cobbled_deepslate": "2024-08-15 19:02:30 +0000"
    },
    "done": true
  },
  "minecraft:recipes/building_blocks/blue_terracotta": {
    "criteria": {
      "has_terracotta": "2024-08-15 19:19:42 +0000"
    },
    "done": true
  },
  "minecraft:recipes/building_blocks/light_blue_terracotta": {
    "criteria": {
      "has_terracotta": "2024-08-15 19:19:42 +0000"
    },
    "done": true
  },
  "minecraft:recipes/decorations/stonecutter": {
    "criteria": {
      "has_stone": "2024-08-15 19:00:50 +0000"
    },
    "done": true
  },
  "stoneworks:recipes/building_blocks/stone_pillar_from_stone_stonecutting": {
    "criteria": {
      "has_stone": "2024-08-15 19:00:50 +0000"
    },
    "done": true
  },
  "minecraft:recipes/redstone/stone_pressure_plate": {
    "criteria": {
      "has_stone": "2024-08-15 19:00:50 +0000"
    },
    "done": true
  },
  "minecraft:recipes/misc/sugar_from_honey_bottle": {
    "criteria": {
      "has_honey_bottle": "2024-08-15 19:34:45 +0000"
    },
    "done": true
  },
  "iceandfire:recipes/food/ambrosia": {
    "criteria": {
      "has_item": "2024-08-15 18:57:02 +0000"
    },
    "done": true
  },
  "minecraft:recipes/building_blocks/acacia_stairs": {
    "criteria": {
      "has_planks": "2024-08-15 19:40:59 +0000"
    },
    "done": true
  },
  "minecraft:recipes/building_blocks/yellow_terracotta": {
    "criteria": {
      "has_terracotta": "2024-08-15 19:19:42 +0000"
    },
    "done": true
  },
  "minecraft:recipes/building_blocks/purple_terracotta": {
    "criteria": {
      "has_terracotta": "2024-08-15 19:19:42 +0000"
    },
    "done": true
  },
  "minecraft:recipes/redstone/honey_block": {
    "criteria": {
      "has_honey_bottle": "2024-08-15 19:34:45 +0000"
    },
    "done": true
  },
  "minecraft:recipes/building_blocks/smooth_stone": {
    "criteria": {
      "has_stone": "2024-08-15 19:00:50 +0000"
    },
    "done": true
  },
  "minecraft:recipes/redstone/jungle_button": {
    "criteria": {
      "has_planks": "2024-08-15 18:54:56 +0000"
    },
    "done": true
  },
  "minecraft:recipes/misc/leather_horse_armor": {
    "criteria": {
      "has_leather": "2024-08-15 19:02:21 +0000"
    },
    "done": true
  },
  "minecraft:recipes/redstone/target": {
    "criteria": {
      "has_hay_block": "2024-08-15 19:02:48 +0000"
    },
    "done": true
  },
  "minecraft:recipes/building_blocks/cobbled_deepslate_stairs_from_cobbled_deepslate_stonecutting": {
    "criteria": {
      "has_cobbled_deepslate": "2024-08-15 19:02:30 +0000"
    },
    "done": true
  },
  "minecraft:recipes/redstone/acacia_door": {
    "criteria": {
      "has_planks": "2024-08-15 19:40:59 +0000"
    },
    "done": true
  },
  "minecraft:recipes/decorations/spruce_fence": {
    "criteria": {
      "has_planks": "2024-08-15 18:38:13 +0000"
    },
    "done": true
  },
  "minecraft:recipes/tools/diamond_hoe": {
    "criteria": {
      "has_diamond": "2024-08-15 18:47:47 +0000"
    },
    "done": true
  },
  "minecraft:recipes/building_blocks/dark_oak_stairs": {
    "criteria": {
      "has_planks": "2024-08-15 19:22:20 +0000"
    },
    "done": true
  },
  "minecraft:recipes/tools/diamond_shovel": {
    "criteria": {
      "has_diamond": "2024-08-15 18:47:47 +0000"
    },
    "done": true
  },
  "minecraft:recipes/building_blocks/deepslate": {
    "criteria": {
      "has_cobbled_deepslate": "2024-08-15 19:02:30 +0000"
    },
    "done": true
  },
  "minecraft:recipes/misc/paper": {
    "criteria": {
      "has_reeds": "2024-08-15 19:24:58 +0000"
    },
    "done": true
  },
  "minecraft:recipes/redstone/acacia_fence_gate": {
    "criteria": {
      "has_planks": "2024-08-15 19:40:59 +0000"
    },
    "done": true
  },
  "minecraft:recipes/building_blocks/spruce_slab": {
    "criteria": {
      "has_planks": "2024-08-15 18:38:13 +0000"
    },
    "done": true
  },
  "minecraft:recipes/tools/lead": {
    "criteria": {
      "has_slime_ball": "2024-08-15 19:34:54 +0000"
    },
    "done": true
  },
  "minecraft:recipes/building_blocks/polished_deepslate_stairs_from_cobbled_deepslate_stonecutting": {
    "criteria": {
      "has_cobbled_deepslate": "2024-08-15 19:02:30 +0000"
    },
    "done": true
  },
  "stoneworks:recipes/building_blocks/stone_shingle_wall_from_stone_stonecutting": {
    "criteria": {
      "has_stone": "2024-08-15 19:00:50 +0000"
    },
    "done": true
  },
  "minecraft:recipes/redstone/dark_oak_pressure_plate": {
    "criteria": {
      "has_planks": "2024-08-15 19:22:20 +0000"
    },
    "done": true
  },
  "minecraft:recipes/decorations/stone_brick_walls_from_stone_stonecutting": {
    "criteria": {
      "has_stone": "2024-08-15 19:00:50 +0000"
    },
    "done": true
  },
  "minecraft:recipes/building_blocks/jungle_stairs": {
    "criteria": {
      "has_planks": "2024-08-15 18:54:56 +0000"
    },
    "done": true
  },
  "minecraft:recipes/redstone/jungle_fence_gate": {
    "criteria": {
      "has_planks": "2024-08-15 18:54:56 +0000"
    },
    "done": true
  },
  "minecraft:recipes/decorations/dark_oak_fence": {
    "criteria": {
      "has_planks": "2024-08-15 19:22:20 +0000"
    },
    "done": true
  },
  "minecraft:recipes/combat/diamond_boots": {
    "criteria": {
      "has_diamond": "2024-08-15 18:47:47 +0000"
    },
    "done": true
  },
  "minecraft:recipes/building_blocks/dark_oak_slab": {
    "criteria": {
      "has_planks": "2024-08-15 19:22:20 +0000"
    },
    "done": true
  },
  "minecraft:recipes/redstone/spruce_button": {
    "criteria": {
      "has_planks": "2024-08-15 18:38:13 +0000"
    },
    "done": true
  },
  "nova_structures:root": {
    "criteria": {
      "nova_structures:adventure/find_tavern": "2024-08-15 18:18:38 +0000"
    },
    "done": true
  },
  "minecraft:recipes/building_blocks/stone_brick_slab_from_stone_stonecutting": {
    "criteria": {
      "has_stone": "2024-08-15 19:00:50 +0000"
    },
    "done": true
  },
  "minecraft:recipes/building_blocks/dark_oak_planks": {
    "criteria": {
      "has_log": "2024-08-15 19:21:53 +0000"
    },
    "done": true
  },
  "minecraft:recipes/redstone/dark_oak_door": {
    "criteria": {
      "has_planks": "2024-08-15 19:22:20 +0000"
    },
    "done": true
  },
  "ironchest:recipes/decorations/chests/vanilla_dirt_chest": {
    "criteria": {
      "has_iron_ingot": "2024-08-15 18:44:08 +0000"
    },
    "done": true
  },
  "minecraft:recipes/decorations/deepslate_brick_wall_from_cobbled_deepslate_stonecutting": {
    "criteria": {
      "has_cobbled_deepslate": "2024-08-15 19:02:30 +0000"
    },
    "done": true
  },
  "minecraft:recipes/building_blocks/stone_brick_stairs_from_stone_stonecutting": {
    "criteria": {
      "has_stone": "2024-08-15 19:00:50 +0000"
    },
    "done": true
  },
  "minecraft:recipes/building_blocks/polished_deepslate_from_cobbled_deepslate_stonecutting": {
    "criteria": {
      "has_cobbled_deepslate": "2024-08-15 19:02:30 +0000"
    },
    "done": true
  },
  "sophisticatedbackpacks:recipes/misc/backpack": {
    "criteria": {
      "has_leather": "2024-08-15 19:02:21 +0000"
    },
    "done": true
  },
  "minecraft:recipes/food/cooked_beef_from_smoking": {
    "criteria": {
      "has_beef": "2024-08-15 19:09:02 +0000"
    },
    "done": true
  },
  "minecraft:recipes/building_blocks/polished_deepslate_slab_from_cobbled_deepslate_stonecutting": {
    "criteria": {
      "has_cobbled_deepslate": "2024-08-15 19:02:30 +0000"
    },
    "done": true
  },
  "minecraft:recipes/building_blocks/jungle_planks": {
    "criteria": {
      "has_logs": "2024-08-15 18:54:17 +0000"
    },
    "done": true
  },
  "minecraft:recipes/building_blocks/birch_planks": {
    "criteria": {
      "has_logs": "2024-08-15 19:12:15 +0000"
    },
    "done": true
  },
  "stoneworks:recipes/building_blocks/stone_tile_slab_from_stone_stonecutting": {
    "criteria": {
      "has_stone": "2024-08-15 19:00:50 +0000"
    },
    "done": true
  },
  "minecraft:recipes/redstone/spruce_pressure_plate": {
    "criteria": {
      "has_planks": "2024-08-15 18:38:13 +0000"
    },
    "done": true
  },
  "minecraft:recipes/redstone/sticky_piston": {
    "criteria": {
      "has_slime_ball": "2024-08-15 19:34:54 +0000"
    },
    "done": true
  },
  "minecraft:recipes/brewing/fermented_spider_eye": {
    "criteria": {
      "has_spider_eye": "2024-08-15 19:38:23 +0000"
    },
    "done": true
  },
  "minecraft:recipes/building_blocks/deepslate_brick_slab_from_cobbled_deepslate_stonecutting": {
    "criteria": {
      "has_cobbled_deepslate": "2024-08-15 19:02:30 +0000"
    },
    "done": true
  },
  "minecraft:recipes/decorations/acacia_sign": {
    "criteria": {
      "has_planks": "2024-08-15 19:40:59 +0000"
    },
    "done": true
  },
  "lootr:50loot": {
    "criteria": {
      "loot_stat": "2024-08-15 18:52:37 +0000"
    },
    "done": true
  },
  "minecraft:recipes/building_blocks/cobbled_deepslate_slab_from_cobbled_deepslate_stonecutting": {
    "criteria": {
      "has_cobbled_deepslate": "2024-08-15 19:02:30 +0000"
    },
    "done": true
  },
  "stoneworks:recipes/building_blocks/stone_tile_wall_from_stone_stonecutting": {
    "criteria": {
      "has_stone": "2024-08-15 19:00:50 +0000"
    },
    "done": true
  },
  "minecraft:recipes/building_blocks/white_terracotta": {
    "criteria": {
      "has_terracotta": "2024-08-15 19:19:42 +0000"
    },
    "done": true
  },
  "nova_structures:adventure/find_tavern": {
    "criteria": {
      "nova_structures:tavern_acacia": "2024-08-15 18:18:38 +0000"
    },
    "done": true
  },
  "stoneworks:recipes/building_blocks/stone_shingle_stairs_from_stone_stonecutting": {
    "criteria": {
      "has_stone": "2024-08-15 19:00:50 +0000"
    },
    "done": true
  },
  "minecraft:recipes/building_blocks/stone_slab_from_stone_stonecutting": {
    "criteria": {
      "has_stone": "2024-08-15 19:00:50 +0000"
    },
    "done": true
  },
  "minecraft:recipes/building_blocks/deepslate_tile_slab_from_cobbled_deepslate_stonecutting": {
    "criteria": {
      "has_cobbled_deepslate": "2024-08-15 19:02:30 +0000"
    },
    "done": true
  },
  "minecraft:recipes/tools/flint_and_steel": {
    "criteria": {
      "has_obsidian": "2024-08-15 18:21:30 +0000"
    },
    "done": true
  },
  "totw_modded:jungle_tower": {
    "criteria": {
      "jungle": "2024-08-15 18:44:29 +0000"
    },
    "done": true
  },
  "minecraft:recipes/misc/sugar_from_sugar_cane": {
    "criteria": {
      "has_sugar_cane": "2024-08-15 19:24:58 +0000"
    },
    "done": true
  },
  "minecraft:recipes/redstone/jungle_trapdoor": {
    "criteria": {
      "has_planks": "2024-08-15 18:54:56 +0000"
    },
    "done": true
  },
  "minecraft:recipes/building_blocks/orange_terracotta": {
    "criteria": {
      "has_terracotta": "2024-08-15 19:19:42 +0000"
    },
    "done": true
  },
  "minecraft:recipes/building_blocks/cobbled_deepslate_stairs": {
    "criteria": {
      "has_cobbled_deepslate": "2024-08-15 19:02:30 +0000"
    },
    "done": true
  },
  "constructionwand:recipes/tools/diamond_wand": {
    "criteria": {
      "has_item": "2024-08-15 18:47:47 +0000"
    },
    "done": true
  },
  "minecraft:recipes/building_blocks/dark_oak_wood": {
    "criteria": {
      "has_log": "2024-08-15 19:21:53 +0000"
    },
    "done": true
  },
  "stoneworks:recipes/building_blocks/stone_paver_slab_from_stone_stonecutting": {
    "criteria": {
      "has_stone": "2024-08-15 19:00:50 +0000"
    },
    "done": true
  },
  "minecraft:recipes/decorations/item_frame": {
    "criteria": {
      "has_leather": "2024-08-15 19:02:21 +0000"
    },
    "done": true
  },
  "lootr:25loot": {
    "criteria": {
      "loot_stat": "2024-08-15 18:16:31 +0000"
    },
    "done": true
  },
  "minecraft:recipes/combat/diamond_helmet": {
    "criteria": {
      "has_diamond": "2024-08-15 18:47:47 +0000"
    },
    "done": true
  },
  "stoneworks:recipes/building_blocks/cracked_stone_tiles_from_stone_stonecutting": {
    "criteria": {
      "has_stone": "2024-08-15 19:00:50 +0000"
    },
    "done": true
  },
  "minecraft:recipes/decorations/jungle_sign": {
    "criteria": {
      "has_planks": "2024-08-15 18:54:56 +0000"
    },
    "done": true
  },
  "sophisticatedbackpacks:recipes/misc/upgrade_base": {
    "criteria": {
      "has_leather": "2024-08-15 19:02:21 +0000"
    },
    "done": true
  },
  "minecraft:story/form_obsidian": {
    "criteria": {
      "obsidian": "2024-08-15 18:21:30 +0000"
    },
    "done": true
  },
  "minecraft:recipes/redstone/jungle_door": {
    "criteria": {
      "has_planks": "2024-08-15 18:54:56 +0000"
    },
    "done": true
  },
  "minecraft:recipes/redstone/spruce_trapdoor": {
    "criteria": {
      "has_planks": "2024-08-15 18:38:13 +0000"
    },
    "done": true
  },
  "sophisticatedbackpacks:recipes/misc/copper_backpack": {
    "criteria": {
      "has_backpack": "2024-08-15 19:12:23 +0000"
    },
    "done": true
  },
  "minecraft:recipes/redstone/spruce_door": {
    "criteria": {
      "has_planks": "2024-08-15 18:38:13 +0000"
    },
    "done": true
  },
  "minecraft:recipes/redstone/spruce_fence_gate": {
    "criteria": {
      "has_planks": "2024-08-15 18:38:13 +0000"
    },
    "done": true
  },
  "minecraft:recipes/building_blocks/chiseled_stone_bricks_stone_from_stonecutting": {
    "criteria": {
      "has_stone": "2024-08-15 19:00:50 +0000"
    },
    "done": true
  },
  "minecraft:recipes/redstone/redstone_lamp": {
    "criteria": {
      "has_glowstone": "2024-08-15 18:18:09 +0000"
    },
    "done": true
  },
  "minecraft:recipes/redstone/dispenser": {
    "criteria": {
      "has_bow": "2024-08-15 18:10:50 +0000"
    },
    "done": true
  },
  "stoneworks:recipes/building_blocks/stone_tiles_from_stone_stonecutting": {
    "criteria": {
      "has_stone": "2024-08-15 19:00:50 +0000"
    },
    "done": true
  },
  "stoneworks:recipes/building_blocks/stone_plate_slab_from_stone_stonecutting": {
    "criteria": {
      "has_stone": "2024-08-15 19:00:50 +0000"
    },
    "done": true
  },
  "minecraft:recipes/building_blocks/magenta_terracotta": {
    "criteria": {
      "has_terracotta": "2024-08-15 19:19:42 +0000"
    },
    "done": true
  },
  "minecraft:recipes/decorations/acacia_fence": {
    "criteria": {
      "has_planks": "2024-08-15 19:40:59 +0000"
    },
    "done": true
  },
  "minecraft:recipes/brewing/cauldron": {
    "criteria": {
      "has_water_bucket": "2024-08-15 18:40:52 +0000"
    },
    "done": true
  },
  "minecraft:recipes/decorations/jungle_fence": {
    "criteria": {
      "has_planks": "2024-08-15 18:54:56 +0000"
    },
    "done": true
  },
  "stoneworks:recipes/building_blocks/stone_plate_stairs_from_stone_stonecutting": {
    "criteria": {
      "has_stone": "2024-08-15 19:00:50 +0000"
    },
    "done": true
  },
  "minecraft:recipes/building_blocks/cyan_terracotta": {
    "criteria": {
      "has_terracotta": "2024-08-15 19:19:42 +0000"
    },
    "done": true
  },
  "minecraft:recipes/redstone/jungle_pressure_plate": {
    "criteria": {
      "has_planks": "2024-08-15 18:54:56 +0000"
    },
    "done": true
  },
  "minecraft:recipes/decorations/deepslate_tile_wall_from_cobbled_deepslate_stonecutting": {
    "criteria": {
      "has_cobbled_deepslate": "2024-08-15 19:02:30 +0000"
    },
    "done": true
  },
  "minecraft:recipes/redstone/slime_block": {
    "criteria": {
      "has_slime_ball": "2024-08-15 19:34:54 +0000"
    },
    "done": true
  },
  "minecraft:recipes/decorations/cartography_table": {
    "criteria": {
      "has_paper": "2024-08-15 19:27:44 +0000"
    },
    "done": true
  },
  "sophisticatedbackpacks:recipes/misc/gold_backpack": {
    "criteria": {
      "has_iron_backpack": "2024-08-15 19:18:46 +0000"
    },
    "done": true
  },
  "minecraft:recipes/building_blocks/deepslate_bricks_from_cobbled_deepslate_stonecutting": {
    "criteria": {
      "has_cobbled_deepslate": "2024-08-15 19:02:30 +0000"
    },
    "done": true
  },
  "minecraft:recipes/combat/leather_boots": {
    "criteria": {
      "has_leather": "2024-08-15 19:02:21 +0000"
    },
    "done": true
  },
  "minecraft:recipes/building_blocks/diamond_block": {
    "criteria": {
      "has_diamond": "2024-08-15 18:47:47 +0000"
    },
    "done": true
  },
  "ironchest:recipes/decorations/chests/gold_diamond_chest": {
    "criteria": {
      "has_diamonds": "2024-08-15 18:47:47 +0000"
    },
    "done": true
  },
  "stoneworks:recipes/building_blocks/stone_plate_wall_from_stone_stonecutting": {
    "criteria": {
      "has_stone": "2024-08-15 19:00:50 +0000"
    },
    "done": true
  },
  "minecraft:recipes/misc/wheat": {
    "criteria": {
      "has_hay_block": "2024-08-15 19:02:48 +0000"
    },
    "done": true
  },
  "minecraft:recipes/misc/firework_rocket_simple": {
    "criteria": {
      "has_gunpowder": "2024-08-15 18:18:13 +0000"
    },
    "done": true
  },
  "minecraft:recipes/building_blocks/gray_terracotta": {
    "criteria": {
      "has_terracotta": "2024-08-15 19:19:42 +0000"
    },
    "done": true
  },
  "minecraft:recipes/building_blocks/deepslate_tiles_from_cobbled_deepslate_stonecutting": {
    "criteria": {
      "has_cobbled_deepslate": "2024-08-15 19:02:30 +0000"
    },
    "done": true
  },
  "minecraft:recipes/redstone/tnt": {
    "criteria": {
      "has_gunpowder": "2024-08-15 18:18:13 +0000"
    },
    "done": true
  },
  "minecraft:recipes/decorations/enchanting_table": {
    "criteria": {
      "has_obsidian": "2024-08-15 18:21:30 +0000"
    },
    "done": true
  },
  "minecraft:recipes/decorations/ender_chest": {
    "criteria": {
      "has_ender_eye": "2024-08-15 19:34:55 +0000"
    },
    "done": true
  },
  "minecraft:recipes/decorations/dark_oak_sign": {
    "criteria": {
      "has_planks": "2024-08-15 19:22:20 +0000"
    },
    "done": true
  },
  "minecraft:recipes/building_blocks/spruce_stairs": {
    "criteria": {
      "has_planks": "2024-08-15 18:38:13 +0000"
    },
    "done": true
  },
  "minecraft:story/mine_diamond": {
    "criteria": {
      "diamond": "2024-08-15 18:47:47 +0000"
    },
    "done": true
  },
  "minecraft:recipes/tools/diamond_axe": {
    "criteria": {
      "has_diamond": "2024-08-15 18:47:47 +0000"
    },
    "done": true
  },
  "minecraft:recipes/building_blocks/green_terracotta": {
    "criteria": {
      "has_terracotta": "2024-08-15 19:19:42 +0000"
    },
    "done": true
  },
  "minecraft:recipes/building_blocks/brown_terracotta": {
    "criteria": {
      "has_terracotta": "2024-08-15 19:19:42 +0000"
    },
    "done": true
  },
  "minecraft:recipes/building_blocks/jungle_slab": {
    "criteria": {
      "has_planks": "2024-08-15 18:54:56 +0000"
    },
    "done": true
  },
  "minecraft:recipes/building_blocks/acacia_planks": {
    "criteria": {
      "has_log": "2024-08-15 19:34:18 +0000"
    },
    "done": true
  },
  "minecraft:recipes/food/cooked_beef": {
    "criteria": {
      "has_beef": "2024-08-15 19:09:02 +0000"
    },
    "done": true
  },
  "minecraft:recipes/misc/iron_ingot_from_nuggets": {
    "criteria": {
      "has_iron_nugget": "2024-08-15 18:24:33 +0000"
    },
    "done": true
  },
  "minecraft:recipes/building_blocks/stone_stairs": {
    "criteria": {
      "has_stone": "2024-08-15 19:00:50 +0000"
    },
    "done": true
  },
  "minecraft:recipes/food/cooked_beef_from_campfire_cooking": {
    "criteria": {
      "has_beef": "2024-08-15 19:09:02 +0000"
    },
    "done": true
  },
  "sophisticatedbackpacks:recipes/misc/iron_backpack": {
    "criteria": {
      "has_backpack": "2024-08-15 19:12:23 +0000"
    },
    "done": true
  },
  "DataVersion": 3465
}